/** @file 

  Implements custom fonts for the Window Manager's Caption text.

  Copyright (c) 2015, Microsoft Corporation. All rights reserved.<BR>

  Generated by FontConvert on 11/6/2016 11:49:14 AM
  Selected font is Segoe UI, 72pt
    - Proportional font
        Cell Width      = 88
        Cell Height     = 96
        baseline        = 77
        lineheight      = 99
**/

#include <Uefi/UefiInternalFormRepresentation.h>

//

// Standard Alphanumeric + Punctuation:
// ---------------------------------------------------------------

//

#define MS_UI_CUSTOM_FONT_Segoe_UI_72pt_CELL_HEIGHT        96
#define MS_UI_CUSTOM_FONT_Segoe_UI_72pt_CELL_WIDTH         88
#define MS_UI_CUSTOM_FONT_Segoe_UI_72pt_MAX_ADVANCE        96

// NOTE: Don't define as a constant since we're updating structure size elements elsewhere.
//
MS_UI_FONT_PACKAGE_HEADER mMsUiFontPackageHdr_Segoe_UI_72pt =
{
    {
        {
            0,                                              // Size of this single font package in bytes (Filled in later).
            EFI_HII_PACKAGE_FONTS,                          // Font package.
        },
        sizeof(MS_UI_FONT_PACKAGE_HEADER),                    // Size of header in bytes.
        sizeof(MS_UI_FONT_PACKAGE_HEADER),                    // Offset in bytes to the start of the package data.
        {
            MS_UI_CUSTOM_FONT_Segoe_UI_72pt_CELL_WIDTH,        // Maximum font width.
            MS_UI_CUSTOM_FONT_Segoe_UI_72pt_CELL_HEIGHT,       // Maximum font height.
            0,                                              // Offset to the vertical edge of the character cell.
            0,                                              // Offset to the horizontal edge of the character cell.
            MS_UI_CUSTOM_FONT_Segoe_UI_72pt_MAX_ADVANCE,       // Number of pixels to advance horizontally when moving from origin to next glyph.
        },
        EFI_HII_FONT_STYLE_NORMAL,                          // Font style (i.e., normal, bold, italic, etc.)
        L'S',                                               // Font Family name.
    },
    L"urfaceSegoe_UI_72pt"                                        // Font Family name continued.
};


UINT8 mMsUiFontPackageGlyphs_Segoe_UI_72pt[] =
{
// Capture settings:

//     Font            = Segoe UI, 72pt

    EFI_HII_GIBT_SKIP2,                    // Skip 31 Unicode characters.
    0x1F,
    0x00,
    EFI_HII_GIBT_GLYPH,
    0x01,          // Cell width in pixels.
    0x00,
    0x01,          // Cell height in pixels.
    0x00,
    0x00,          // Horizontal offset from cell boundary to start of glyph.
    0x00,
    0x00,          // Vertical offset from cell boundary to start of glyph.
    0x00,
    0x1A,          // Number of pixels to the right to advance to next glyph.
    0x00,
    0x00,          // Character: ' ' (0x0020)
    EFI_HII_GIBT_GLYPH,
    0x0B,          // Cell width in pixels.
    0x00,
    0x44,          // Cell height in pixels.
    0x00,
    0x08,          // Horizontal offset from cell boundary to start of glyph.
    0x00,
    0x00,          // Vertical offset from cell boundary to start of glyph.
    0x00,
    0x1B,          // Number of pixels to the right to advance to next glyph.
    0x00,
    0x7F, 0x80,          // Character: '!' (0x0021)
    0x7F, 0x80, 
    0x7F, 0x80, 
    0x7F, 0x80, 
    0x7F, 0x80, 
    0x7F, 0x80, 
    0x7F, 0x80, 
    0x7F, 0x80, 
    0x7F, 0x80, 
    0x7F, 0x80, 
    0x7F, 0x80, 
    0x7F, 0x80, 
    0x7F, 0x80, 
    0x7F, 0x80, 
    0x7F, 0x80, 
    0x7F, 0x80, 
    0x7F, 0x80, 
    0x7F, 0x80, 
    0x7F, 0x80, 
    0x7F, 0x80, 
    0x7F, 0x80, 
    0x7F, 0x80, 
    0x7F, 0x80, 
    0x7F, 0x80, 
    0x7F, 0x80, 
    0x7F, 0x80, 
    0x7F, 0x80, 
    0x7F, 0x00, 
    0x3F, 0x00, 
    0x3F, 0x00, 
    0x3F, 0x00, 
    0x3F, 0x00, 
    0x3F, 0x00, 
    0x3F, 0x00, 
    0x3F, 0x00, 
    0x3F, 0x00, 
    0x3F, 0x00, 
    0x3F, 0x00, 
    0x3F, 0x00, 
    0x3F, 0x00, 
    0x3F, 0x00, 
    0x3F, 0x00, 
    0x3F, 0x00, 
    0x3F, 0x00, 
    0x3F, 0x00, 
    0x3F, 0x00, 
    0x3F, 0x00, 
    0x3F, 0x00, 
    0x00, 0x00, 
    0x00, 0x00, 
    0x00, 0x00, 
    0x00, 0x00, 
    0x00, 0x00, 
    0x00, 0x00, 
    0x00, 0x00, 
    0x00, 0x00, 
    0x00, 0x00, 
    0x1F, 0x00, 
    0x3F, 0x80, 
    0x7F, 0xC0, 
    0xFF, 0xE0, 
    0xFF, 0xE0, 
    0xFF, 0xE0, 
    0xFF, 0xE0, 
    0xFF, 0xE0, 
    0x7F, 0xC0, 
    0x3F, 0x80, 
    0x1F, 0x00, 
    EFI_HII_GIBT_GLYPH,
    0x16,          // Cell width in pixels.
    0x00,
    0x15,          // Cell height in pixels.
    0x00,
    0x08,          // Horizontal offset from cell boundary to start of glyph.
    0x00,
    0x2F,          // Vertical offset from cell boundary to start of glyph.
    0x00,
    0x26,          // Number of pixels to the right to advance to next glyph.
    0x00,
    0xFE, 0x01, 0xFC,          // Character: '"' (0x0022)
    0xFE, 0x01, 0xFC, 
    0xFE, 0x01, 0xFC, 
    0xFE, 0x01, 0xFC, 
    0xFE, 0x01, 0xFC, 
    0xFE, 0x01, 0xFC, 
    0xFE, 0x01, 0xFC, 
    0xFE, 0x01, 0xFC, 
    0xFE, 0x01, 0xFC, 
    0xFE, 0x01, 0xFC, 
    0xFE, 0x01, 0xFC, 
    0xFE, 0x01, 0xFC, 
    0xFE, 0x01, 0xFC, 
    0xFE, 0x01, 0xFC, 
    0xFE, 0x01, 0xFC, 
    0xFE, 0x01, 0xFC, 
    0xFE, 0x01, 0xFC, 
    0xFE, 0x01, 0xFC, 
    0xFE, 0x01, 0xFC, 
    0xFE, 0x01, 0xFC, 
    0xFE, 0x01, 0xFC, 
    EFI_HII_GIBT_GLYPH,
    0x35,          // Cell width in pixels.
    0x00,
    0x3D,          // Cell height in pixels.
    0x00,
    0x02,          // Horizontal offset from cell boundary to start of glyph.
    0x00,
    0x07,          // Vertical offset from cell boundary to start of glyph.
    0x00,
    0x39,          // Number of pixels to the right to advance to next glyph.
    0x00,
    0x00, 0x00, 0x07, 0xE0, 0x01, 0xF8, 0x00,          // Character: '#' (0x0023)
    0x00, 0x00, 0x07, 0xE0, 0x01, 0xF8, 0x00, 
    0x00, 0x00, 0x07, 0xC0, 0x01, 0xF0, 0x00, 
    0x00, 0x00, 0x0F, 0xC0, 0x03, 0xF0, 0x00, 
    0x00, 0x00, 0x0F, 0xC0, 0x03, 0xF0, 0x00, 
    0x00, 0x00, 0x0F, 0xC0, 0x03, 0xF0, 0x00, 
    0x00, 0x00, 0x0F, 0xC0, 0x03, 0xF0, 0x00, 
    0x00, 0x00, 0x1F, 0x80, 0x03, 0xE0, 0x00, 
    0x00, 0x00, 0x1F, 0x80, 0x07, 0xE0, 0x00, 
    0x00, 0x00, 0x1F, 0x80, 0x07, 0xE0, 0x00, 
    0x00, 0x00, 0x1F, 0x80, 0x07, 0xE0, 0x00, 
    0x00, 0x00, 0x1F, 0x80, 0x07, 0xE0, 0x00, 
    0x00, 0x00, 0x3F, 0x00, 0x07, 0xC0, 0x00, 
    0x00, 0x00, 0x3F, 0x00, 0x0F, 0xC0, 0x00, 
    0x00, 0x00, 0x3F, 0x00, 0x0F, 0xC0, 0x00, 
    0x00, 0x00, 0x3F, 0x00, 0x0F, 0xC0, 0x00, 
    0x00, 0x00, 0x3E, 0x00, 0x0F, 0x80, 0x00, 
    0x00, 0x00, 0x7E, 0x00, 0x1F, 0x80, 0x00, 
    0x00, 0x00, 0x7E, 0x00, 0x1F, 0x80, 0x00, 
    0x0F, 0xFF, 0xFF, 0xFF, 0xFF, 0xFF, 0xF8, 
    0x0F, 0xFF, 0xFF, 0xFF, 0xFF, 0xFF, 0xF8, 
    0x1F, 0xFF, 0xFF, 0xFF, 0xFF, 0xFF, 0xF0, 
    0x1F, 0xFF, 0xFF, 0xFF, 0xFF, 0xFF, 0xF0, 
    0x1F, 0xFF, 0xFF, 0xFF, 0xFF, 0xFF, 0xF0, 
    0x00, 0x00, 0xFC, 0x00, 0x3F, 0x00, 0x00, 
    0x00, 0x00, 0xFC, 0x00, 0x3F, 0x00, 0x00, 
    0x00, 0x01, 0xF8, 0x00, 0x3E, 0x00, 0x00, 
    0x00, 0x01, 0xF8, 0x00, 0x7E, 0x00, 0x00, 
    0x00, 0x01, 0xF8, 0x00, 0x7E, 0x00, 0x00, 
    0x00, 0x01, 0xF8, 0x00, 0x7E, 0x00, 0x00, 
    0x00, 0x01, 0xF0, 0x00, 0x7E, 0x00, 0x00, 
    0x00, 0x03, 0xF0, 0x00, 0x7C, 0x00, 0x00, 
    0x00, 0x03, 0xF0, 0x00, 0xFC, 0x00, 0x00, 
    0x00, 0x03, 0xF0, 0x00, 0xFC, 0x00, 0x00, 
    0x00, 0x03, 0xF0, 0x00, 0xFC, 0x00, 0x00, 
    0x00, 0x03, 0xE0, 0x00, 0xFC, 0x00, 0x00, 
    0x00, 0x07, 0xE0, 0x01, 
    0xF8, 0x00, 0x00, 0x00, 0x07, 0xE0, 0x01, 
    0xF8, 0x00, 0x00, 0x7F, 0xFF, 0xFF, 0xFF, 
    0xFF, 0xFF, 0xC0, 0x7F, 0xFF, 0xFF, 0xFF, 
    0xFF, 0xFF, 0xC0, 0xFF, 0xFF, 0xFF, 0xFF, 
    0xFF, 0xFF, 0x80, 0xFF, 0xFF, 0xFF, 0xFF, 
    0xFF, 0xFF, 0x80, 0xFF, 0xFF, 0xFF, 0xFF, 
    0xFF, 0xFF, 0x80, 0x00, 0x0F, 0xC0, 0x03, 
    0xF0, 0x00, 0x00, 0x00, 0x0F, 0x80, 0x03, 
    0xF0, 0x00, 0x00, 0x00, 0x1F, 0x80, 0x07, 
    0xE0, 0x00, 0x00, 0x00, 0x1F, 0x80, 0x07, 
    0xE0, 0x00, 0x00, 0x00, 0x1F, 0x80, 0x07, 
    0xE0, 0x00, 0x00, 0x00, 0x1F, 0x80, 0x07, 
    0xE0, 0x00, 0x00, 0x00, 0x1F, 0x00, 0x07, 
    0xE0, 0x00, 0x00, 0x00, 0x3F, 0x00, 0x0F, 
    0xC0, 0x00, 0x00, 0x00, 0x3F, 0x00, 0x0F, 
    0xC0, 0x00, 0x00, 0x00, 0x3F, 0x00, 0x0F, 
    0xC0, 0x00, 0x00, 0x00, 0x3F, 0x00, 0x0F, 
    0xC0, 0x00, 0x00, 0x00, 0x7E, 0x00, 0x1F, 
    0x80, 0x00, 0x00, 0x00, 0x7E, 0x00, 0x1F, 
    0x80, 0x00, 0x00, 0x00, 0x7E, 0x00, 0x1F, 
    0x80, 0x00, 0x00, 0x00, 0x7E, 0x00, 0x1F, 
    0x80, 0x00, 0x00, 0x00, 0x7C, 0x00, 0x1F, 
    0x00, 0x00, 0x00, 0x00, 0xFC, 0x00, 0x3F, 
    0x00, 0x00, 0x00, 0x00, 0xFC, 0x00, 0x3F, 
    0x00, 0x00, 0x00,     EFI_HII_GIBT_GLYPH,
    0x26,          // Cell width in pixels.
    0x00,
    0x55,          // Cell height in pixels.
    0x00,
    0x08,          // Horizontal offset from cell boundary to start of glyph.
    0x00,
    0xF7,          // Vertical offset from cell boundary to start of glyph.
    0xFF,
    0x34,          // Number of pixels to the right to advance to next glyph.
    0x00,
    0x00, 0x00, 0xF8, 0x00, 0x00,          // Character: '$' (0x0024)
    0x00, 0x00, 0xF8, 0x00, 0x00, 
    0x00, 0x00, 0xF8, 0x00, 0x00, 
    0x00, 0x00, 0xF8, 0x00, 0x00, 
    0x00, 0x00, 0xF8, 0x00, 0x00, 
    0x00, 0x00, 0xF8, 0x00, 0x00, 
    0x00, 0x00, 0xF8, 0x00, 0x00, 
    0x00, 0x00, 0xF8, 0x00, 0x00, 
    0x00, 0x03, 0xFF, 0xE0, 0x00, 
    0x00, 0x1F, 0xFF, 0xFF, 0x00, 
    0x00, 0x7F, 0xFF, 0xFF, 0xC0, 
    0x01, 0xFF, 0xFF, 0xFF, 0xC0, 
    0x03, 0xFF, 0xFF, 0xFF, 0xC0, 
    0x07, 0xFF, 0xFF, 0xFF, 0xC0, 
    0x0F, 0xFE, 0xF8, 0x3F, 0xC0, 
    0x1F, 0xF8, 0xF8, 0x07, 0xC0, 
    0x1F, 0xE0, 0xF8, 0x00, 0xC0, 
    0x3F, 0xC0, 0xF8, 0x00, 0x40, 
    0x3F, 0xC0, 0xF8, 0x00, 0x00, 
    0x7F, 0x80, 0xF8, 0x00, 0x00, 
    0x7F, 0x80, 0xF8, 0x00, 0x00, 
    0xFF, 0x00, 0xF8, 0x00, 0x00, 
    0xFF, 0x00, 0xF8, 0x00, 0x00, 
    0xFF, 0x00, 0xF8, 0x00, 0x00, 
    0xFF, 0x00, 0xF8, 0x00, 0x00, 
    0xFF, 0x00, 0xF8, 0x00, 0x00, 
    0xFF, 0x00, 0xF8, 0x00, 0x00, 
    0xFF, 0x00, 0xF8, 0x00, 0x00, 
    0xFF, 0x00, 0xF8, 0x00, 0x00, 
    0xFF, 0x80, 0xF8, 0x00, 0x00, 
    0x7F, 0x80, 0xF8, 0x00, 0x00, 
    0x7F, 0xC0, 0xF8, 0x00, 0x00, 
    0x7F, 0xE0, 0xF8, 0x00, 0x00, 
    0x3F, 0xF0, 0xF8, 0x00, 0x00, 
    0x3F, 0xF8, 0xF8, 0x00, 0x00, 
    0x1F, 0xFC, 0xF8, 0x00, 0x00, 
    0x0F, 0xFF, 0xF8, 0x00, 0x00, 
    0x07, 0xFF, 0xF8, 0x00, 0x00, 
    0x03, 0xFF, 0xF8, 0x00, 0x00, 
    0x01, 0xFF, 0xF8, 0x00, 0x00, 
    0x00, 0x7F, 0xFE, 0x00, 0x00, 
    0x00, 0x3F, 0xFF, 0x80, 0x00, 
    0x00, 0x0F, 0xFF, 0xE0, 0x00, 
    0x00, 0x03, 0xFF, 0xF8, 0x00, 
    0x00, 0x00, 0xFF, 0xFC, 0x00, 
    0x00, 0x00, 0xFF, 0xFF, 0x00, 
    0x00, 0x00, 0xFF, 0xFF, 0x80, 
    0x00, 0x00, 0xFB, 0xFF, 0xC0, 
    0x00, 0x00, 0xF9, 0xFF, 0xE0, 
    0x00, 0x00, 0xF8, 0x7F, 0xE0, 
    0x00, 0x00, 0xF8, 0x3F, 0xF0, 
    0x00, 
    0x00, 0xF8, 0x1F, 0xF8, 0x00, 
    0x00, 0xF8, 0x0F, 0xF8, 0x00, 
    0x00, 0xF8, 0x0F, 0xF8, 0x00, 
    0x00, 0xF8, 0x07, 0xFC, 0x00, 
    0x00, 0xF8, 0x07, 0xFC, 0x00, 
    0x00, 0xF8, 0x03, 0xFC, 0x00, 
    0x00, 0xF8, 0x03, 0xFC, 0x00, 
    0x00, 0xF8, 0x03, 0xFC, 0x00, 
    0x00, 0xF8, 0x03, 0xFC, 0x00, 
    0x00, 0xF8, 0x03, 0xFC, 0x00, 
    0x00, 0xF8, 0x03, 0xFC, 0x00, 
    0x00, 0xF8, 0x07, 0xF8, 0x80, 
    0x00, 0xF8, 0x07, 0xF8, 0xC0, 
    0x00, 0xF8, 0x0F, 0xF8, 0xE0, 
    0x00, 0xF8, 0x1F, 0xF0, 0xF8, 
    0x00, 0xF8, 0x3F, 0xF0, 0xFF, 
    0x00, 0xF8, 0xFF, 0xE0, 0xFF, 
    0xF0, 0xFB, 0xFF, 0xC0, 0xFF, 
    0xFF, 0xFF, 0xFF, 0x80, 0xFF, 
    0xFF, 0xFF, 0xFF, 0x00, 0x7F, 
    0xFF, 0xFF, 0xFC, 0x00, 0x1F, 
    0xFF, 0xFF, 0xF0, 0x00, 0x07, 
    0xFF, 0xFF, 0xC0, 0x00, 0x00, 
    0x7F, 0xFC, 0x00, 0x00, 0x00, 
    0x00, 0xF8, 0x00, 0x00, 0x00, 
    0x00, 0xF8, 0x00, 0x00, 0x00, 
    0x00, 0xF8, 0x00, 0x00, 0x00, 
    0x00, 0xF8, 0x00, 0x00, 0x00, 
    0x00, 0xF8, 0x00, 0x00, 0x00, 
    0x00, 0xF8, 0x00, 0x00, 0x00, 
    0x00, 0xF8, 0x00, 0x00, 0x00, 
    0x00, 0xF8, 0x00, 0x00, 0x00, 
    0x00, 0xF8, 0x00, 0x00, 0x00, 
    0x00, 0xF8, 0x00, 0x00,     EFI_HII_GIBT_GLYPH,
    0x47,          // Cell width in pixels.
    0x00,
    0x45,          // Cell height in pixels.
    0x00,
    0x04,          // Horizontal offset from cell boundary to start of glyph.
    0x00,
    0x00,          // Vertical offset from cell boundary to start of glyph.
    0x00,
    0x4F,          // Number of pixels to the right to advance to next glyph.
    0x00,
    0x00, 0x0F, 0xF0, 0x00, 0x00, 0x00, 0x00, 0x00, 0x00,          // Character: '%' (0x0025)
    0x00, 0x7F, 0xFE, 0x00, 0x00, 0x00, 0x07, 0xF0, 0x00, 
    0x01, 0xFF, 0xFF, 0x80, 0x00, 0x00, 0x0F, 0xE0, 0x00, 
    0x03, 0xFF, 0xFF, 0xC0, 0x00, 0x00, 0x0F, 0xC0, 0x00, 
    0x07, 0xFF, 0xFF, 0xE0, 0x00, 0x00, 0x1F, 0xC0, 0x00, 
    0x0F, 0xF8, 0x1F, 0xF0, 0x00, 0x00, 0x3F, 0x80, 0x00, 
    0x1F, 0xE0, 0x07, 0xF8, 0x00, 0x00, 0x3F, 0x00, 0x00, 
    0x3F, 0x80, 0x03, 0xF8, 0x00, 0x00, 0x7F, 0x00, 0x00, 
    0x3F, 0x80, 0x01, 0xFC, 0x00, 0x00, 0xFE, 0x00, 0x00, 
    0x7F, 0x00, 0x01, 0xFC, 0x00, 0x00, 0xFE, 0x00, 0x00, 
    0x7E, 0x00, 0x00, 0xFC, 0x00, 0x01, 0xFC, 0x00, 0x00, 
    0x7E, 0x00, 0x00, 0xFC, 0x00, 0x03, 0xF8, 0x00, 0x00, 
    0x7E, 0x00, 0x00, 0xFE, 0x00, 0x03, 0xF8, 0x00, 0x00, 
    0xFC, 0x00, 0x00, 0x7E, 0x00, 0x07, 0xF0, 0x00, 0x00, 
    0xFC, 0x00, 0x00, 0x7E, 0x00, 0x07, 0xE0, 0x00, 0x00, 
    0xFC, 0x00, 0x00, 0x7E, 0x00, 0x0F, 0xE0, 0x00, 0x00, 
    0xFC, 0x00, 0x00, 0x7E, 0x00, 0x1F, 0xC0, 0x00, 0x00, 
    0xFC, 0x00, 0x00, 0x7E, 0x00, 0x1F, 0x80, 0x00, 0x00, 
    0xFC, 0x00, 0x00, 0x7E, 0x00, 0x3F, 0x80, 0x00, 0x00, 
    0xFC, 0x00, 0x00, 0x7E, 0x00, 0x7F, 0x00, 0x00, 0x00, 
    0xFC, 0x00, 0x00, 0x7E, 0x00, 0x7E, 0x00, 0x00, 0x00, 
    0xFC, 0x00, 0x00, 0x7E, 0x00, 0xFE, 0x00, 0x00, 0x00, 
    0xFE, 0x00, 0x00, 0xFC, 0x01, 0xFC, 0x00, 0x00, 0x00, 
    0x7E, 0x00, 0x00, 0xFC, 0x01, 0xF8, 0x00, 0x00, 0x00, 
    0x7E, 0x00, 0x00, 0xFC, 0x03, 0xF8, 0x00, 0x00, 0x00, 
    0x7F, 0x00, 0x01, 0xF8, 0x07, 0xF0, 0x00, 0x00, 0x00, 
    0x3F, 0x00, 0x01, 0xF8, 0x07, 0xF0, 0x00, 0x00, 0x00, 
    0x3F, 0x80, 0x03, 0xF8, 0x0F, 0xE0, 0x00, 0x00, 0x00, 
    0x1F, 0xC0, 0x07, 0xF0, 
    0x1F, 0xC0, 0x00, 0x00, 0x00, 0x1F, 0xF0, 0x1F, 0xE0, 
    0x1F, 0xC0, 0x00, 0x00, 0x00, 0x0F, 0xFF, 0xFF, 0xC0, 
    0x3F, 0x80, 0x00, 0x00, 0x00, 0x07, 0xFF, 0xFF, 0x80, 
    0x3F, 0x00, 0x00, 0x00, 0x00, 0x03, 0xFF, 0xFF, 0x00, 
    0x7F, 0x00, 0x00, 0x00, 0x00, 0x00, 0xFF, 0xFC, 0x00, 
    0xFE, 0x00, 0x00, 0x00, 0x00, 0x00, 0x1F, 0xE0, 0x00, 
    0xFC, 0x00, 0x0F, 0xF0, 0x00, 0x00, 0x00, 0x00, 0x01, 
    0xFC, 0x00, 0x7F, 0xFE, 0x00, 0x00, 0x00, 0x00, 0x03, 
    0xF8, 0x01, 0xFF, 0xFF, 0x80, 0x00, 0x00, 0x00, 0x03, 
    0xF0, 0x03, 0xFF, 0xFF, 0xC0, 0x00, 0x00, 0x00, 0x07, 
    0xF0, 0x07, 0xFF, 0xFF, 0xE0, 0x00, 0x00, 0x00, 0x0F, 
    0xE0, 0x0F, 0xF8, 0x1F, 0xF0, 0x00, 0x00, 0x00, 0x0F, 
    0xC0, 0x1F, 0xE0, 0x07, 0xF0, 0x00, 0x00, 0x00, 0x1F, 
    0xC0, 0x3F, 0x80, 0x03, 0xF8, 0x00, 0x00, 0x00, 0x3F, 
    0x80, 0x3F, 0x00, 0x01, 0xF8, 0x00, 0x00, 0x00, 0x3F, 
    0x80, 0x3F, 0x00, 0x01, 0xFC, 0x00, 0x00, 0x00, 0x7F, 
    0x00, 0x7E, 0x00, 0x00, 0xFC, 0x00, 0x00, 0x00, 0x7E, 
    0x00, 0x7E, 0x00, 0x00, 0xFC, 0x00, 0x00, 0x00, 0xFE, 
    0x00, 0x7E, 0x00, 0x00, 0xFE, 0x00, 0x00, 0x01, 0xFC, 
    0x00, 0xFC, 0x00, 0x00, 0x7E, 0x00, 0x00, 0x01, 0xF8, 
    0x00, 0xFC, 0x00, 0x00, 0x7E, 0x00, 0x00, 0x03, 0xF8, 
    0x00, 0xFC, 0x00, 0x00, 0x7E, 0x00, 0x00, 0x07, 0xF0, 
    0x00, 0xFC, 0x00, 0x00, 0x7E, 0x00, 0x00, 0x07, 0xE0, 
    0x00, 0xFC, 0x00, 0x00, 0x7E, 0x00, 0x00, 0x0F, 0xE0, 
    0x00, 0xFC, 0x00, 0x00, 0x7E, 0x00, 0x00, 0x1F, 0xC0, 
    0x00, 0xFC, 0x00, 0x00, 0x7E, 0x00, 0x00, 0x1F, 0x80, 
    0x00, 0xFC, 0x00, 0x00, 0x7E, 0x00, 0x00, 0x3F, 0x80, 
    0x00, 0xFC, 0x00, 0x00, 0x7E, 0x00, 0x00, 0x7F, 0x00, 
    0x00, 0xFE, 0x00, 0x00, 
    0xFC, 0x00, 0x00, 0x7F, 0x00, 0x00, 0x7E, 0x00, 0x00, 
    0xFC, 0x00, 0x00, 0xFE, 0x00, 0x00, 0x7E, 0x00, 0x00, 
    0xFC, 0x00, 0x01, 0xFC, 0x00, 0x00, 0x7F, 0x00, 0x01, 
    0xFC, 0x00, 0x01, 0xFC, 0x00, 0x00, 0x3F, 0x00, 0x01, 
    0xF8, 0x00, 0x03, 0xF8, 0x00, 0x00, 0x3F, 0x80, 0x03, 
    0xF8, 0x00, 0x03, 0xF0, 0x00, 0x00, 0x1F, 0xC0, 0x07, 
    0xF0, 0x00, 0x07, 0xF0, 0x00, 0x00, 0x1F, 0xF0, 0x1F, 
    0xE0, 0x00, 0x0F, 0xE0, 0x00, 0x00, 0x0F, 0xFF, 0xFF, 
    0xC0, 0x00, 0x0F, 0xC0, 0x00, 0x00, 0x07, 0xFF, 0xFF, 
    0x80, 0x00, 0x1F, 0xC0, 0x00, 0x00, 0x03, 0xFF, 0xFF, 
    0x00, 0x00, 0x3F, 0x80, 0x00, 0x00, 0x00, 0xFF, 0xFC, 
    0x00, 0x00, 0x00, 0x00, 0x00, 0x00, 0x00, 0x1F, 0xE0, 
    0x00,     EFI_HII_GIBT_GLYPH,
    0x45,          // Cell width in pixels.
    0x00,
    0x45,          // Cell height in pixels.
    0x00,
    0x06,          // Horizontal offset from cell boundary to start of glyph.
    0x00,
    0x00,          // Vertical offset from cell boundary to start of glyph.
    0x00,
    0x4D,          // Number of pixels to the right to advance to next glyph.
    0x00,
    0x00, 0x00, 0x0F, 0xFC, 0x00, 0x00, 0x00, 0x00, 0x00,          // Character: '&' (0x0026)
    0x00, 0x00, 0x7F, 0xFF, 0x80, 0x00, 0x00, 0x00, 0x00, 
    0x00, 0x01, 0xFF, 0xFF, 0xE0, 0x00, 0x00, 0x00, 0x00, 
    0x00, 0x07, 0xFF, 0xFF, 0xF0, 0x00, 0x00, 0x00, 0x00, 
    0x00, 0x0F, 0xFF, 0xFF, 0xF8, 0x00, 0x00, 0x00, 0x00, 
    0x00, 0x1F, 0xFF, 0xFF, 0xFC, 0x00, 0x00, 0x00, 0x00, 
    0x00, 0x1F, 0xF8, 0x0F, 0xFE, 0x00, 0x00, 0x00, 0x00, 
    0x00, 0x3F, 0xE0, 0x03, 0xFE, 0x00, 0x00, 0x00, 0x00, 
    0x00, 0x7F, 0xC0, 0x01, 0xFF, 0x00, 0x00, 0x00, 0x00, 
    0x00, 0x7F, 0x80, 0x00, 0xFF, 0x00, 0x00, 0x00, 0x00, 
    0x00, 0x7F, 0x00, 0x00, 0x7F, 0x80, 0x00, 0x00, 0x00, 
    0x00, 0xFF, 0x00, 0x00, 0x7F, 0x80, 0x00, 0x00, 0x00, 
    0x00, 0xFE, 0x00, 0x00, 0x3F, 0x80, 0x00, 0x00, 0x00, 
    0x00, 0xFE, 0x00, 0x00, 0x3F, 0x80, 0x00, 0x00, 0x00, 
    0x00, 0xFE, 0x00, 0x00, 0x3F, 0x80, 0x00, 0x00, 0x00, 
    0x00, 0xFE, 0x00, 0x00, 0x3F, 0x80, 0x00, 0x00, 0x00, 
    0x00, 0xFE, 0x00, 0x00, 0x3F, 0x80, 0x03, 0xFC, 0x00, 
    0x00, 0xFE, 0x00, 0x00, 0x3F, 0x80, 0x01, 0xFC, 0x00, 
    0x00, 0xFE, 0x00, 0x00, 0x7F, 0x80, 0x01, 0xFC, 0x00, 
    0x00, 0x7F, 0x00, 0x00, 0x7F, 0x00, 0x01, 0xFC, 0x00, 
    0x00, 0x7F, 0x00, 0x00, 0xFF, 0x00, 0x01, 0xFC, 0x00, 
    0x00, 0x7F, 0x80, 0x00, 0xFE, 0x00, 0x01, 0xFC, 0x00, 
    0x00, 0x3F, 0x80, 0x03, 0xFE, 0x00, 0x01, 0xFC, 0x00, 
    0x00, 0x3F, 0xC0, 0x07, 0xFC, 0x00, 0x01, 0xFC, 0x00, 
    0x00, 0x1F, 0xE0, 0x0F, 0xF8, 0x00, 0x01, 0xFC, 0x00, 
    0x00, 0x0F, 0xF8, 0x3F, 0xF0, 0x00, 0x01, 0xFC, 0x00, 
    0x00, 0x0F, 0xFD, 0xFF, 0xE0, 0x00, 0x01, 0xFC, 0x00, 
    0x00, 0x07, 0xFF, 0xFF, 0x80, 0x00, 0x01, 0xFC, 0x00, 
    0x00, 0x01, 0xFF, 0xFF, 
    0x00, 0x00, 0x01, 0xFC, 0x00, 0x00, 0x01, 0xFF, 0xFC, 
    0x00, 0x00, 0x03, 0xF8, 0x00, 0x00, 0x07, 0xFF, 0xFC, 
    0x00, 0x00, 0x03, 0xF8, 0x00, 0x00, 0x1F, 0xFF, 0xFF, 
    0x00, 0x00, 0x03, 0xF8, 0x00, 0x00, 0x3F, 0xFF, 0xFF, 
    0x80, 0x00, 0x03, 0xF8, 0x00, 0x00, 0xFF, 0xF3, 0xFF, 
    0xE0, 0x00, 0x03, 0xF8, 0x00, 0x01, 0xFF, 0xC0, 0x7F, 
    0xF0, 0x00, 0x07, 0xF0, 0x00, 0x03, 0xFF, 0x00, 0x1F, 
    0xF8, 0x00, 0x07, 0xF0, 0x00, 0x07, 0xFE, 0x00, 0x0F, 
    0xFE, 0x00, 0x07, 0xF0, 0x00, 0x0F, 0xF8, 0x00, 0x03, 
    0xFF, 0x00, 0x07, 0xE0, 0x00, 0x1F, 0xF0, 0x00, 0x01, 
    0xFF, 0x80, 0x0F, 0xE0, 0x00, 0x1F, 0xE0, 0x00, 0x00, 
    0xFF, 0x80, 0x0F, 0xE0, 0x00, 0x3F, 0xE0, 0x00, 0x00, 
    0x7F, 0xC0, 0x1F, 0xC0, 0x00, 0x3F, 0xC0, 0x00, 0x00, 
    0x3F, 0xE0, 0x1F, 0xC0, 0x00, 0x7F, 0xC0, 0x00, 0x00, 
    0x1F, 0xF0, 0x3F, 0x80, 0x00, 0x7F, 0x80, 0x00, 0x00, 
    0x0F, 0xF8, 0x3F, 0x80, 0x00, 0x7F, 0x80, 0x00, 0x00, 
    0x07, 0xF8, 0x7F, 0x00, 0x00, 0xFF, 0x00, 0x00, 0x00, 
    0x03, 0xFC, 0x7F, 0x00, 0x00, 0xFF, 0x00, 0x00, 0x00, 
    0x01, 0xFE, 0xFE, 0x00, 0x00, 0xFF, 0x00, 0x00, 0x00, 
    0x01, 0xFF, 0xFE, 0x00, 0x00, 0xFF, 0x00, 0x00, 0x00, 
    0x00, 0xFF, 0xFC, 0x00, 0x00, 0xFF, 0x00, 0x00, 0x00, 
    0x00, 0x7F, 0xFC, 0x00, 0x00, 0xFF, 0x00, 0x00, 0x00, 
    0x00, 0x7F, 0xF8, 0x00, 0x00, 0xFF, 0x00, 0x00, 0x00, 
    0x00, 0x3F, 0xF8, 0x00, 0x00, 0xFF, 0x00, 0x00, 0x00, 
    0x00, 0x1F, 0xF0, 0x00, 0x00, 0xFF, 0x00, 0x00, 0x00, 
    0x00, 0x1F, 0xE0, 0x00, 0x00, 0xFF, 0x80, 0x00, 0x00, 
    0x00, 0x3F, 0xF0, 0x00, 0x00, 0x7F, 0x80, 0x00, 0x00, 
    0x00, 0x7F, 0xF8, 0x00, 0x00, 0x7F, 0xC0, 0x00, 0x00, 
    0x00, 0xFF, 0xF8, 0x00, 
    0x00, 0x7F, 0xC0, 0x00, 0x00, 0x01, 0xFF, 0xFC, 0x00, 
    0x00, 0x3F, 0xE0, 0x00, 0x00, 0x07, 0xFF, 0xFE, 0x00, 
    0x00, 0x3F, 0xF0, 0x00, 0x00, 0x0F, 0xFD, 0xFF, 0x00, 
    0x00, 0x1F, 0xF8, 0x00, 0x00, 0x3F, 0xF8, 0xFF, 0xC0, 
    0x00, 0x0F, 0xFE, 0x00, 0x00, 0xFF, 0xF0, 0x7F, 0xF0, 
    0x38, 0x07, 0xFF, 0xC0, 0x0F, 0xFF, 0xC0, 0x3F, 0xFF, 
    0xF8, 0x03, 0xFF, 0xFF, 0xFF, 0xFF, 0x80, 0x3F, 0xFF, 
    0xF8, 0x01, 0xFF, 0xFF, 0xFF, 0xFE, 0x00, 0x1F, 0xFF, 
    0xF8, 0x00, 0xFF, 0xFF, 0xFF, 0xFC, 0x00, 0x0F, 0xFF, 
    0xF8, 0x00, 0x3F, 0xFF, 0xFF, 0xE0, 0x00, 0x03, 0xFF, 
    0xF8, 0x00, 0x07, 0xFF, 0xFF, 0x80, 0x00, 0x01, 0xFF, 
    0xF8, 0x00, 0x00, 0x7F, 0xF8, 0x00, 0x00, 0x00, 0x3F, 
    0xC0,     EFI_HII_GIBT_GLYPH,
    0x07,          // Cell width in pixels.
    0x00,
    0x15,          // Cell height in pixels.
    0x00,
    0x08,          // Horizontal offset from cell boundary to start of glyph.
    0x00,
    0x2F,          // Vertical offset from cell boundary to start of glyph.
    0x00,
    0x16,          // Number of pixels to the right to advance to next glyph.
    0x00,
    0xFE,          // Character: ''' (0x0027)
    0xFE, 
    0xFE, 
    0xFE, 
    0xFE, 
    0xFE, 
    0xFE, 
    0xFE, 
    0xFE, 
    0xFE, 
    0xFE, 
    0xFE, 
    0xFE, 
    0xFE, 
    0xFE, 
    0xFE, 
    0xFE, 
    0xFE, 
    0xFE, 
    0xFE, 
    0xFE, 
    EFI_HII_GIBT_GLYPH,
    0x15,          // Cell width in pixels.
    0x00,
    0x52,          // Cell height in pixels.
    0x00,
    0x07,          // Horizontal offset from cell boundary to start of glyph.
    0x00,
    0xF2,          // Vertical offset from cell boundary to start of glyph.
    0xFF,
    0x1D,          // Number of pixels to the right to advance to next glyph.
    0x00,
    0x00, 0x03, 0xF8,          // Character: '(' (0x0028)
    0x00, 0x07, 0xF0, 
    0x00, 0x0F, 0xE0, 
    0x00, 0x1F, 0xC0, 
    0x00, 0x1F, 0xC0, 
    0x00, 0x3F, 0x80, 
    0x00, 0x7F, 0x00, 
    0x00, 0x7F, 0x00, 
    0x00, 0xFE, 0x00, 
    0x00, 0xFE, 0x00, 
    0x01, 0xFC, 0x00, 
    0x01, 0xFC, 0x00, 
    0x03, 0xF8, 0x00, 
    0x03, 0xF8, 0x00, 
    0x07, 0xF0, 0x00, 
    0x07, 0xF0, 0x00, 
    0x0F, 0xE0, 0x00, 
    0x0F, 0xE0, 0x00, 
    0x0F, 0xE0, 0x00, 
    0x1F, 0xC0, 0x00, 
    0x1F, 0xC0, 0x00, 
    0x1F, 0xC0, 0x00, 
    0x3F, 0x80, 0x00, 
    0x3F, 0x80, 0x00, 
    0x3F, 0x80, 0x00, 
    0x3F, 0x80, 0x00, 
    0x7F, 0x00, 0x00, 
    0x7F, 0x00, 0x00, 
    0x7F, 0x00, 0x00, 
    0x7F, 0x00, 0x00, 
    0x7F, 0x00, 0x00, 
    0x7F, 0x00, 0x00, 
    0xFF, 0x00, 0x00, 
    0xFE, 0x00, 0x00, 
    0xFE, 0x00, 0x00, 
    0xFE, 0x00, 0x00, 
    0xFE, 0x00, 0x00, 
    0xFE, 0x00, 0x00, 
    0xFE, 0x00, 0x00, 
    0xFE, 0x00, 0x00, 
    0xFE, 0x00, 0x00, 
    0xFE, 0x00, 0x00, 
    0xFE, 0x00, 0x00, 
    0xFE, 0x00, 0x00, 
    0xFE, 0x00, 0x00, 
    0xFE, 0x00, 0x00, 
    0xFE, 0x00, 0x00, 
    0xFE, 0x00, 0x00, 
    0xFE, 0x00, 0x00, 
    0xFE, 0x00, 0x00, 
    0x7F, 0x00, 0x00, 
    0x7F, 0x00, 0x00, 
    0x7F, 0x00, 0x00, 
    0x7F, 0x00, 0x00, 
    0x7F, 0x00, 0x00, 
    0x7F, 0x00, 0x00, 
    0x3F, 0x80, 0x00, 
    0x3F, 0x80, 0x00, 
    0x3F, 0x80, 0x00, 
    0x3F, 0x80, 0x00, 
    0x1F, 0xC0, 0x00, 
    0x1F, 0xC0, 0x00, 
    0x1F, 0xC0, 0x00, 
    0x1F, 0xE0, 0x00, 
    0x0F, 0xE0, 0x00, 
    0x0F, 0xE0, 0x00, 
    0x07, 0xF0, 0x00, 
    0x07, 0xF0, 0x00, 
    0x07, 0xF8, 0x00, 
    0x03, 0xF8, 0x00, 
    0x03, 0xFC, 0x00, 
    0x01, 0xFC, 0x00, 
    0x01, 0xFE, 0x00, 
    0x00, 0xFE, 0x00, 
    0x00, 0x7F, 0x00, 
    0x00, 0x7F, 0x00, 
    0x00, 0x3F, 0x80, 
    0x00, 0x1F, 0xC0, 
    0x00, 0x1F, 0xC0, 
    0x00, 0x0F, 0xE0, 
    0x00, 0x07, 0xF0, 
    0x00, 0x03, 0xF8, 
    EFI_HII_GIBT_GLYPH,
    0x16,          // Cell width in pixels.
    0x00,
    0x52,          // Cell height in pixels.
    0x00,
    0x01,          // Horizontal offset from cell boundary to start of glyph.
    0x00,
    0xF2,          // Vertical offset from cell boundary to start of glyph.
    0xFF,
    0x1D,          // Number of pixels to the right to advance to next glyph.
    0x00,
    0xFE, 0x00, 0x00,          // Character: ')' (0x0029)
    0x7F, 0x00, 0x00, 
    0x3F, 0x80, 0x00, 
    0x1F, 0xC0, 0x00, 
    0x0F, 0xE0, 0x00, 
    0x0F, 0xE0, 0x00, 
    0x07, 0xF0, 0x00, 
    0x03, 0xF8, 0x00, 
    0x03, 0xF8, 0x00, 
    0x01, 0xFC, 0x00, 
    0x01, 0xFC, 0x00, 
    0x00, 0xFE, 0x00, 
    0x00, 0xFE, 0x00, 
    0x00, 0x7F, 0x00, 
    0x00, 0x7F, 0x00, 
    0x00, 0x3F, 0x80, 
    0x00, 0x3F, 0x80, 
    0x00, 0x1F, 0xC0, 
    0x00, 0x1F, 0xC0, 
    0x00, 0x1F, 0xC0, 
    0x00, 0x0F, 0xE0, 
    0x00, 0x0F, 0xE0, 
    0x00, 0x0F, 0xE0, 
    0x00, 0x07, 0xF0, 
    0x00, 0x07, 0xF0, 
    0x00, 0x07, 0xF0, 
    0x00, 0x07, 0xF0, 
    0x00, 0x03, 0xF8, 
    0x00, 0x03, 0xF8, 
    0x00, 0x03, 0xF8, 
    0x00, 0x03, 0xF8, 
    0x00, 0x03, 0xF8, 
    0x00, 0x03, 0xF8, 
    0x00, 0x01, 0xFC, 
    0x00, 0x01, 0xFC, 
    0x00, 0x01, 0xFC, 
    0x00, 0x01, 0xFC, 
    0x00, 0x01, 0xFC, 
    0x00, 0x01, 0xFC, 
    0x00, 0x01, 0xFC, 
    0x00, 0x01, 0xFC, 
    0x00, 0x01, 0xFC, 
    0x00, 0x01, 0xFC, 
    0x00, 0x01, 0xFC, 
    0x00, 0x01, 0xFC, 
    0x00, 0x01, 0xFC, 
    0x00, 0x01, 0xFC, 
    0x00, 0x01, 0xFC, 
    0x00, 0x01, 0xFC, 
    0x00, 0x01, 0xFC, 
    0x00, 0x03, 0xF8, 
    0x00, 0x03, 0xF8, 
    0x00, 0x03, 0xF8, 
    0x00, 0x03, 0xF8, 
    0x00, 0x03, 0xF8, 
    0x00, 0x07, 0xF8, 
    0x00, 0x07, 0xF0, 
    0x00, 0x07, 0xF0, 
    0x00, 0x07, 0xF0, 
    0x00, 0x0F, 0xF0, 
    0x00, 0x0F, 0xE0, 
    0x00, 0x0F, 0xE0, 
    0x00, 0x1F, 0xE0, 
    0x00, 0x1F, 0xC0, 
    0x00, 0x1F, 0xC0, 
    0x00, 0x3F, 0xC0, 
    0x00, 0x3F, 0x80, 
    0x00, 0x7F, 0x80, 
    0x00, 0x7F, 0x00, 
    0x00, 0xFF, 0x00, 
    0x00, 0xFE, 0x00, 
    0x01, 0xFE, 0x00, 
    0x01, 0xFC, 0x00, 
    0x03, 0xF8, 0x00, 
    0x03, 0xF8, 0x00, 
    0x07, 0xF0, 0x00, 
    0x0F, 0xE0, 0x00, 
    0x0F, 0xE0, 0x00, 
    0x1F, 0xC0, 0x00, 
    0x3F, 0x80, 0x00, 
    0x7F, 0x00, 0x00, 
    0xFE, 0x00, 0x00, 
    EFI_HII_GIBT_GLYPH,
    0x20,          // Cell width in pixels.
    0x00,
    0x22,          // Cell height in pixels.
    0x00,
    0x04,          // Horizontal offset from cell boundary to start of glyph.
    0x00,
    0x22,          // Vertical offset from cell boundary to start of glyph.
    0x00,
    0x28,          // Number of pixels to the right to advance to next glyph.
    0x00,
    0x00, 0x07, 0xE0, 0x00,          // Character: '*' (0x002A)
    0x00, 0x07, 0xE0, 0x00, 
    0x00, 0x07, 0xE0, 0x00, 
    0x00, 0x07, 0xE0, 0x00, 
    0x00, 0x07, 0xE0, 0x00, 
    0x00, 0x07, 0xE0, 0x00, 
    0x00, 0x07, 0xE0, 0x00, 
    0x00, 0x03, 0xC0, 0x00, 
    0x00, 0x03, 0xC0, 0x00, 
    0x00, 0x03, 0xC0, 0x00, 
    0x20, 0x03, 0xC0, 0x04, 
    0x3C, 0x03, 0xC0, 0x3E, 
    0x7F, 0x03, 0xC0, 0xFE, 
    0x7F, 0xE3, 0xC7, 0xFE, 
    0x7F, 0xFB, 0xDF, 0xFF, 
    0xFF, 0xFF, 0xFF, 0xFF, 
    0x3F, 0xFF, 0xFF, 0xFC, 
    0x01, 0xFF, 0xFF, 0x80, 
    0x00, 0x0F, 0xF0, 0x00, 
    0x00, 0x0F, 0xF0, 0x00, 
    0x00, 0x1F, 0xF8, 0x00, 
    0x00, 0x1F, 0xF8, 0x00, 
    0x00, 0x3F, 0x7C, 0x00, 
    0x00, 0x7E, 0x7E, 0x00, 
    0x00, 0xFC, 0x3F, 0x00, 
    0x00, 0xFC, 0x3F, 0x00, 
    0x01, 0xF8, 0x1F, 0x80, 
    0x03, 0xF8, 0x1F, 0xC0, 
    0x07, 0xF0, 0x0F, 0xE0, 
    0x07, 0xF0, 0x07, 0xE0, 
    0x0F, 0xE0, 0x07, 0xF0, 
    0x03, 0xC0, 0x03, 0xC0, 
    0x01, 0xC0, 0x03, 0x80, 
    0x00, 0x80, 0x01, 0x00, 
    EFI_HII_GIBT_GLYPH,
    0x2C,          // Cell width in pixels.
    0x00,
    0x2C,          // Cell height in pixels.
    0x00,
    0x0B,          // Horizontal offset from cell boundary to start of glyph.
    0x00,
    0x07,          // Vertical offset from cell boundary to start of glyph.
    0x00,
    0x42,          // Number of pixels to the right to advance to next glyph.
    0x00,
    0x00, 0x00, 0x1F, 0x80, 0x00, 0x00,          // Character: '+' (0x002B)
    0x00, 0x00, 0x1F, 0x80, 0x00, 0x00, 
    0x00, 0x00, 0x1F, 0x80, 0x00, 0x00, 
    0x00, 0x00, 0x1F, 0x80, 0x00, 0x00, 
    0x00, 0x00, 0x1F, 0x80, 0x00, 0x00, 
    0x00, 0x00, 0x1F, 0x80, 0x00, 0x00, 
    0x00, 0x00, 0x1F, 0x80, 0x00, 0x00, 
    0x00, 0x00, 0x1F, 0x80, 0x00, 0x00, 
    0x00, 0x00, 0x1F, 0x80, 0x00, 0x00, 
    0x00, 0x00, 0x1F, 0x80, 0x00, 0x00, 
    0x00, 0x00, 0x1F, 0x80, 0x00, 0x00, 
    0x00, 0x00, 0x1F, 0x80, 0x00, 0x00, 
    0x00, 0x00, 0x1F, 0x80, 0x00, 0x00, 
    0x00, 0x00, 0x1F, 0x80, 0x00, 0x00, 
    0x00, 0x00, 0x1F, 0x80, 0x00, 0x00, 
    0x00, 0x00, 0x1F, 0x80, 0x00, 0x00, 
    0x00, 0x00, 0x1F, 0x80, 0x00, 0x00, 
    0x00, 0x00, 0x1F, 0x80, 0x00, 0x00, 
    0x00, 0x00, 0x1F, 0x80, 0x00, 0x00, 
    0xFF, 0xFF, 0xFF, 0xFF, 0xFF, 0xF0, 
    0xFF, 0xFF, 0xFF, 0xFF, 0xFF, 0xF0, 
    0xFF, 0xFF, 0xFF, 0xFF, 0xFF, 0xF0, 
    0xFF, 0xFF, 0xFF, 0xFF, 0xFF, 0xF0, 
    0xFF, 0xFF, 0xFF, 0xFF, 0xFF, 0xF0, 
    0xFF, 0xFF, 0xFF, 0xFF, 0xFF, 0xF0, 
    0x00, 0x00, 0x1F, 0x80, 0x00, 0x00, 
    0x00, 0x00, 0x1F, 0x80, 0x00, 0x00, 
    0x00, 0x00, 0x1F, 0x80, 0x00, 0x00, 
    0x00, 0x00, 0x1F, 0x80, 0x00, 0x00, 
    0x00, 0x00, 0x1F, 0x80, 0x00, 0x00, 
    0x00, 0x00, 0x1F, 0x80, 0x00, 0x00, 
    0x00, 0x00, 0x1F, 0x80, 0x00, 0x00, 
    0x00, 0x00, 0x1F, 0x80, 0x00, 0x00, 
    0x00, 0x00, 0x1F, 0x80, 0x00, 0x00, 
    0x00, 0x00, 0x1F, 0x80, 0x00, 0x00, 
    0x00, 0x00, 0x1F, 0x80, 0x00, 0x00, 
    0x00, 0x00, 0x1F, 0x80, 0x00, 0x00, 
    0x00, 0x00, 0x1F, 0x80, 0x00, 0x00, 
    0x00, 0x00, 0x1F, 0x80, 0x00, 0x00, 
    0x00, 0x00, 0x1F, 0x80, 0x00, 0x00, 
    0x00, 0x00, 0x1F, 0x80, 0x00, 0x00, 
    0x00, 0x00, 0x1F, 0x80, 0x00, 0x00, 
    0x00, 0x00, 0x1F, 0x80, 
    0x00, 0x00, 0x00, 0x00, 0x1F, 0x80, 
    0x00, 0x00,     EFI_HII_GIBT_GLYPH,
    0x0D,          // Cell width in pixels.
    0x00,
    0x17,          // Cell height in pixels.
    0x00,
    0x02,          // Horizontal offset from cell boundary to start of glyph.
    0x00,
    0xF5,          // Vertical offset from cell boundary to start of glyph.
    0xFF,
    0x15,          // Number of pixels to the right to advance to next glyph.
    0x00,
    0x07, 0xF8,          // Character: ',' (0x002C)
    0x07, 0xF8, 
    0x07, 0xF0, 
    0x07, 0xF0, 
    0x0F, 0xF0, 
    0x0F, 0xE0, 
    0x0F, 0xE0, 
    0x0F, 0xE0, 
    0x1F, 0xC0, 
    0x1F, 0xC0, 
    0x1F, 0xC0, 
    0x1F, 0x80, 
    0x1F, 0x80, 
    0x3F, 0x80, 
    0x3F, 0x00, 
    0x3F, 0x00, 
    0x3F, 0x00, 
    0x7E, 0x00, 
    0x7E, 0x00, 
    0x7E, 0x00, 
    0x7C, 0x00, 
    0xFC, 0x00, 
    0xFC, 0x00, 
    EFI_HII_GIBT_GLYPH,
    0x19,          // Cell width in pixels.
    0x00,
    0x06,          // Cell height in pixels.
    0x00,
    0x07,          // Horizontal offset from cell boundary to start of glyph.
    0x00,
    0x19,          // Vertical offset from cell boundary to start of glyph.
    0x00,
    0x26,          // Number of pixels to the right to advance to next glyph.
    0x00,
    0xFF, 0xFF, 0xFF, 0x80,          // Character: '-' (0x002D)
    0xFF, 0xFF, 0xFF, 0x80, 
    0xFF, 0xFF, 0xFF, 0x80, 
    0xFF, 0xFF, 0xFF, 0x80, 
    0xFF, 0xFF, 0xFF, 0x80, 
    0xFF, 0xFF, 0xFF, 0x80, 
    EFI_HII_GIBT_GLYPH,
    0x0B,          // Cell width in pixels.
    0x00,
    0x0B,          // Cell height in pixels.
    0x00,
    0x05,          // Horizontal offset from cell boundary to start of glyph.
    0x00,
    0x00,          // Vertical offset from cell boundary to start of glyph.
    0x00,
    0x15,          // Number of pixels to the right to advance to next glyph.
    0x00,
    0x1F, 0x00,          // Character: '.' (0x002E)
    0x3F, 0x80, 
    0x7F, 0xC0, 
    0xFF, 0xE0, 
    0xFF, 0xE0, 
    0xFF, 0xE0, 
    0xFF, 0xE0, 
    0xFF, 0xE0, 
    0x7F, 0xC0, 
    0x3F, 0x80, 
    0x1F, 0x00, 
    EFI_HII_GIBT_GLYPH,
    0x27,          // Cell width in pixels.
    0x00,
    0x4E,          // Cell height in pixels.
    0x00,
    0x00,          // Horizontal offset from cell boundary to start of glyph.
    0x00,
    0xF6,          // Vertical offset from cell boundary to start of glyph.
    0xFF,
    0x26,          // Number of pixels to the right to advance to next glyph.
    0x00,
    0x00, 0x00, 0x00, 0x00, 0xFE,          // Character: '/' (0x002F)
    0x00, 0x00, 0x00, 0x01, 0xFC, 
    0x00, 0x00, 0x00, 0x01, 0xFC, 
    0x00, 0x00, 0x00, 0x03, 0xFC, 
    0x00, 0x00, 0x00, 0x03, 0xF8, 
    0x00, 0x00, 0x00, 0x03, 0xF8, 
    0x00, 0x00, 0x00, 0x07, 0xF0, 
    0x00, 0x00, 0x00, 0x07, 0xF0, 
    0x00, 0x00, 0x00, 0x0F, 0xF0, 
    0x00, 0x00, 0x00, 0x0F, 0xE0, 
    0x00, 0x00, 0x00, 0x0F, 0xE0, 
    0x00, 0x00, 0x00, 0x1F, 0xC0, 
    0x00, 0x00, 0x00, 0x1F, 0xC0, 
    0x00, 0x00, 0x00, 0x3F, 0x80, 
    0x00, 0x00, 0x00, 0x3F, 0x80, 
    0x00, 0x00, 0x00, 0x7F, 0x80, 
    0x00, 0x00, 0x00, 0x7F, 0x00, 
    0x00, 0x00, 0x00, 0x7F, 0x00, 
    0x00, 0x00, 0x00, 0xFE, 0x00, 
    0x00, 0x00, 0x00, 0xFE, 0x00, 
    0x00, 0x00, 0x01, 0xFE, 0x00, 
    0x00, 0x00, 0x01, 0xFC, 0x00, 
    0x00, 0x00, 0x01, 0xFC, 0x00, 
    0x00, 0x00, 0x03, 0xF8, 0x00, 
    0x00, 0x00, 0x03, 0xF8, 0x00, 
    0x00, 0x00, 0x07, 0xF8, 0x00, 
    0x00, 0x00, 0x07, 0xF0, 0x00, 
    0x00, 0x00, 0x07, 0xF0, 0x00, 
    0x00, 0x00, 0x0F, 0xE0, 0x00, 
    0x00, 0x00, 0x0F, 0xE0, 0x00, 
    0x00, 0x00, 0x1F, 0xE0, 0x00, 
    0x00, 0x00, 0x1F, 0xC0, 0x00, 
    0x00, 0x00, 0x1F, 0xC0, 0x00, 
    0x00, 0x00, 0x3F, 0x80, 0x00, 
    0x00, 0x00, 0x3F, 0x80, 0x00, 
    0x00, 0x00, 0x7F, 0x00, 0x00, 
    0x00, 0x00, 0x7F, 0x00, 0x00, 
    0x00, 0x00, 0x7F, 0x00, 0x00, 
    0x00, 0x00, 0xFE, 0x00, 0x00, 
    0x00, 0x00, 0xFE, 0x00, 0x00, 
    0x00, 0x01, 0xFC, 0x00, 0x00, 
    0x00, 0x01, 0xFC, 0x00, 0x00, 
    0x00, 0x03, 0xFC, 0x00, 0x00, 
    0x00, 0x03, 0xF8, 0x00, 0x00, 
    0x00, 0x03, 0xF8, 0x00, 0x00, 
    0x00, 0x07, 0xF0, 0x00, 0x00, 
    0x00, 0x07, 0xF0, 0x00, 0x00, 
    0x00, 0x0F, 0xF0, 0x00, 0x00, 
    0x00, 0x0F, 0xE0, 0x00, 0x00, 
    0x00, 0x0F, 0xE0, 0x00, 0x00, 
    0x00, 0x1F, 0xC0, 0x00, 0x00, 
    0x00, 
    0x1F, 0xC0, 0x00, 0x00, 0x00, 
    0x3F, 0xC0, 0x00, 0x00, 0x00, 
    0x3F, 0x80, 0x00, 0x00, 0x00, 
    0x3F, 0x80, 0x00, 0x00, 0x00, 
    0x7F, 0x00, 0x00, 0x00, 0x00, 
    0x7F, 0x00, 0x00, 0x00, 0x00, 
    0xFE, 0x00, 0x00, 0x00, 0x00, 
    0xFE, 0x00, 0x00, 0x00, 0x00, 
    0xFE, 0x00, 0x00, 0x00, 0x01, 
    0xFC, 0x00, 0x00, 0x00, 0x01, 
    0xFC, 0x00, 0x00, 0x00, 0x03, 
    0xF8, 0x00, 0x00, 0x00, 0x03, 
    0xF8, 0x00, 0x00, 0x00, 0x03, 
    0xF8, 0x00, 0x00, 0x00, 0x07, 
    0xF0, 0x00, 0x00, 0x00, 0x07, 
    0xF0, 0x00, 0x00, 0x00, 0x0F, 
    0xE0, 0x00, 0x00, 0x00, 0x0F, 
    0xE0, 0x00, 0x00, 0x00, 0x1F, 
    0xE0, 0x00, 0x00, 0x00, 0x1F, 
    0xC0, 0x00, 0x00, 0x00, 0x1F, 
    0xC0, 0x00, 0x00, 0x00, 0x3F, 
    0x80, 0x00, 0x00, 0x00, 0x3F, 
    0x80, 0x00, 0x00, 0x00, 0x7F, 
    0x80, 0x00, 0x00, 0x00, 0x7F, 
    0x00, 0x00, 0x00, 0x00, 0x7F, 
    0x00, 0x00, 0x00, 0x00, 0xFE, 
    0x00, 0x00, 0x00, 0x00,     EFI_HII_GIBT_GLYPH,
    0x2C,          // Cell width in pixels.
    0x00,
    0x45,          // Cell height in pixels.
    0x00,
    0x04,          // Horizontal offset from cell boundary to start of glyph.
    0x00,
    0x00,          // Vertical offset from cell boundary to start of glyph.
    0x00,
    0x34,          // Number of pixels to the right to advance to next glyph.
    0x00,
    0x00, 0x00, 0x3F, 0xF0, 0x00, 0x00,          // Character: '0' (0x0030)
    0x00, 0x01, 0xFF, 0xFE, 0x00, 0x00, 
    0x00, 0x07, 0xFF, 0xFF, 0x80, 0x00, 
    0x00, 0x1F, 0xFF, 0xFF, 0xC0, 0x00, 
    0x00, 0x3F, 0xFF, 0xFF, 0xE0, 0x00, 
    0x00, 0x7F, 0xFF, 0xFF, 0xF0, 0x00, 
    0x00, 0xFF, 0xE0, 0x3F, 0xF8, 0x00, 
    0x01, 0xFF, 0x80, 0x0F, 0xFC, 0x00, 
    0x03, 0xFE, 0x00, 0x07, 0xFE, 0x00, 
    0x03, 0xFC, 0x00, 0x03, 0xFE, 0x00, 
    0x07, 0xF8, 0x00, 0x01, 0xFF, 0x00, 
    0x07, 0xF8, 0x00, 0x00, 0xFF, 0x00, 
    0x0F, 0xF0, 0x00, 0x00, 0xFF, 0x80, 
    0x0F, 0xF0, 0x00, 0x00, 0x7F, 0x80, 
    0x1F, 0xE0, 0x00, 0x00, 0x7F, 0x80, 
    0x1F, 0xE0, 0x00, 0x00, 0x3F, 0xC0, 
    0x1F, 0xC0, 0x00, 0x00, 0x3F, 0xC0, 
    0x3F, 0xC0, 0x00, 0x00, 0x3F, 0xC0, 
    0x3F, 0xC0, 0x00, 0x00, 0x3F, 0xE0, 
    0x3F, 0xC0, 0x00, 0x00, 0x1F, 0xE0, 
    0x7F, 0x80, 0x00, 0x00, 0x1F, 0xE0, 
    0x7F, 0x80, 0x00, 0x00, 0x1F, 0xE0, 
    0x7F, 0x80, 0x00, 0x00, 0x1F, 0xE0, 
    0x7F, 0x80, 0x00, 0x00, 0x1F, 0xE0, 
    0x7F, 0x80, 0x00, 0x00, 0x1F, 0xE0, 
    0x7F, 0x80, 0x00, 0x00, 0x0F, 0xF0, 
    0xFF, 0x00, 0x00, 0x00, 0x0F, 0xF0, 
    0xFF, 0x00, 0x00, 0x00, 0x0F, 0xF0, 
    0xFF, 0x00, 0x00, 0x00, 0x0F, 0xF0, 
    0xFF, 0x00, 0x00, 0x00, 0x0F, 0xF0, 
    0xFF, 0x00, 0x00, 0x00, 0x0F, 0xF0, 
    0xFF, 0x00, 0x00, 0x00, 0x0F, 0xF0, 
    0xFF, 0x00, 0x00, 0x00, 0x0F, 0xF0, 
    0xFF, 0x00, 0x00, 0x00, 0x0F, 0xF0, 
    0xFF, 0x00, 0x00, 0x00, 0x0F, 0xF0, 
    0xFF, 0x00, 0x00, 0x00, 0x0F, 0xF0, 
    0xFF, 0x00, 0x00, 0x00, 0x0F, 0xF0, 
    0xFF, 0x00, 0x00, 0x00, 0x0F, 0xF0, 
    0xFF, 0x00, 0x00, 0x00, 0x0F, 0xF0, 
    0xFF, 0x00, 0x00, 0x00, 0x0F, 0xF0, 
    0xFF, 0x00, 0x00, 0x00, 0x0F, 0xF0, 
    0xFF, 0x00, 0x00, 0x00, 0x0F, 0xF0, 
    0xFF, 0x00, 0x00, 0x00, 
    0x0F, 0xF0, 0xFF, 0x00, 0x00, 0x00, 
    0x0F, 0xE0, 0xFF, 0x00, 0x00, 0x00, 
    0x0F, 0xE0, 0x7F, 0x80, 0x00, 0x00, 
    0x1F, 0xE0, 0x7F, 0x80, 0x00, 0x00, 
    0x1F, 0xE0, 0x7F, 0x80, 0x00, 0x00, 
    0x1F, 0xE0, 0x7F, 0x80, 0x00, 0x00, 
    0x1F, 0xE0, 0x7F, 0x80, 0x00, 0x00, 
    0x1F, 0xC0, 0x3F, 0x80, 0x00, 0x00, 
    0x3F, 0xC0, 0x3F, 0xC0, 0x00, 0x00, 
    0x3F, 0xC0, 0x3F, 0xC0, 0x00, 0x00, 
    0x3F, 0xC0, 0x3F, 0xC0, 0x00, 0x00, 
    0x3F, 0x80, 0x1F, 0xE0, 0x00, 0x00, 
    0x7F, 0x80, 0x1F, 0xE0, 0x00, 0x00, 
    0x7F, 0x00, 0x0F, 0xF0, 0x00, 0x00, 
    0xFF, 0x00, 0x0F, 0xF0, 0x00, 0x00, 
    0xFE, 0x00, 0x0F, 0xF8, 0x00, 0x01, 
    0xFE, 0x00, 0x07, 0xFC, 0x00, 0x03, 
    0xFC, 0x00, 0x03, 0xFE, 0x00, 0x07, 
    0xFC, 0x00, 0x03, 0xFF, 0x00, 0x0F, 
    0xF8, 0x00, 0x01, 0xFF, 0xE0, 0x3F, 
    0xF0, 0x00, 0x00, 0xFF, 0xFF, 0xFF, 
    0xE0, 0x00, 0x00, 0x7F, 0xFF, 0xFF, 
    0xC0, 0x00, 0x00, 0x3F, 0xFF, 0xFF, 
    0x80, 0x00, 0x00, 0x0F, 0xFF, 0xFE, 
    0x00, 0x00, 0x00, 0x03, 0xFF, 0xF8, 
    0x00, 0x00, 0x00, 0x00, 0x7F, 0xC0, 
    0x00, 0x00,     EFI_HII_GIBT_GLYPH,
    0x18,          // Cell width in pixels.
    0x00,
    0x44,          // Cell height in pixels.
    0x00,
    0x0A,          // Horizontal offset from cell boundary to start of glyph.
    0x00,
    0x01,          // Vertical offset from cell boundary to start of glyph.
    0x00,
    0x34,          // Number of pixels to the right to advance to next glyph.
    0x00,
    0x00, 0x00, 0x0F,          // Character: '1' (0x0031)
    0x00, 0x00, 0x1F, 
    0x00, 0x00, 0x7F, 
    0x00, 0x00, 0xFF, 
    0x00, 0x03, 0xFF, 
    0x00, 0x0F, 0xFF, 
    0x00, 0x3F, 0xFF, 
    0x00, 0xFF, 0xFF, 
    0x07, 0xFF, 0xFF, 
    0x3F, 0xFF, 0xFF, 
    0xFF, 0xFE, 0xFF, 
    0xFF, 0xFC, 0xFF, 
    0xFF, 0xF8, 0xFF, 
    0xFF, 0xE0, 0xFF, 
    0xFF, 0x80, 0xFF, 
    0xFE, 0x00, 0xFF, 
    0xF8, 0x00, 0xFF, 
    0xC0, 0x00, 0xFF, 
    0x00, 0x00, 0xFF, 
    0x00, 0x00, 0xFF, 
    0x00, 0x00, 0xFF, 
    0x00, 0x00, 0xFF, 
    0x00, 0x00, 0xFF, 
    0x00, 0x00, 0xFF, 
    0x00, 0x00, 0xFF, 
    0x00, 0x00, 0xFF, 
    0x00, 0x00, 0xFF, 
    0x00, 0x00, 0xFF, 
    0x00, 0x00, 0xFF, 
    0x00, 0x00, 0xFF, 
    0x00, 0x00, 0xFF, 
    0x00, 0x00, 0xFF, 
    0x00, 0x00, 0xFF, 
    0x00, 0x00, 0xFF, 
    0x00, 0x00, 0xFF, 
    0x00, 0x00, 0xFF, 
    0x00, 0x00, 0xFF, 
    0x00, 0x00, 0xFF, 
    0x00, 0x00, 0xFF, 
    0x00, 0x00, 0xFF, 
    0x00, 0x00, 0xFF, 
    0x00, 0x00, 0xFF, 
    0x00, 0x00, 0xFF, 
    0x00, 0x00, 0xFF, 
    0x00, 0x00, 0xFF, 
    0x00, 0x00, 0xFF, 
    0x00, 0x00, 0xFF, 
    0x00, 0x00, 0xFF, 
    0x00, 0x00, 0xFF, 
    0x00, 0x00, 0xFF, 
    0x00, 0x00, 0xFF, 
    0x00, 0x00, 0xFF, 
    0x00, 0x00, 0xFF, 
    0x00, 0x00, 0xFF, 
    0x00, 0x00, 0xFF, 
    0x00, 0x00, 0xFF, 
    0x00, 0x00, 0xFF, 
    0x00, 0x00, 0xFF, 
    0x00, 0x00, 0xFF, 
    0x00, 0x00, 0xFF, 
    0x00, 0x00, 0xFF, 
    0x00, 0x00, 0xFF, 
    0x00, 0x00, 0xFF, 
    0x00, 0x00, 0xFF, 
    0x00, 0x00, 0xFF, 
    0x00, 0x00, 0xFF, 
    0x00, 0x00, 0xFF, 
    0x00, 0x00, 0xFF, 
    EFI_HII_GIBT_GLYPH,
    0x2A,          // Cell width in pixels.
    0x00,
    0x44,          // Cell height in pixels.
    0x00,
    0x05,          // Horizontal offset from cell boundary to start of glyph.
    0x00,
    0x01,          // Vertical offset from cell boundary to start of glyph.
    0x00,
    0x34,          // Number of pixels to the right to advance to next glyph.
    0x00,
    0x00, 0x03, 0xFF, 0x80, 0x00, 0x00,          // Character: '2' (0x0032)
    0x00, 0x3F, 0xFF, 0xF0, 0x00, 0x00, 
    0x00, 0xFF, 0xFF, 0xFC, 0x00, 0x00, 
    0x03, 0xFF, 0xFF, 0xFF, 0x00, 0x00, 
    0x07, 0xFF, 0xFF, 0xFF, 0x80, 0x00, 
    0x1F, 0xFF, 0xFF, 0xFF, 0xC0, 0x00, 
    0x1F, 0xFE, 0x01, 0xFF, 0xE0, 0x00, 
    0x1F, 0xF0, 0x00, 0x7F, 0xF0, 0x00, 
    0x1F, 0xC0, 0x00, 0x1F, 0xF8, 0x00, 
    0x1F, 0x00, 0x00, 0x0F, 0xF8, 0x00, 
    0x1C, 0x00, 0x00, 0x07, 0xFC, 0x00, 
    0x18, 0x00, 0x00, 0x07, 0xFC, 0x00, 
    0x10, 0x00, 0x00, 0x03, 0xFC, 0x00, 
    0x00, 0x00, 0x00, 0x03, 0xFE, 0x00, 
    0x00, 0x00, 0x00, 0x01, 0xFE, 0x00, 
    0x00, 0x00, 0x00, 0x01, 0xFE, 0x00, 
    0x00, 0x00, 0x00, 0x01, 0xFE, 0x00, 
    0x00, 0x00, 0x00, 0x01, 0xFE, 0x00, 
    0x00, 0x00, 0x00, 0x01, 0xFE, 0x00, 
    0x00, 0x00, 0x00, 0x01, 0xFE, 0x00, 
    0x00, 0x00, 0x00, 0x01, 0xFE, 0x00, 
    0x00, 0x00, 0x00, 0x01, 0xFE, 0x00, 
    0x00, 0x00, 0x00, 0x01, 0xFE, 0x00, 
    0x00, 0x00, 0x00, 0x03, 0xFC, 0x00, 
    0x00, 0x00, 0x00, 0x03, 0xFC, 0x00, 
    0x00, 0x00, 0x00, 0x03, 0xFC, 0x00, 
    0x00, 0x00, 0x00, 0x07, 0xFC, 0x00, 
    0x00, 0x00, 0x00, 0x07, 0xF8, 0x00, 
    0x00, 0x00, 0x00, 0x0F, 0xF8, 0x00, 
    0x00, 0x00, 0x00, 0x0F, 0xF0, 0x00, 
    0x00, 0x00, 0x00, 0x1F, 0xF0, 0x00, 
    0x00, 0x00, 0x00, 0x3F, 0xE0, 0x00, 
    0x00, 0x00, 0x00, 0x7F, 0xC0, 0x00, 
    0x00, 0x00, 0x00, 0xFF, 0xC0, 0x00, 
    0x00, 0x00, 0x01, 0xFF, 0x80, 0x00, 
    0x00, 0x00, 0x03, 0xFF, 0x00, 0x00, 
    0x00, 0x00, 0x07, 0xFE, 0x00, 0x00, 
    0x00, 0x00, 0x1F, 0xFC, 0x00, 0x00, 
    0x00, 0x00, 0x3F, 0xF0, 0x00, 0x00, 
    0x00, 0x00, 0x7F, 0xE0, 0x00, 0x00, 
    0x00, 0x01, 0xFF, 0xC0, 0x00, 0x00, 
    0x00, 0x03, 0xFF, 0x80, 0x00, 0x00, 
    0x00, 0x07, 0xFE, 0x00, 
    0x00, 0x00, 0x00, 0x0F, 0xFC, 0x00, 
    0x00, 0x00, 0x00, 0x3F, 0xF0, 0x00, 
    0x00, 0x00, 0x00, 0x7F, 0xE0, 0x00, 
    0x00, 0x00, 0x00, 0xFF, 0xC0, 0x00, 
    0x00, 0x00, 0x01, 0xFF, 0x00, 0x00, 
    0x00, 0x00, 0x03, 0xFE, 0x00, 0x00, 
    0x00, 0x00, 0x07, 0xFC, 0x00, 0x00, 
    0x00, 0x00, 0x0F, 0xF8, 0x00, 0x00, 
    0x00, 0x00, 0x0F, 0xF0, 0x00, 0x00, 
    0x00, 0x00, 0x1F, 0xE0, 0x00, 0x00, 
    0x00, 0x00, 0x3F, 0xC0, 0x00, 0x00, 
    0x00, 0x00, 0x3F, 0xC0, 0x00, 0x00, 
    0x00, 0x00, 0x7F, 0x80, 0x00, 0x00, 
    0x00, 0x00, 0x7F, 0x80, 0x00, 0x00, 
    0x00, 0x00, 0x7F, 0x00, 0x00, 0x00, 
    0x00, 0x00, 0x7F, 0x00, 0x00, 0x00, 
    0x00, 0x00, 0xFF, 0x00, 0x00, 0x00, 
    0x00, 0x00, 0xFF, 0x00, 0x00, 0x00, 
    0x00, 0x00, 0xFF, 0xFF, 0xFF, 0xFF, 
    0xFF, 0xC0, 0xFF, 0xFF, 0xFF, 0xFF, 
    0xFF, 0xC0, 0xFF, 0xFF, 0xFF, 0xFF, 
    0xFF, 0xC0, 0xFF, 0xFF, 0xFF, 0xFF, 
    0xFF, 0xC0, 0xFF, 0xFF, 0xFF, 0xFF, 
    0xFF, 0xC0, 0xFF, 0xFF, 0xFF, 0xFF, 
    0xFF, 0xC0, 0xFF, 0xFF, 0xFF, 0xFF, 
    0xFF, 0xC0,     EFI_HII_GIBT_GLYPH,
    0x27,          // Cell width in pixels.
    0x00,
    0x45,          // Cell height in pixels.
    0x00,
    0x06,          // Horizontal offset from cell boundary to start of glyph.
    0x00,
    0x00,          // Vertical offset from cell boundary to start of glyph.
    0x00,
    0x34,          // Number of pixels to the right to advance to next glyph.
    0x00,
    0x00, 0x0F, 0xFE, 0x00, 0x00,          // Character: '3' (0x0033)
    0x00, 0xFF, 0xFF, 0xE0, 0x00, 
    0x07, 0xFF, 0xFF, 0xF8, 0x00, 
    0x1F, 0xFF, 0xFF, 0xFE, 0x00, 
    0x1F, 0xFF, 0xFF, 0xFF, 0x00, 
    0x1F, 0xFF, 0xFF, 0xFF, 0x80, 
    0x1F, 0xF0, 0x07, 0xFF, 0xC0, 
    0x1F, 0x80, 0x00, 0xFF, 0xE0, 
    0x1C, 0x00, 0x00, 0x7F, 0xE0, 
    0x18, 0x00, 0x00, 0x3F, 0xF0, 
    0x00, 0x00, 0x00, 0x1F, 0xF0, 
    0x00, 0x00, 0x00, 0x0F, 0xF0, 
    0x00, 0x00, 0x00, 0x0F, 0xF8, 
    0x00, 0x00, 0x00, 0x07, 0xF8, 
    0x00, 0x00, 0x00, 0x07, 0xF8, 
    0x00, 0x00, 0x00, 0x07, 0xF8, 
    0x00, 0x00, 0x00, 0x07, 0xF8, 
    0x00, 0x00, 0x00, 0x07, 0xF8, 
    0x00, 0x00, 0x00, 0x07, 0xF8, 
    0x00, 0x00, 0x00, 0x07, 0xF8, 
    0x00, 0x00, 0x00, 0x07, 0xF0, 
    0x00, 0x00, 0x00, 0x0F, 0xF0, 
    0x00, 0x00, 0x00, 0x0F, 0xF0, 
    0x00, 0x00, 0x00, 0x0F, 0xE0, 
    0x00, 0x00, 0x00, 0x1F, 0xE0, 
    0x00, 0x00, 0x00, 0x3F, 0xC0, 
    0x00, 0x00, 0x00, 0x7F, 0xC0, 
    0x00, 0x00, 0x00, 0xFF, 0x80, 
    0x00, 0x00, 0x03, 0xFF, 0x00, 
    0x00, 0x00, 0x3F, 0xFC, 0x00, 
    0x01, 0xFF, 0xFF, 0xF8, 0x00, 
    0x01, 0xFF, 0xFF, 0xC0, 0x00, 
    0x01, 0xFF, 0xFF, 0x00, 0x00, 
    0x01, 0xFF, 0xFF, 0xE0, 0x00, 
    0x01, 0xFF, 0xFF, 0xFC, 0x00, 
    0x01, 0xFF, 0xFF, 0xFF, 0x00, 
    0x00, 0x00, 0x1F, 0xFF, 0x80, 
    0x00, 0x00, 0x01, 0xFF, 0xC0, 
    0x00, 0x00, 0x00, 0x7F, 0xE0, 
    0x00, 0x00, 0x00, 0x3F, 0xF0, 
    0x00, 0x00, 0x00, 0x0F, 0xF8, 
    0x00, 0x00, 0x00, 0x07, 0xF8, 
    0x00, 0x00, 0x00, 0x07, 0xFC, 
    0x00, 0x00, 0x00, 0x03, 0xFC, 
    0x00, 0x00, 0x00, 0x03, 0xFC, 
    0x00, 0x00, 0x00, 0x03, 0xFE, 
    0x00, 0x00, 0x00, 0x01, 0xFE, 
    0x00, 0x00, 0x00, 0x01, 0xFE, 
    0x00, 0x00, 0x00, 0x01, 0xFE, 
    0x00, 0x00, 0x00, 0x01, 0xFE, 
    0x00, 0x00, 0x00, 0x01, 0xFE, 
    0x00, 
    0x00, 0x00, 0x01, 0xFE, 0x00, 
    0x00, 0x00, 0x01, 0xFE, 0x00, 
    0x00, 0x00, 0x01, 0xFC, 0x00, 
    0x00, 0x00, 0x03, 0xFC, 0x00, 
    0x00, 0x00, 0x03, 0xFC, 0x00, 
    0x00, 0x00, 0x07, 0xFC, 0x00, 
    0x00, 0x00, 0x07, 0xF8, 0x80, 
    0x00, 0x00, 0x0F, 0xF8, 0xC0, 
    0x00, 0x00, 0x1F, 0xF0, 0xF0, 
    0x00, 0x00, 0x7F, 0xE0, 0xFE, 
    0x00, 0x01, 0xFF, 0xC0, 0xFF, 
    0xC0, 0x0F, 0xFF, 0x80, 0xFF, 
    0xFF, 0xFF, 0xFF, 0x00, 0xFF, 
    0xFF, 0xFF, 0xFE, 0x00, 0xFF, 
    0xFF, 0xFF, 0xFC, 0x00, 0x3F, 
    0xFF, 0xFF, 0xF0, 0x00, 0x0F, 
    0xFF, 0xFF, 0x80, 0x00, 0x00, 
    0xFF, 0xF8, 0x00, 0x00,     EFI_HII_GIBT_GLYPH,
    0x31,          // Cell width in pixels.
    0x00,
    0x43,          // Cell height in pixels.
    0x00,
    0x01,          // Horizontal offset from cell boundary to start of glyph.
    0x00,
    0x01,          // Vertical offset from cell boundary to start of glyph.
    0x00,
    0x34,          // Number of pixels to the right to advance to next glyph.
    0x00,
    0x00, 0x00, 0x00, 0x01, 0xFF, 0x00, 0x00,          // Character: '4' (0x0034)
    0x00, 0x00, 0x00, 0x03, 0xFF, 0x00, 0x00, 
    0x00, 0x00, 0x00, 0x03, 0xFF, 0x00, 0x00, 
    0x00, 0x00, 0x00, 0x07, 0xFF, 0x00, 0x00, 
    0x00, 0x00, 0x00, 0x07, 0xFF, 0x00, 0x00, 
    0x00, 0x00, 0x00, 0x0F, 0xFF, 0x00, 0x00, 
    0x00, 0x00, 0x00, 0x0F, 0xFF, 0x00, 0x00, 
    0x00, 0x00, 0x00, 0x1F, 0xFF, 0x00, 0x00, 
    0x00, 0x00, 0x00, 0x1F, 0xFF, 0x00, 0x00, 
    0x00, 0x00, 0x00, 0x3F, 0xFF, 0x00, 0x00, 
    0x00, 0x00, 0x00, 0x7F, 0xFF, 0x00, 0x00, 
    0x00, 0x00, 0x00, 0x7E, 0xFF, 0x00, 0x00, 
    0x00, 0x00, 0x00, 0xFE, 0xFF, 0x00, 0x00, 
    0x00, 0x00, 0x01, 0xFC, 0xFF, 0x00, 0x00, 
    0x00, 0x00, 0x01, 0xFC, 0xFF, 0x00, 0x00, 
    0x00, 0x00, 0x03, 0xF8, 0xFF, 0x00, 0x00, 
    0x00, 0x00, 0x03, 0xF8, 0xFF, 0x00, 0x00, 
    0x00, 0x00, 0x07, 0xF0, 0xFF, 0x00, 0x00, 
    0x00, 0x00, 0x0F, 0xE0, 0xFF, 0x00, 0x00, 
    0x00, 0x00, 0x0F, 0xE0, 0xFF, 0x00, 0x00, 
    0x00, 0x00, 0x1F, 0xC0, 0xFF, 0x00, 0x00, 
    0x00, 0x00, 0x3F, 0x80, 0xFF, 0x00, 0x00, 
    0x00, 0x00, 0x7F, 0x80, 0xFF, 0x00, 0x00, 
    0x00, 0x00, 0x7F, 0x00, 0xFF, 0x00, 0x00, 
    0x00, 0x00, 0xFE, 0x00, 0xFF, 0x00, 0x00, 
    0x00, 0x01, 0xFE, 0x00, 0xFF, 0x00, 0x00, 
    0x00, 0x01, 0xFC, 0x00, 0xFF, 0x00, 0x00, 
    0x00, 0x03, 0xF8, 0x00, 0xFF, 0x00, 0x00, 
    0x00, 0x07, 0xF8, 0x00, 0xFF, 0x00, 0x00, 
    0x00, 0x0F, 0xF0, 0x00, 0xFF, 0x00, 0x00, 
    0x00, 0x0F, 0xE0, 0x00, 0xFF, 0x00, 0x00, 
    0x00, 0x1F, 0xE0, 0x00, 0xFF, 0x00, 0x00, 
    0x00, 0x3F, 0xC0, 0x00, 0xFF, 0x00, 0x00, 
    0x00, 0x7F, 0x80, 0x00, 0xFF, 0x00, 0x00, 
    0x00, 0xFF, 0x00, 0x00, 0xFF, 0x00, 0x00, 
    0x00, 0xFF, 0x00, 0x00, 0xFF, 0x00, 0x00, 
    0x01, 0xFE, 0x00, 0x00, 
    0xFF, 0x00, 0x00, 0x03, 0xFC, 0x00, 0x00, 
    0xFF, 0x00, 0x00, 0x07, 0xF8, 0x00, 0x00, 
    0xFF, 0x00, 0x00, 0x0F, 0xF0, 0x00, 0x00, 
    0xFF, 0x00, 0x00, 0x1F, 0xE0, 0x00, 0x00, 
    0xFF, 0x00, 0x00, 0x1F, 0xE0, 0x00, 0x00, 
    0xFF, 0x00, 0x00, 0x3F, 0xC0, 0x00, 0x00, 
    0xFF, 0x00, 0x00, 0x7F, 0x80, 0x00, 0x00, 
    0xFF, 0x00, 0x00, 0xFF, 0xFF, 0xFF, 0xFF, 
    0xFF, 0xFF, 0x80, 0xFF, 0xFF, 0xFF, 0xFF, 
    0xFF, 0xFF, 0x80, 0xFF, 0xFF, 0xFF, 0xFF, 
    0xFF, 0xFF, 0x80, 0xFF, 0xFF, 0xFF, 0xFF, 
    0xFF, 0xFF, 0x80, 0xFF, 0xFF, 0xFF, 0xFF, 
    0xFF, 0xFF, 0x80, 0xFF, 0xFF, 0xFF, 0xFF, 
    0xFF, 0xFF, 0x80, 0x00, 0x00, 0x00, 0x00, 
    0xFF, 0x00, 0x00, 0x00, 0x00, 0x00, 0x00, 
    0xFF, 0x00, 0x00, 0x00, 0x00, 0x00, 0x00, 
    0xFF, 0x00, 0x00, 0x00, 0x00, 0x00, 0x00, 
    0xFF, 0x00, 0x00, 0x00, 0x00, 0x00, 0x00, 
    0xFF, 0x00, 0x00, 0x00, 0x00, 0x00, 0x00, 
    0xFF, 0x00, 0x00, 0x00, 0x00, 0x00, 0x00, 
    0xFF, 0x00, 0x00, 0x00, 0x00, 0x00, 0x00, 
    0xFF, 0x00, 0x00, 0x00, 0x00, 0x00, 0x00, 
    0xFF, 0x00, 0x00, 0x00, 0x00, 0x00, 0x00, 
    0xFF, 0x00, 0x00, 0x00, 0x00, 0x00, 0x00, 
    0xFF, 0x00, 0x00, 0x00, 0x00, 0x00, 0x00, 
    0xFF, 0x00, 0x00, 0x00, 0x00, 0x00, 0x00, 
    0xFF, 0x00, 0x00, 0x00, 0x00, 0x00, 0x00, 
    0xFF, 0x00, 0x00, 0x00, 0x00, 0x00, 0x00, 
    0xFF, 0x00, 0x00, 0x00, 0x00, 0x00, 0x00, 
    0xFF, 0x00, 0x00, 0x00, 0x00, 0x00, 0x00, 
    0xFF, 0x00, 0x00,     EFI_HII_GIBT_GLYPH,
    0x26,          // Cell width in pixels.
    0x00,
    0x44,          // Cell height in pixels.
    0x00,
    0x08,          // Horizontal offset from cell boundary to start of glyph.
    0x00,
    0x00,          // Vertical offset from cell boundary to start of glyph.
    0x00,
    0x34,          // Number of pixels to the right to advance to next glyph.
    0x00,
    0x1F, 0xFF, 0xFF, 0xFF, 0xE0,          // Character: '5' (0x0035)
    0x1F, 0xFF, 0xFF, 0xFF, 0xE0, 
    0x1F, 0xFF, 0xFF, 0xFF, 0xE0, 
    0x1F, 0xFF, 0xFF, 0xFF, 0xE0, 
    0x1F, 0xFF, 0xFF, 0xFF, 0xE0, 
    0x1F, 0xFF, 0xFF, 0xFF, 0xE0, 
    0x1F, 0xFF, 0xFF, 0xFF, 0xE0, 
    0x1F, 0xC0, 0x00, 0x00, 0x00, 
    0x1F, 0xC0, 0x00, 0x00, 0x00, 
    0x1F, 0xC0, 0x00, 0x00, 0x00, 
    0x1F, 0xC0, 0x00, 0x00, 0x00, 
    0x1F, 0xC0, 0x00, 0x00, 0x00, 
    0x3F, 0xC0, 0x00, 0x00, 0x00, 
    0x3F, 0xC0, 0x00, 0x00, 0x00, 
    0x3F, 0xC0, 0x00, 0x00, 0x00, 
    0x3F, 0xC0, 0x00, 0x00, 0x00, 
    0x3F, 0xC0, 0x00, 0x00, 0x00, 
    0x3F, 0xC0, 0x00, 0x00, 0x00, 
    0x3F, 0xC0, 0x00, 0x00, 0x00, 
    0x3F, 0xC0, 0x00, 0x00, 0x00, 
    0x3F, 0x80, 0x00, 0x00, 0x00, 
    0x3F, 0x80, 0x00, 0x00, 0x00, 
    0x3F, 0x80, 0x00, 0x00, 0x00, 
    0x3F, 0x80, 0x00, 0x00, 0x00, 
    0x3F, 0x80, 0x00, 0x00, 0x00, 
    0x3F, 0x80, 0x00, 0x00, 0x00, 
    0x7F, 0x80, 0x00, 0x00, 0x00, 
    0x7F, 0xFF, 0xF8, 0x00, 0x00, 
    0x7F, 0xFF, 0xFF, 0x80, 0x00, 
    0x7F, 0xFF, 0xFF, 0xF0, 0x00, 
    0x7F, 0xFF, 0xFF, 0xFC, 0x00, 
    0x7F, 0xFF, 0xFF, 0xFE, 0x00, 
    0x7F, 0xFF, 0xFF, 0xFF, 0x00, 
    0x40, 0x00, 0x3F, 0xFF, 0x80, 
    0x00, 0x00, 0x03, 0xFF, 0xC0, 
    0x00, 0x00, 0x00, 0xFF, 0xE0, 
    0x00, 0x00, 0x00, 0x7F, 0xE0, 
    0x00, 0x00, 0x00, 0x3F, 0xF0, 
    0x00, 0x00, 0x00, 0x1F, 0xF0, 
    0x00, 0x00, 0x00, 0x0F, 0xF8, 
    0x00, 0x00, 0x00, 0x07, 0xF8, 
    0x00, 0x00, 0x00, 0x07, 0xF8, 
    0x00, 0x00, 0x00, 0x07, 0xFC, 
    0x00, 0x00, 0x00, 0x03, 0xFC, 
    0x00, 0x00, 0x00, 0x03, 0xFC, 
    0x00, 0x00, 0x00, 0x03, 0xFC, 
    0x00, 0x00, 0x00, 0x03, 0xFC, 
    0x00, 0x00, 0x00, 0x03, 0xFC, 
    0x00, 0x00, 0x00, 0x03, 0xFC, 
    0x00, 0x00, 0x00, 0x03, 0xFC, 
    0x00, 0x00, 0x00, 0x03, 0xFC, 
    0x00, 
    0x00, 0x00, 0x07, 0xFC, 0x00, 
    0x00, 0x00, 0x07, 0xF8, 0x00, 
    0x00, 0x00, 0x07, 0xF8, 0x00, 
    0x00, 0x00, 0x0F, 0xF8, 0x00, 
    0x00, 0x00, 0x0F, 0xF0, 0x00, 
    0x00, 0x00, 0x1F, 0xF0, 0x00, 
    0x00, 0x00, 0x3F, 0xE0, 0x80, 
    0x00, 0x00, 0x7F, 0xE0, 0xE0, 
    0x00, 0x00, 0xFF, 0xC0, 0xF8, 
    0x00, 0x03, 0xFF, 0x80, 0xFF, 
    0x80, 0x1F, 0xFF, 0x00, 0xFF, 
    0xFF, 0xFF, 0xFE, 0x00, 0xFF, 
    0xFF, 0xFF, 0xFC, 0x00, 0xFF, 
    0xFF, 0xFF, 0xF0, 0x00, 0xFF, 
    0xFF, 0xFF, 0xC0, 0x00, 0x3F, 
    0xFF, 0xFF, 0x00, 0x00, 0x01, 
    0xFF, 0xF0, 0x00, 0x00,     EFI_HII_GIBT_GLYPH,
    0x2B,          // Cell width in pixels.
    0x00,
    0x45,          // Cell height in pixels.
    0x00,
    0x05,          // Horizontal offset from cell boundary to start of glyph.
    0x00,
    0x00,          // Vertical offset from cell boundary to start of glyph.
    0x00,
    0x34,          // Number of pixels to the right to advance to next glyph.
    0x00,
    0x00, 0x00, 0x03, 0xFF, 0xC0, 0x00,          // Character: '6' (0x0036)
    0x00, 0x00, 0x1F, 0xFF, 0xFC, 0x00, 
    0x00, 0x00, 0x7F, 0xFF, 0xFE, 0x00, 
    0x00, 0x01, 0xFF, 0xFF, 0xFE, 0x00, 
    0x00, 0x07, 0xFF, 0xFF, 0xFE, 0x00, 
    0x00, 0x0F, 0xFF, 0xFF, 0xFE, 0x00, 
    0x00, 0x1F, 0xFF, 0x00, 0xFE, 0x00, 
    0x00, 0x3F, 0xF8, 0x00, 0x0E, 0x00, 
    0x00, 0x7F, 0xE0, 0x00, 0x02, 0x00, 
    0x00, 0xFF, 0x80, 0x00, 0x00, 0x00, 
    0x00, 0xFF, 0x00, 0x00, 0x00, 0x00, 
    0x01, 0xFE, 0x00, 0x00, 0x00, 0x00, 
    0x03, 0xFC, 0x00, 0x00, 0x00, 0x00, 
    0x03, 0xFC, 0x00, 0x00, 0x00, 0x00, 
    0x07, 0xF8, 0x00, 0x00, 0x00, 0x00, 
    0x07, 0xF0, 0x00, 0x00, 0x00, 0x00, 
    0x0F, 0xF0, 0x00, 0x00, 0x00, 0x00, 
    0x0F, 0xE0, 0x00, 0x00, 0x00, 0x00, 
    0x1F, 0xE0, 0x00, 0x00, 0x00, 0x00, 
    0x1F, 0xC0, 0x00, 0x00, 0x00, 0x00, 
    0x1F, 0xC0, 0x00, 0x00, 0x00, 0x00, 
    0x3F, 0xC0, 0x00, 0x00, 0x00, 0x00, 
    0x3F, 0x80, 0x00, 0x00, 0x00, 0x00, 
    0x3F, 0x80, 0x00, 0x00, 0x00, 0x00, 
    0x3F, 0x80, 0x00, 0x00, 0x00, 0x00, 
    0x7F, 0x80, 0x00, 0x00, 0x00, 0x00, 
    0x7F, 0x80, 0x1F, 0xF0, 0x00, 0x00, 
    0x7F, 0x00, 0xFF, 0xFF, 0x00, 0x00, 
    0x7F, 0x03, 0xFF, 0xFF, 0xC0, 0x00, 
    0x7F, 0x0F, 0xFF, 0xFF, 0xE0, 0x00, 
    0xFF, 0x1F, 0xFF, 0xFF, 0xF0, 0x00, 
    0xFF, 0x3F, 0xFF, 0xFF, 0xFC, 0x00, 
    0xFF, 0x7F, 0xC0, 0x3F, 0xFC, 0x00, 
    0xFF, 0x7F, 0x00, 0x0F, 0xFE, 0x00, 
    0xFF, 0xFC, 0x00, 0x03, 0xFF, 0x00, 
    0xFF, 0xF8, 0x00, 0x01, 0xFF, 0x00, 
    0xFF, 0xF0, 0x00, 0x00, 0xFF, 0x80, 
    0xFF, 0xE0, 0x00, 0x00, 0xFF, 0x80, 
    0xFF, 0xE0, 0x00, 0x00, 0x7F, 0xC0, 
    0xFF, 0xC0, 0x00, 0x00, 0x3F, 0xC0, 
    0xFF, 0xC0, 0x00, 0x00, 0x3F, 0xC0, 
    0xFF, 0x80, 0x00, 0x00, 0x3F, 0xE0, 
    0xFF, 0x80, 0x00, 0x00, 
    0x3F, 0xE0, 0xFF, 0x80, 0x00, 0x00, 
    0x1F, 0xE0, 0xFF, 0x80, 0x00, 0x00, 
    0x1F, 0xE0, 0xFF, 0x00, 0x00, 0x00, 
    0x1F, 0xE0, 0x7F, 0x00, 0x00, 0x00, 
    0x1F, 0xE0, 0x7F, 0x80, 0x00, 0x00, 
    0x1F, 0xE0, 0x7F, 0x80, 0x00, 0x00, 
    0x1F, 0xE0, 0x7F, 0x80, 0x00, 0x00, 
    0x1F, 0xE0, 0x7F, 0x80, 0x00, 0x00, 
    0x1F, 0xE0, 0x3F, 0x80, 0x00, 0x00, 
    0x1F, 0xE0, 0x3F, 0x80, 0x00, 0x00, 
    0x3F, 0xC0, 0x3F, 0xC0, 0x00, 0x00, 
    0x3F, 0xC0, 0x3F, 0xC0, 0x00, 0x00, 
    0x3F, 0xC0, 0x1F, 0xE0, 0x00, 0x00, 
    0x7F, 0x80, 0x1F, 0xE0, 0x00, 0x00, 
    0x7F, 0x80, 0x0F, 0xF0, 0x00, 0x00, 
    0xFF, 0x80, 0x0F, 0xF8, 0x00, 0x00, 
    0xFF, 0x00, 0x07, 0xFC, 0x00, 0x01, 
    0xFE, 0x00, 0x07, 0xFE, 0x00, 0x03, 
    0xFE, 0x00, 0x03, 0xFF, 0x00, 0x0F, 
    0xFC, 0x00, 0x01, 0xFF, 0xE0, 0x3F, 
    0xF8, 0x00, 0x00, 0xFF, 0xFF, 0xFF, 
    0xF0, 0x00, 0x00, 0x7F, 0xFF, 0xFF, 
    0xE0, 0x00, 0x00, 0x3F, 0xFF, 0xFF, 
    0xC0, 0x00, 0x00, 0x0F, 0xFF, 0xFF, 
    0x00, 0x00, 0x00, 0x03, 0xFF, 0xFC, 
    0x00, 0x00, 0x00, 0x00, 0x7F, 0xE0, 
    0x00, 0x00,     EFI_HII_GIBT_GLYPH,
    0x2A,          // Cell width in pixels.
    0x00,
    0x43,          // Cell height in pixels.
    0x00,
    0x05,          // Horizontal offset from cell boundary to start of glyph.
    0x00,
    0x01,          // Vertical offset from cell boundary to start of glyph.
    0x00,
    0x34,          // Number of pixels to the right to advance to next glyph.
    0x00,
    0xFF, 0xFF, 0xFF, 0xFF, 0xFF, 0xC0,          // Character: '7' (0x0037)
    0xFF, 0xFF, 0xFF, 0xFF, 0xFF, 0xC0, 
    0xFF, 0xFF, 0xFF, 0xFF, 0xFF, 0xC0, 
    0xFF, 0xFF, 0xFF, 0xFF, 0xFF, 0xC0, 
    0xFF, 0xFF, 0xFF, 0xFF, 0xFF, 0xC0, 
    0xFF, 0xFF, 0xFF, 0xFF, 0xFF, 0x80, 
    0xFF, 0xFF, 0xFF, 0xFF, 0xFF, 0x80, 
    0x00, 0x00, 0x00, 0x00, 0x7F, 0x00, 
    0x00, 0x00, 0x00, 0x00, 0xFF, 0x00, 
    0x00, 0x00, 0x00, 0x00, 0xFE, 0x00, 
    0x00, 0x00, 0x00, 0x01, 0xFE, 0x00, 
    0x00, 0x00, 0x00, 0x01, 0xFC, 0x00, 
    0x00, 0x00, 0x00, 0x03, 0xFC, 0x00, 
    0x00, 0x00, 0x00, 0x03, 0xF8, 0x00, 
    0x00, 0x00, 0x00, 0x07, 0xF8, 0x00, 
    0x00, 0x00, 0x00, 0x07, 0xF0, 0x00, 
    0x00, 0x00, 0x00, 0x0F, 0xF0, 0x00, 
    0x00, 0x00, 0x00, 0x1F, 0xE0, 0x00, 
    0x00, 0x00, 0x00, 0x1F, 0xE0, 0x00, 
    0x00, 0x00, 0x00, 0x3F, 0xC0, 0x00, 
    0x00, 0x00, 0x00, 0x3F, 0xC0, 0x00, 
    0x00, 0x00, 0x00, 0x7F, 0x80, 0x00, 
    0x00, 0x00, 0x00, 0x7F, 0x80, 0x00, 
    0x00, 0x00, 0x00, 0x7F, 0x00, 0x00, 
    0x00, 0x00, 0x00, 0xFF, 0x00, 0x00, 
    0x00, 0x00, 0x00, 0xFE, 0x00, 0x00, 
    0x00, 0x00, 0x01, 0xFE, 0x00, 0x00, 
    0x00, 0x00, 0x01, 0xFC, 0x00, 0x00, 
    0x00, 0x00, 0x03, 0xFC, 0x00, 0x00, 
    0x00, 0x00, 0x03, 0xF8, 0x00, 0x00, 
    0x00, 0x00, 0x07, 0xF8, 0x00, 0x00, 
    0x00, 0x00, 0x07, 0xF8, 0x00, 0x00, 
    0x00, 0x00, 0x0F, 0xF0, 0x00, 0x00, 
    0x00, 0x00, 0x0F, 0xF0, 0x00, 0x00, 
    0x00, 0x00, 0x0F, 0xE0, 0x00, 0x00, 
    0x00, 0x00, 0x1F, 0xE0, 0x00, 0x00, 
    0x00, 0x00, 0x1F, 0xC0, 0x00, 0x00, 
    0x00, 0x00, 0x3F, 0xC0, 0x00, 0x00, 
    0x00, 0x00, 0x3F, 0xC0, 0x00, 0x00, 
    0x00, 0x00, 0x3F, 0x80, 0x00, 0x00, 
    0x00, 0x00, 0x7F, 0x80, 0x00, 0x00, 
    0x00, 0x00, 0x7F, 0x80, 0x00, 0x00, 
    0x00, 0x00, 0xFF, 0x00, 
    0x00, 0x00, 0x00, 0x00, 0xFF, 0x00, 
    0x00, 0x00, 0x00, 0x00, 0xFE, 0x00, 
    0x00, 0x00, 0x00, 0x01, 0xFE, 0x00, 
    0x00, 0x00, 0x00, 0x01, 0xFE, 0x00, 
    0x00, 0x00, 0x00, 0x01, 0xFC, 0x00, 
    0x00, 0x00, 0x00, 0x03, 0xFC, 0x00, 
    0x00, 0x00, 0x00, 0x03, 0xFC, 0x00, 
    0x00, 0x00, 0x00, 0x03, 0xFC, 0x00, 
    0x00, 0x00, 0x00, 0x03, 0xF8, 0x00, 
    0x00, 0x00, 0x00, 0x07, 0xF8, 0x00, 
    0x00, 0x00, 0x00, 0x07, 0xF8, 0x00, 
    0x00, 0x00, 0x00, 0x07, 0xF0, 0x00, 
    0x00, 0x00, 0x00, 0x0F, 0xF0, 0x00, 
    0x00, 0x00, 0x00, 0x0F, 0xF0, 0x00, 
    0x00, 0x00, 0x00, 0x0F, 0xF0, 0x00, 
    0x00, 0x00, 0x00, 0x0F, 0xE0, 0x00, 
    0x00, 0x00, 0x00, 0x1F, 0xE0, 0x00, 
    0x00, 0x00, 0x00, 0x1F, 0xE0, 0x00, 
    0x00, 0x00, 0x00, 0x1F, 0xE0, 0x00, 
    0x00, 0x00, 0x00, 0x1F, 0xE0, 0x00, 
    0x00, 0x00, 0x00, 0x1F, 0xE0, 0x00, 
    0x00, 0x00, 0x00, 0x3F, 0xC0, 0x00, 
    0x00, 0x00, 0x00, 0x3F, 0xC0, 0x00, 
    0x00, 0x00, 0x00, 0x3F, 0xC0, 0x00, 
    0x00, 0x00,     EFI_HII_GIBT_GLYPH,
    0x2C,          // Cell width in pixels.
    0x00,
    0x45,          // Cell height in pixels.
    0x00,
    0x04,          // Horizontal offset from cell boundary to start of glyph.
    0x00,
    0x00,          // Vertical offset from cell boundary to start of glyph.
    0x00,
    0x34,          // Number of pixels to the right to advance to next glyph.
    0x00,
    0x00, 0x00, 0x7F, 0xE0, 0x00, 0x00,          // Character: '8' (0x0038)
    0x00, 0x03, 0xFF, 0xFC, 0x00, 0x00, 
    0x00, 0x0F, 0xFF, 0xFF, 0x00, 0x00, 
    0x00, 0x3F, 0xFF, 0xFF, 0xC0, 0x00, 
    0x00, 0x7F, 0xFF, 0xFF, 0xE0, 0x00, 
    0x00, 0xFF, 0xFF, 0xFF, 0xF0, 0x00, 
    0x01, 0xFF, 0xE0, 0x7F, 0xF8, 0x00, 
    0x03, 0xFF, 0x00, 0x0F, 0xFC, 0x00, 
    0x07, 0xFE, 0x00, 0x07, 0xFE, 0x00, 
    0x07, 0xFC, 0x00, 0x03, 0xFE, 0x00, 
    0x0F, 0xF8, 0x00, 0x01, 0xFF, 0x00, 
    0x0F, 0xF0, 0x00, 0x01, 0xFF, 0x00, 
    0x0F, 0xF0, 0x00, 0x00, 0xFF, 0x00, 
    0x1F, 0xF0, 0x00, 0x00, 0xFF, 0x80, 
    0x1F, 0xE0, 0x00, 0x00, 0x7F, 0x80, 
    0x1F, 0xE0, 0x00, 0x00, 0x7F, 0x80, 
    0x1F, 0xE0, 0x00, 0x00, 0x7F, 0x80, 
    0x1F, 0xE0, 0x00, 0x00, 0x7F, 0x80, 
    0x1F, 0xE0, 0x00, 0x00, 0x7F, 0x80, 
    0x1F, 0xE0, 0x00, 0x00, 0x7F, 0x80, 
    0x1F, 0xE0, 0x00, 0x00, 0x7F, 0x80, 
    0x0F, 0xF0, 0x00, 0x00, 0xFF, 0x00, 
    0x0F, 0xF0, 0x00, 0x00, 0xFF, 0x00, 
    0x0F, 0xF8, 0x00, 0x01, 0xFF, 0x00, 
    0x07, 0xF8, 0x00, 0x01, 0xFE, 0x00, 
    0x03, 0xFC, 0x00, 0x03, 0xFC, 0x00, 
    0x03, 0xFE, 0x00, 0x07, 0xFC, 0x00, 
    0x01, 0xFF, 0x80, 0x1F, 0xF8, 0x00, 
    0x00, 0xFF, 0xE0, 0x7F, 0xF0, 0x00, 
    0x00, 0x7F, 0xFF, 0xFF, 0xE0, 0x00, 
    0x00, 0x1F, 0xFF, 0xFF, 0x80, 0x00, 
    0x00, 0x0F, 0xFF, 0xFF, 0x00, 0x00, 
    0x00, 0x1F, 0xFF, 0xFF, 0x80, 0x00, 
    0x00, 0x7F, 0xFF, 0xFF, 0xE0, 0x00, 
    0x00, 0xFF, 0xFF, 0xFF, 0xF0, 0x00, 
    0x03, 0xFF, 0xC0, 0x3F, 0xFC, 0x00, 
    0x07, 0xFE, 0x00, 0x07, 0xFE, 0x00, 
    0x0F, 0xFC, 0x00, 0x03, 0xFF, 0x00, 
    0x0F, 0xF0, 0x00, 0x00, 0xFF, 0x00, 
    0x1F, 0xE0, 0x00, 0x00, 0x7F, 0x80, 
    0x3F, 0xE0, 0x00, 0x00, 0x7F, 0xC0, 
    0x3F, 0xC0, 0x00, 0x00, 0x3F, 0xC0, 
    0x7F, 0x80, 0x00, 0x00, 
    0x1F, 0xE0, 0x7F, 0x80, 0x00, 0x00, 
    0x1F, 0xE0, 0x7F, 0x80, 0x00, 0x00, 
    0x1F, 0xE0, 0xFF, 0x00, 0x00, 0x00, 
    0x0F, 0xF0, 0xFF, 0x00, 0x00, 0x00, 
    0x0F, 0xF0, 0xFF, 0x00, 0x00, 0x00, 
    0x0F, 0xF0, 0xFF, 0x00, 0x00, 0x00, 
    0x0F, 0xF0, 0xFF, 0x00, 0x00, 0x00, 
    0x0F, 0xF0, 0xFF, 0x00, 0x00, 0x00, 
    0x0F, 0xF0, 0xFF, 0x00, 0x00, 0x00, 
    0x0F, 0xF0, 0xFF, 0x00, 0x00, 0x00, 
    0x1F, 0xF0, 0xFF, 0x80, 0x00, 0x00, 
    0x1F, 0xF0, 0x7F, 0x80, 0x00, 0x00, 
    0x1F, 0xE0, 0x7F, 0xC0, 0x00, 0x00, 
    0x3F, 0xE0, 0x7F, 0xC0, 0x00, 0x00, 
    0x3F, 0xE0, 0x3F, 0xE0, 0x00, 0x00, 
    0x7F, 0xC0, 0x3F, 0xF0, 0x00, 0x00, 
    0xFF, 0xC0, 0x1F, 0xF8, 0x00, 0x01, 
    0xFF, 0x80, 0x1F, 0xFE, 0x00, 0x07, 
    0xFF, 0x80, 0x0F, 0xFF, 0xC0, 0x3F, 
    0xFF, 0x00, 0x07, 0xFF, 0xFF, 0xFF, 
    0xFE, 0x00, 0x03, 0xFF, 0xFF, 0xFF, 
    0xFC, 0x00, 0x01, 0xFF, 0xFF, 0xFF, 
    0xF8, 0x00, 0x00, 0x7F, 0xFF, 0xFF, 
    0xE0, 0x00, 0x00, 0x1F, 0xFF, 0xFF, 
    0x80, 0x00, 0x00, 0x07, 0xFF, 0xFE, 
    0x00, 0x00, 0x00, 0x00, 0x7F, 0xE0, 
    0x00, 0x00,     EFI_HII_GIBT_GLYPH,
    0x2B,          // Cell width in pixels.
    0x00,
    0x45,          // Cell height in pixels.
    0x00,
    0x04,          // Horizontal offset from cell boundary to start of glyph.
    0x00,
    0x00,          // Vertical offset from cell boundary to start of glyph.
    0x00,
    0x34,          // Number of pixels to the right to advance to next glyph.
    0x00,
    0x00, 0x00, 0x7F, 0xE0, 0x00, 0x00,          // Character: '9' (0x0039)
    0x00, 0x07, 0xFF, 0xFC, 0x00, 0x00, 
    0x00, 0x1F, 0xFF, 0xFF, 0x00, 0x00, 
    0x00, 0x7F, 0xFF, 0xFF, 0x80, 0x00, 
    0x00, 0xFF, 0xFF, 0xFF, 0xC0, 0x00, 
    0x01, 0xFF, 0xFF, 0xFF, 0xF0, 0x00, 
    0x03, 0xFF, 0xC0, 0x7F, 0xF0, 0x00, 
    0x07, 0xFE, 0x00, 0x1F, 0xF8, 0x00, 
    0x0F, 0xFC, 0x00, 0x07, 0xFC, 0x00, 
    0x0F, 0xF0, 0x00, 0x03, 0xFC, 0x00, 
    0x1F, 0xF0, 0x00, 0x01, 0xFE, 0x00, 
    0x3F, 0xE0, 0x00, 0x01, 0xFF, 0x00, 
    0x3F, 0xC0, 0x00, 0x00, 0xFF, 0x00, 
    0x3F, 0xC0, 0x00, 0x00, 0x7F, 0x00, 
    0x7F, 0x80, 0x00, 0x00, 0x7F, 0x80, 
    0x7F, 0x80, 0x00, 0x00, 0x7F, 0x80, 
    0x7F, 0x80, 0x00, 0x00, 0x3F, 0x80, 
    0xFF, 0x00, 0x00, 0x00, 0x3F, 0xC0, 
    0xFF, 0x00, 0x00, 0x00, 0x3F, 0xC0, 
    0xFF, 0x00, 0x00, 0x00, 0x3F, 0xC0, 
    0xFF, 0x00, 0x00, 0x00, 0x1F, 0xC0, 
    0xFF, 0x00, 0x00, 0x00, 0x1F, 0xC0, 
    0xFF, 0x00, 0x00, 0x00, 0x1F, 0xE0, 
    0xFF, 0x00, 0x00, 0x00, 0x1F, 0xE0, 
    0xFF, 0x00, 0x00, 0x00, 0x1F, 0xE0, 
    0xFF, 0x00, 0x00, 0x00, 0x3F, 0xE0, 
    0xFF, 0x80, 0x00, 0x00, 0x3F, 0xE0, 
    0x7F, 0x80, 0x00, 0x00, 0x3F, 0xE0, 
    0x7F, 0x80, 0x00, 0x00, 0x3F, 0xE0, 
    0x7F, 0xC0, 0x00, 0x00, 0x7F, 0xE0, 
    0x7F, 0xE0, 0x00, 0x00, 0xFF, 0xE0, 
    0x3F, 0xE0, 0x00, 0x00, 0xFF, 0xE0, 
    0x3F, 0xF0, 0x00, 0x01, 0xFF, 0xE0, 
    0x1F, 0xF8, 0x00, 0x07, 0xFF, 0xE0, 
    0x1F, 0xFE, 0x00, 0x0F, 0xFF, 0xE0, 
    0x0F, 0xFF, 0xC0, 0x7F, 0xDF, 0xE0, 
    0x07, 0xFF, 0xFF, 0xFF, 0xDF, 0xE0, 
    0x03, 0xFF, 0xFF, 0xFF, 0x9F, 0xE0, 
    0x01, 0xFF, 0xFF, 0xFF, 0x1F, 0xE0, 
    0x00, 0xFF, 0xFF, 0xFE, 0x1F, 0xC0, 
    0x00, 0x3F, 0xFF, 0xFC, 0x1F, 0xC0, 
    0x00, 0x0F, 0xFF, 0xF0, 0x1F, 0xC0, 
    0x00, 0x01, 0xFF, 0x80, 
    0x1F, 0xC0, 0x00, 0x00, 0x00, 0x00, 
    0x3F, 0xC0, 0x00, 0x00, 0x00, 0x00, 
    0x3F, 0xC0, 0x00, 0x00, 0x00, 0x00, 
    0x3F, 0x80, 0x00, 0x00, 0x00, 0x00, 
    0x3F, 0x80, 0x00, 0x00, 0x00, 0x00, 
    0x3F, 0x80, 0x00, 0x00, 0x00, 0x00, 
    0x7F, 0x80, 0x00, 0x00, 0x00, 0x00, 
    0x7F, 0x00, 0x00, 0x00, 0x00, 0x00, 
    0x7F, 0x00, 0x00, 0x00, 0x00, 0x00, 
    0xFF, 0x00, 0x00, 0x00, 0x00, 0x00, 
    0xFE, 0x00, 0x00, 0x00, 0x00, 0x01, 
    0xFE, 0x00, 0x00, 0x00, 0x00, 0x01, 
    0xFC, 0x00, 0x00, 0x00, 0x00, 0x03, 
    0xFC, 0x00, 0x00, 0x00, 0x00, 0x07, 
    0xF8, 0x00, 0x00, 0x00, 0x00, 0x07, 
    0xF8, 0x00, 0x00, 0x00, 0x00, 0x0F, 
    0xF0, 0x00, 0x00, 0x00, 0x00, 0x3F, 
    0xE0, 0x00, 0x08, 0x00, 0x00, 0x7F, 
    0xE0, 0x00, 0x0E, 0x00, 0x01, 0xFF, 
    0xC0, 0x00, 0x0F, 0xE0, 0x0F, 0xFF, 
    0x80, 0x00, 0x0F, 0xFF, 0xFF, 0xFF, 
    0x00, 0x00, 0x0F, 0xFF, 0xFF, 0xFC, 
    0x00, 0x00, 0x0F, 0xFF, 0xFF, 0xF8, 
    0x00, 0x00, 0x0F, 0xFF, 0xFF, 0xE0, 
    0x00, 0x00, 0x07, 0xFF, 0xFF, 0x80, 
    0x00, 0x00, 0x00, 0x7F, 0xF8, 0x00, 
    0x00, 0x00,     EFI_HII_GIBT_GLYPH,
    0x0B,          // Cell width in pixels.
    0x00,
    0x32,          // Cell height in pixels.
    0x00,
    0x05,          // Horizontal offset from cell boundary to start of glyph.
    0x00,
    0x00,          // Vertical offset from cell boundary to start of glyph.
    0x00,
    0x15,          // Number of pixels to the right to advance to next glyph.
    0x00,
    0x1F, 0x00,          // Character: ':' (0x003A)
    0x3F, 0x80, 
    0x7F, 0xC0, 
    0xFF, 0xE0, 
    0xFF, 0xE0, 
    0xFF, 0xE0, 
    0xFF, 0xE0, 
    0xFF, 0xE0, 
    0x7F, 0xC0, 
    0x3F, 0x80, 
    0x1F, 0x00, 
    0x00, 0x00, 
    0x00, 0x00, 
    0x00, 0x00, 
    0x00, 0x00, 
    0x00, 0x00, 
    0x00, 0x00, 
    0x00, 0x00, 
    0x00, 0x00, 
    0x00, 0x00, 
    0x00, 0x00, 
    0x00, 0x00, 
    0x00, 0x00, 
    0x00, 0x00, 
    0x00, 0x00, 
    0x00, 0x00, 
    0x00, 0x00, 
    0x00, 0x00, 
    0x00, 0x00, 
    0x00, 0x00, 
    0x00, 0x00, 
    0x00, 0x00, 
    0x00, 0x00, 
    0x00, 0x00, 
    0x00, 0x00, 
    0x00, 0x00, 
    0x00, 0x00, 
    0x00, 0x00, 
    0x00, 0x00, 
    0x1F, 0x00, 
    0x3F, 0x80, 
    0x7F, 0xC0, 
    0xFF, 0xE0, 
    0xFF, 0xE0, 
    0xFF, 0xE0, 
    0xFF, 0xE0, 
    0xFF, 0xE0, 
    0x7F, 0xC0, 
    0x3F, 0x80, 
    0x1F, 0x00, 
    EFI_HII_GIBT_GLYPH,
    0x0E,          // Cell width in pixels.
    0x00,
    0x3D,          // Cell height in pixels.
    0x00,
    0x02,          // Horizontal offset from cell boundary to start of glyph.
    0x00,
    0xF5,          // Vertical offset from cell boundary to start of glyph.
    0xFF,
    0x15,          // Number of pixels to the right to advance to next glyph.
    0x00,
    0x03, 0xE0,          // Character: ';' (0x003B)
    0x07, 0xF0, 
    0x0F, 0xF8, 
    0x1F, 0xFC, 
    0x1F, 0xFC, 
    0x1F, 0xFC, 
    0x1F, 0xFC, 
    0x1F, 0xFC, 
    0x0F, 0xF8, 
    0x07, 0xF0, 
    0x03, 0xE0, 
    0x00, 0x00, 
    0x00, 0x00, 
    0x00, 0x00, 
    0x00, 0x00, 
    0x00, 0x00, 
    0x00, 0x00, 
    0x00, 0x00, 
    0x00, 0x00, 
    0x00, 0x00, 
    0x00, 0x00, 
    0x00, 0x00, 
    0x00, 0x00, 
    0x00, 0x00, 
    0x00, 0x00, 
    0x00, 0x00, 
    0x00, 0x00, 
    0x00, 0x00, 
    0x00, 0x00, 
    0x00, 0x00, 
    0x00, 0x00, 
    0x00, 0x00, 
    0x00, 0x00, 
    0x00, 0x00, 
    0x00, 0x00, 
    0x00, 0x00, 
    0x00, 0x00, 
    0x00, 0x00, 
    0x07, 0xF8, 
    0x07, 0xF8, 
    0x07, 0xF0, 
    0x07, 0xF0, 
    0x0F, 0xF0, 
    0x0F, 0xE0, 
    0x0F, 0xE0, 
    0x0F, 0xE0, 
    0x1F, 0xC0, 
    0x1F, 0xC0, 
    0x1F, 0xC0, 
    0x1F, 0x80, 
    0x1F, 0x80, 
    0x3F, 0x80, 
    0x3F, 0x00, 
    0x3F, 0x00, 
    0x3F, 0x00, 
    0x7E, 0x00, 
    0x7E, 0x00, 
    0x7E, 0x00, 
    0x7C, 0x00, 
    0xFC, 0x00, 
    0xFC, 0x00, 
    EFI_HII_GIBT_GLYPH,
    0x28,          // Cell width in pixels.
    0x00,
    0x2E,          // Cell height in pixels.
    0x00,
    0x0D,          // Horizontal offset from cell boundary to start of glyph.
    0x00,
    0x07,          // Vertical offset from cell boundary to start of glyph.
    0x00,
    0x42,          // Number of pixels to the right to advance to next glyph.
    0x00,
    0x00, 0x00, 0x00, 0x00, 0x01,          // Character: '<' (0x003C)
    0x00, 0x00, 0x00, 0x00, 0x07, 
    0x00, 0x00, 0x00, 0x00, 0x0F, 
    0x00, 0x00, 0x00, 0x00, 0x3F, 
    0x00, 0x00, 0x00, 0x00, 0xFF, 
    0x00, 0x00, 0x00, 0x03, 0xFF, 
    0x00, 0x00, 0x00, 0x07, 0xFF, 
    0x00, 0x00, 0x00, 0x1F, 0xFE, 
    0x00, 0x00, 0x00, 0x7F, 0xFC, 
    0x00, 0x00, 0x01, 0xFF, 0xF0, 
    0x00, 0x00, 0x03, 0xFF, 0xC0, 
    0x00, 0x00, 0x0F, 0xFF, 0x00, 
    0x00, 0x00, 0x3F, 0xFC, 0x00, 
    0x00, 0x00, 0xFF, 0xF8, 0x00, 
    0x00, 0x01, 0xFF, 0xE0, 0x00, 
    0x00, 0x07, 0xFF, 0x80, 0x00, 
    0x00, 0x1F, 0xFE, 0x00, 0x00, 
    0x00, 0x7F, 0xFC, 0x00, 0x00, 
    0x00, 0xFF, 0xF0, 0x00, 0x00, 
    0x03, 0xFF, 0xC0, 0x00, 0x00, 
    0x0F, 0xFF, 0x00, 0x00, 0x00, 
    0x3F, 0xFE, 0x00, 0x00, 0x00, 
    0xFF, 0xF8, 0x00, 0x00, 0x00, 
    0xFF, 0xE0, 0x00, 0x00, 0x00, 
    0xFF, 0xE0, 0x00, 0x00, 0x00, 
    0xFF, 0xF8, 0x00, 0x00, 0x00, 
    0x3F, 0xFE, 0x00, 0x00, 0x00, 
    0x0F, 0xFF, 0x80, 0x00, 0x00, 
    0x03, 0xFF, 0xE0, 0x00, 0x00, 
    0x00, 0xFF, 0xF8, 0x00, 0x00, 
    0x00, 0x3F, 0xFE, 0x00, 0x00, 
    0x00, 0x0F, 0xFF, 0x80, 0x00, 
    0x00, 0x03, 0xFF, 0xE0, 0x00, 
    0x00, 0x00, 0xFF, 0xF8, 0x00, 
    0x00, 0x00, 0x7F, 0xFE, 0x00, 
    0x00, 0x00, 0x1F, 0xFF, 0x80, 
    0x00, 0x00, 0x07, 0xFF, 0xE0, 
    0x00, 0x00, 0x01, 0xFF, 0xF8, 
    0x00, 0x00, 0x00, 0x7F, 0xFE, 
    0x00, 0x00, 0x00, 0x1F, 0xFF, 
    0x00, 0x00, 0x00, 0x07, 0xFF, 
    0x00, 0x00, 0x00, 0x01, 0xFF, 
    0x00, 0x00, 0x00, 0x00, 0x7F, 
    0x00, 0x00, 0x00, 0x00, 0x1F, 
    0x00, 0x00, 0x00, 0x00, 0x07, 
    0x00, 0x00, 0x00, 0x00, 0x01, 
    EFI_HII_GIBT_GLYPH,
    0x2C,          // Cell width in pixels.
    0x00,
    0x1A,          // Cell height in pixels.
    0x00,
    0x0B,          // Horizontal offset from cell boundary to start of glyph.
    0x00,
    0x10,          // Vertical offset from cell boundary to start of glyph.
    0x00,
    0x42,          // Number of pixels to the right to advance to next glyph.
    0x00,
    0xFF, 0xFF, 0xFF, 0xFF, 0xFF, 0xF0,          // Character: '=' (0x003D)
    0xFF, 0xFF, 0xFF, 0xFF, 0xFF, 0xF0, 
    0xFF, 0xFF, 0xFF, 0xFF, 0xFF, 0xF0, 
    0xFF, 0xFF, 0xFF, 0xFF, 0xFF, 0xF0, 
    0xFF, 0xFF, 0xFF, 0xFF, 0xFF, 0xF0, 
    0xFF, 0xFF, 0xFF, 0xFF, 0xFF, 0xF0, 
    0x00, 0x00, 0x00, 0x00, 0x00, 0x00, 
    0x00, 0x00, 0x00, 0x00, 0x00, 0x00, 
    0x00, 0x00, 0x00, 0x00, 0x00, 0x00, 
    0x00, 0x00, 0x00, 0x00, 0x00, 0x00, 
    0x00, 0x00, 0x00, 0x00, 0x00, 0x00, 
    0x00, 0x00, 0x00, 0x00, 0x00, 0x00, 
    0x00, 0x00, 0x00, 0x00, 0x00, 0x00, 
    0x00, 0x00, 0x00, 0x00, 0x00, 0x00, 
    0x00, 0x00, 0x00, 0x00, 0x00, 0x00, 
    0x00, 0x00, 0x00, 0x00, 0x00, 0x00, 
    0x00, 0x00, 0x00, 0x00, 0x00, 0x00, 
    0x00, 0x00, 0x00, 0x00, 0x00, 0x00, 
    0x00, 0x00, 0x00, 0x00, 0x00, 0x00, 
    0x00, 0x00, 0x00, 0x00, 0x00, 0x00, 
    0xFF, 0xFF, 0xFF, 0xFF, 0xFF, 0xF0, 
    0xFF, 0xFF, 0xFF, 0xFF, 0xFF, 0xF0, 
    0xFF, 0xFF, 0xFF, 0xFF, 0xFF, 0xF0, 
    0xFF, 0xFF, 0xFF, 0xFF, 0xFF, 0xF0, 
    0xFF, 0xFF, 0xFF, 0xFF, 0xFF, 0xF0, 
    0xFF, 0xFF, 0xFF, 0xFF, 0xFF, 0xF0, 
    EFI_HII_GIBT_GLYPH,
    0x28,          // Cell width in pixels.
    0x00,
    0x2E,          // Cell height in pixels.
    0x00,
    0x0D,          // Horizontal offset from cell boundary to start of glyph.
    0x00,
    0x07,          // Vertical offset from cell boundary to start of glyph.
    0x00,
    0x42,          // Number of pixels to the right to advance to next glyph.
    0x00,
    0x80, 0x00, 0x00, 0x00, 0x00,          // Character: '>' (0x003E)
    0xE0, 0x00, 0x00, 0x00, 0x00, 
    0xF0, 0x00, 0x00, 0x00, 0x00, 
    0xFC, 0x00, 0x00, 0x00, 0x00, 
    0xFF, 0x00, 0x00, 0x00, 0x00, 
    0xFF, 0xC0, 0x00, 0x00, 0x00, 
    0xFF, 0xE0, 0x00, 0x00, 0x00, 
    0x7F, 0xF8, 0x00, 0x00, 0x00, 
    0x3F, 0xFE, 0x00, 0x00, 0x00, 
    0x0F, 0xFF, 0x80, 0x00, 0x00, 
    0x03, 0xFF, 0xC0, 0x00, 0x00, 
    0x00, 0xFF, 0xF0, 0x00, 0x00, 
    0x00, 0x3F, 0xFC, 0x00, 0x00, 
    0x00, 0x1F, 0xFF, 0x00, 0x00, 
    0x00, 0x07, 0xFF, 0x80, 0x00, 
    0x00, 0x01, 0xFF, 0xE0, 0x00, 
    0x00, 0x00, 0x7F, 0xF8, 0x00, 
    0x00, 0x00, 0x3F, 0xFE, 0x00, 
    0x00, 0x00, 0x0F, 0xFF, 0x00, 
    0x00, 0x00, 0x03, 0xFF, 0xC0, 
    0x00, 0x00, 0x00, 0xFF, 0xF0, 
    0x00, 0x00, 0x00, 0x3F, 0xFC, 
    0x00, 0x00, 0x00, 0x1F, 0xFF, 
    0x00, 0x00, 0x00, 0x07, 0xFF, 
    0x00, 0x00, 0x00, 0x07, 0xFF, 
    0x00, 0x00, 0x00, 0x1F, 0xFF, 
    0x00, 0x00, 0x00, 0x7F, 0xFC, 
    0x00, 0x00, 0x01, 0xFF, 0xF0, 
    0x00, 0x00, 0x07, 0xFF, 0xC0, 
    0x00, 0x00, 0x1F, 0xFF, 0x00, 
    0x00, 0x00, 0x7F, 0xFC, 0x00, 
    0x00, 0x01, 0xFF, 0xF0, 0x00, 
    0x00, 0x07, 0xFF, 0xC0, 0x00, 
    0x00, 0x1F, 0xFF, 0x00, 0x00, 
    0x00, 0x7F, 0xFE, 0x00, 0x00, 
    0x01, 0xFF, 0xF8, 0x00, 0x00, 
    0x07, 0xFF, 0xE0, 0x00, 0x00, 
    0x1F, 0xFF, 0x80, 0x00, 0x00, 
    0x7F, 0xFE, 0x00, 0x00, 0x00, 
    0xFF, 0xF8, 0x00, 0x00, 0x00, 
    0xFF, 0xE0, 0x00, 0x00, 0x00, 
    0xFF, 0x80, 0x00, 0x00, 0x00, 
    0xFE, 0x00, 0x00, 0x00, 0x00, 
    0xF8, 0x00, 0x00, 0x00, 0x00, 
    0xE0, 0x00, 0x00, 0x00, 0x00, 
    0x80, 0x00, 0x00, 0x00, 0x00, 
    EFI_HII_GIBT_GLYPH,
    0x21,          // Cell width in pixels.
    0x00,
    0x45,          // Cell height in pixels.
    0x00,
    0x06,          // Horizontal offset from cell boundary to start of glyph.
    0x00,
    0x00,          // Vertical offset from cell boundary to start of glyph.
    0x00,
    0x2B,          // Number of pixels to the right to advance to next glyph.
    0x00,
    0x00, 0x3F, 0xF0, 0x00, 0x00,          // Character: '?' (0x003F)
    0x03, 0xFF, 0xFF, 0x00, 0x00, 
    0x1F, 0xFF, 0xFF, 0xC0, 0x00, 
    0x7F, 0xFF, 0xFF, 0xF0, 0x00, 
    0xFF, 0xFF, 0xFF, 0xF8, 0x00, 
    0xFF, 0xFF, 0xFF, 0xFC, 0x00, 
    0xFF, 0x80, 0x3F, 0xFE, 0x00, 
    0xFC, 0x00, 0x0F, 0xFE, 0x00, 
    0xF0, 0x00, 0x03, 0xFF, 0x00, 
    0xE0, 0x00, 0x01, 0xFF, 0x00, 
    0xC0, 0x00, 0x00, 0xFF, 0x00, 
    0x80, 0x00, 0x00, 0xFF, 0x80, 
    0x00, 0x00, 0x00, 0x7F, 0x80, 
    0x00, 0x00, 0x00, 0x7F, 0x80, 
    0x00, 0x00, 0x00, 0x7F, 0x80, 
    0x00, 0x00, 0x00, 0x7F, 0x80, 
    0x00, 0x00, 0x00, 0x7F, 0x80, 
    0x00, 0x00, 0x00, 0x7F, 0x80, 
    0x00, 0x00, 0x00, 0xFF, 0x80, 
    0x00, 0x00, 0x00, 0xFF, 0x00, 
    0x00, 0x00, 0x00, 0xFF, 0x00, 
    0x00, 0x00, 0x01, 0xFE, 0x00, 
    0x00, 0x00, 0x03, 0xFE, 0x00, 
    0x00, 0x00, 0x07, 0xFC, 0x00, 
    0x00, 0x00, 0x07, 0xF8, 0x00, 
    0x00, 0x00, 0x0F, 0xF8, 0x00, 
    0x00, 0x00, 0x1F, 0xF0, 0x00, 
    0x00, 0x00, 0x3F, 0xE0, 0x00, 
    0x00, 0x00, 0x7F, 0xC0, 0x00, 
    0x00, 0x00, 0xFF, 0x80, 0x00, 
    0x00, 0x01, 0xFF, 0x00, 0x00, 
    0x00, 0x03, 0xFE, 0x00, 0x00, 
    0x00, 0x07, 0xFC, 0x00, 0x00, 
    0x00, 0x0F, 0xF8, 0x00, 0x00, 
    0x00, 0x1F, 0xF0, 0x00, 0x00, 
    0x00, 0x1F, 0xE0, 0x00, 0x00, 
    0x00, 0x3F, 0xC0, 0x00, 0x00, 
    0x00, 0x3F, 0x80, 0x00, 0x00, 
    0x00, 0x7F, 0x80, 0x00, 0x00, 
    0x00, 0x7F, 0x00, 0x00, 0x00, 
    0x00, 0x7F, 0x00, 0x00, 0x00, 
    0x00, 0x7F, 0x00, 0x00, 0x00, 
    0x00, 0x7F, 0x00, 0x00, 0x00, 
    0x00, 0x7F, 0x00, 0x00, 0x00, 
    0x00, 0x7F, 0x00, 0x00, 0x00, 
    0x00, 0x7F, 0x00, 0x00, 0x00, 
    0x00, 0x7F, 0x80, 0x00, 0x00, 
    0x00, 0x3F, 0x80, 0x00, 0x00, 
    0x00, 0x3F, 0x80, 0x00, 0x00, 
    0x00, 0x00, 0x00, 0x00, 0x00, 
    0x00, 0x00, 0x00, 0x00, 0x00, 
    0x00, 
    0x00, 0x00, 0x00, 0x00, 0x00, 
    0x00, 0x00, 0x00, 0x00, 0x00, 
    0x00, 0x00, 0x00, 0x00, 0x00, 
    0x00, 0x00, 0x00, 0x00, 0x00, 
    0x00, 0x00, 0x00, 0x00, 0x00, 
    0x00, 0x00, 0x00, 0x00, 0x00, 
    0x00, 0x00, 0x00, 0x00, 0x00, 
    0x0F, 0x80, 0x00, 0x00, 0x00, 
    0x1F, 0xC0, 0x00, 0x00, 0x00, 
    0x3F, 0xE0, 0x00, 0x00, 0x00, 
    0x7F, 0xF0, 0x00, 0x00, 0x00, 
    0x7F, 0xF0, 0x00, 0x00, 0x00, 
    0x7F, 0xF0, 0x00, 0x00, 0x00, 
    0x7F, 0xF0, 0x00, 0x00, 0x00, 
    0x7F, 0xF0, 0x00, 0x00, 0x00, 
    0x3F, 0xE0, 0x00, 0x00, 0x00, 
    0x1F, 0xC0, 0x00, 0x00, 0x00, 
    0x0F, 0x80, 0x00, 0x00,     EFI_HII_GIBT_GLYPH,
    0x4C,          // Cell width in pixels.
    0x00,
    0x4D,          // Cell height in pixels.
    0x00,
    0x08,          // Horizontal offset from cell boundary to start of glyph.
    0x00,
    0xF8,          // Vertical offset from cell boundary to start of glyph.
    0xFF,
    0x5C,          // Number of pixels to the right to advance to next glyph.
    0x00,
    0x00, 0x00, 0x00, 0x00, 0xFF, 0xFC, 0x00, 0x00, 0x00, 0x00,          // Character: '@' (0x0040)
    0x00, 0x00, 0x00, 0x1F, 0xFF, 0xFF, 0xE0, 0x00, 0x00, 0x00, 
    0x00, 0x00, 0x00, 0xFF, 0xFF, 0xFF, 0xFC, 0x00, 0x00, 0x00, 
    0x00, 0x00, 0x03, 0xFF, 0xFF, 0xFF, 0xFF, 0x00, 0x00, 0x00, 
    0x00, 0x00, 0x0F, 0xFF, 0xFF, 0xFF, 0xFF, 0xC0, 0x00, 0x00, 
    0x00, 0x00, 0x3F, 0xFF, 0x80, 0x03, 0xFF, 0xF0, 0x00, 0x00, 
    0x00, 0x00, 0x7F, 0xF0, 0x00, 0x00, 0x3F, 0xFC, 0x00, 0x00, 
    0x00, 0x01, 0xFF, 0xC0, 0x00, 0x00, 0x07, 0xFE, 0x00, 0x00, 
    0x00, 0x03, 0xFF, 0x00, 0x00, 0x00, 0x01, 0xFF, 0x00, 0x00, 
    0x00, 0x07, 0xFC, 0x00, 0x00, 0x00, 0x00, 0x7F, 0x80, 0x00, 
    0x00, 0x0F, 0xF0, 0x00, 0x00, 0x00, 0x00, 0x3F, 0xE0, 0x00, 
    0x00, 0x1F, 0xE0, 0x00, 0x00, 0x00, 0x00, 0x0F, 0xE0, 0x00, 
    0x00, 0x3F, 0xC0, 0x00, 0x00, 0x00, 0x00, 0x07, 0xF0, 0x00, 
    0x00, 0x7F, 0x80, 0x00, 0x00, 0x00, 0x00, 0x03, 0xF8, 0x00, 
    0x00, 0xFF, 0x00, 0x00, 0x00, 0x00, 0x00, 0x01, 0xFC, 0x00, 
    0x01, 0xFE, 0x00, 0x00, 0x00, 0x00, 0x00, 0x00, 0xFE, 0x00, 
    0x01, 0xFC, 0x00, 0x00, 0x00, 0x00, 0x00, 0x00, 0xFE, 0x00, 
    0x03, 0xF8, 0x00, 0x00, 0x3F, 0xC0, 0x00, 0x00, 0x7F, 0x00, 
    0x07, 0xF0, 0x00, 0x01, 0xFF, 0xF0, 0x7E, 0x00, 0x3F, 0x00, 
    0x07, 0xF0, 0x00, 0x07, 0xFF, 0xFC, 0x7C, 0x00, 0x3F, 0x80, 
    0x0F, 0xE0, 0x00, 0x0F, 0xFF, 0xFE, 0xFC, 0x00, 0x1F, 0x80, 
    0x0F, 0xC0, 0x00, 0x1F, 0xFF, 0xFE, 0xFC, 0x00, 0x1F, 0xC0, 
    0x1F, 0xC0, 0x00, 0x3F, 0xE0, 0x3F, 0xFC, 0x00, 0x0F, 0xC0, 
    0x1F, 0x80, 0x00, 0x7F, 0x80, 0x0F, 0xFC, 0x00, 0x0F, 0xC0, 
    0x1F, 0x80, 0x00, 0xFE, 0x00, 0x07, 0xFC, 0x00, 0x0F, 0xE0, 
    0x3F, 0x00, 0x01, 0xFC, 0x00, 0x07, 
    0xFC, 0x00, 0x07, 0xE0, 0x3F, 0x00, 0x01, 0xFC, 0x00, 0x03, 
    0xFC, 0x00, 0x07, 0xE0, 0x3F, 0x00, 0x03, 0xF8, 0x00, 0x03, 
    0xFC, 0x00, 0x07, 0xE0, 0x7E, 0x00, 0x03, 0xF0, 0x00, 0x01, 
    0xFC, 0x00, 0x07, 0xF0, 0x7E, 0x00, 0x07, 0xF0, 0x00, 0x01, 
    0xFC, 0x00, 0x03, 0xF0, 0x7E, 0x00, 0x07, 0xE0, 0x00, 0x01, 
    0xFC, 0x00, 0x03, 0xF0, 0x7E, 0x00, 0x07, 0xE0, 0x00, 0x01, 
    0xF8, 0x00, 0x03, 0xF0, 0x7E, 0x00, 0x0F, 0xC0, 0x00, 0x01, 
    0xF8, 0x00, 0x03, 0xF0, 0xFC, 0x00, 0x0F, 0xC0, 0x00, 0x01, 
    0xF8, 0x00, 0x03, 0xF0, 0xFC, 0x00, 0x0F, 0xC0, 0x00, 0x01, 
    0xF8, 0x00, 0x03, 0xF0, 0xFC, 0x00, 0x0F, 0xC0, 0x00, 0x01, 
    0xF8, 0x00, 0x03, 0xF0, 0xFC, 0x00, 0x1F, 0x80, 0x00, 0x01, 
    0xF8, 0x00, 0x03, 0xF0, 0xFC, 0x00, 0x1F, 0x80, 0x00, 0x01, 
    0xF8, 0x00, 0x03, 0xF0, 0xFC, 0x00, 0x1F, 0x80, 0x00, 0x01, 
    0xF8, 0x00, 0x03, 0xF0, 0xFC, 0x00, 0x1F, 0x80, 0x00, 0x01, 
    0xF8, 0x00, 0x03, 0xF0, 0xFC, 0x00, 0x1F, 0x80, 0x00, 0x03, 
    0xF8, 0x00, 0x03, 0xF0, 0xFC, 0x00, 0x1F, 0x80, 0x00, 0x03, 
    0xF8, 0x00, 0x07, 0xE0, 0xFC, 0x00, 0x1F, 0x80, 0x00, 0x03, 
    0xF8, 0x00, 0x07, 0xE0, 0xFC, 0x00, 0x1F, 0x80, 0x00, 0x03, 
    0xF0, 0x00, 0x07, 0xE0, 0xFC, 0x00, 0x1F, 0x80, 0x00, 0x07, 
    0xF0, 0x00, 0x07, 0xE0, 0xFC, 0x00, 0x1F, 0x80, 0x00, 0x07, 
    0xF0, 0x00, 0x0F, 0xC0, 0xFE, 0x00, 0x1F, 0x80, 0x00, 0x07, 
    0xF0, 0x00, 0x0F, 0xC0, 0x7E, 0x00, 0x1F, 0xC0, 0x00, 0x0F, 
    0xF0, 0x00, 0x0F, 0xC0, 0x7E, 0x00, 0x0F, 0xC0, 0x00, 0x0F, 
    0xF8, 0x00, 0x1F, 0x80, 0x7E, 0x00, 0x0F, 0xC0, 0x00, 0x1D, 
    0xF8, 0x00, 0x1F, 0x80, 0x7E, 0x00, 0x0F, 0xE0, 0x00, 0x3D, 
    0xF8, 0x00, 0x3F, 0x00, 0x3F, 0x00, 
    0x07, 0xE0, 0x00, 0x3D, 0xF8, 0x00, 0x7E, 0x00, 0x3F, 0x00, 
    0x07, 0xF0, 0x00, 0x79, 0xFC, 0x00, 0xFE, 0x00, 0x3F, 0x00, 
    0x03, 0xF8, 0x01, 0xF8, 0xFC, 0x01, 0xFC, 0x00, 0x3F, 0x80, 
    0x03, 0xFE, 0x07, 0xF0, 0xFF, 0x07, 0xF8, 0x00, 0x1F, 0x80, 
    0x01, 0xFF, 0xFF, 0xE0, 0xFF, 0xFF, 0xF0, 0x00, 0x1F, 0xC0, 
    0x00, 0xFF, 0xFF, 0xC0, 0x7F, 0xFF, 0xE0, 0x00, 0x0F, 0xC0, 
    0x00, 0x7F, 0xFF, 0x80, 0x3F, 0xFF, 0xC0, 0x00, 0x0F, 0xE0, 
    0x00, 0x1F, 0xFF, 0x00, 0x1F, 0xFF, 0x00, 0x00, 0x07, 0xF0, 
    0x00, 0x07, 0xF8, 0x00, 0x07, 0xF8, 0x00, 0x00, 0x07, 0xF0, 
    0x00, 0x00, 0x00, 0x00, 0x00, 0x00, 0x00, 0x00, 0x03, 0xF8, 
    0x00, 0x00, 0x00, 0x00, 0x00, 0x00, 0x00, 0x00, 0x01, 0xFC, 
    0x00, 0x00, 0x00, 0x00, 0x00, 0x00, 0x00, 0x00, 0x00, 0xFE, 
    0x00, 0x00, 0x00, 0x00, 0x00, 0x00, 0x00, 0x00, 0x00, 0xFF, 
    0x00, 0x00, 0x00, 0x00, 0x00, 0x00, 0x00, 0x00, 0x00, 0x7F, 
    0x80, 0x00, 0x00, 0x00, 0x00, 0x00, 0x00, 0x00, 0x00, 0x3F, 
    0xE0, 0x00, 0x00, 0x00, 0x00, 0x00, 0x00, 0x00, 0x00, 0x1F, 
    0xF0, 0x00, 0x00, 0x00, 0x00, 0x00, 0x00, 0x00, 0x00, 0x0F, 
    0xFC, 0x00, 0x00, 0x00, 0x00, 0x40, 0x00, 0x00, 0x00, 0x03, 
    0xFF, 0x00, 0x00, 0x00, 0x03, 0xC0, 0x00, 0x00, 0x00, 0x01, 
    0xFF, 0xE0, 0x00, 0x00, 0x1F, 0xC0, 0x00, 0x00, 0x00, 0x00, 
    0xFF, 0xFE, 0x00, 0x03, 0xFF, 0xC0, 0x00, 0x00, 0x00, 0x00, 
    0x3F, 0xFF, 0xFF, 0xFF, 0xFF, 0xC0, 0x00, 0x00, 0x00, 0x00, 
    0x0F, 0xFF, 0xFF, 0xFF, 0xFF, 0xC0, 0x00, 0x00, 0x00, 0x00, 
    0x01, 0xFF, 0xFF, 0xFF, 0xFF, 0x00, 0x00, 0x00, 0x00, 0x00, 
    0x00, 0x3F, 0xFF, 0xFF, 0xF0, 0x00, 0x00, 0x00, 0x00, 0x00, 
    0x00, 0x01, 0xFF, 0xFE, 0x00, 0x00, 
    0x00, 0x00,     EFI_HII_GIBT_GLYPH,
    0x3C,          // Cell width in pixels.
    0x00,
    0x43,          // Cell height in pixels.
    0x00,
    0x01,          // Horizontal offset from cell boundary to start of glyph.
    0x00,
    0x01,          // Vertical offset from cell boundary to start of glyph.
    0x00,
    0x3E,          // Number of pixels to the right to advance to next glyph.
    0x00,
    0x00, 0x00, 0x00, 0x3F, 0xC0, 0x00, 0x00, 0x00,          // Character: 'A' (0x0041)
    0x00, 0x00, 0x00, 0x7F, 0xE0, 0x00, 0x00, 0x00, 
    0x00, 0x00, 0x00, 0x7F, 0xE0, 0x00, 0x00, 0x00, 
    0x00, 0x00, 0x00, 0x7F, 0xE0, 0x00, 0x00, 0x00, 
    0x00, 0x00, 0x00, 0xFF, 0xF0, 0x00, 0x00, 0x00, 
    0x00, 0x00, 0x00, 0xFF, 0xF0, 0x00, 0x00, 0x00, 
    0x00, 0x00, 0x01, 0xFF, 0xF8, 0x00, 0x00, 0x00, 
    0x00, 0x00, 0x01, 0xFF, 0xF8, 0x00, 0x00, 0x00, 
    0x00, 0x00, 0x01, 0xFF, 0xF8, 0x00, 0x00, 0x00, 
    0x00, 0x00, 0x03, 0xFB, 0xFC, 0x00, 0x00, 0x00, 
    0x00, 0x00, 0x03, 0xFB, 0xFC, 0x00, 0x00, 0x00, 
    0x00, 0x00, 0x07, 0xF9, 0xFE, 0x00, 0x00, 0x00, 
    0x00, 0x00, 0x07, 0xF9, 0xFE, 0x00, 0x00, 0x00, 
    0x00, 0x00, 0x07, 0xF1, 0xFE, 0x00, 0x00, 0x00, 
    0x00, 0x00, 0x0F, 0xF0, 0xFF, 0x00, 0x00, 0x00, 
    0x00, 0x00, 0x0F, 0xF0, 0xFF, 0x00, 0x00, 0x00, 
    0x00, 0x00, 0x1F, 0xE0, 0xFF, 0x00, 0x00, 0x00, 
    0x00, 0x00, 0x1F, 0xE0, 0x7F, 0x80, 0x00, 0x00, 
    0x00, 0x00, 0x1F, 0xC0, 0x7F, 0x80, 0x00, 0x00, 
    0x00, 0x00, 0x3F, 0xC0, 0x3F, 0xC0, 0x00, 0x00, 
    0x00, 0x00, 0x3F, 0xC0, 0x3F, 0xC0, 0x00, 0x00, 
    0x00, 0x00, 0x3F, 0x80, 0x3F, 0xC0, 0x00, 0x00, 
    0x00, 0x00, 0x7F, 0x80, 0x1F, 0xE0, 0x00, 0x00, 
    0x00, 0x00, 0x7F, 0x80, 0x1F, 0xE0, 0x00, 0x00, 
    0x00, 0x00, 0xFF, 0x00, 0x1F, 0xF0, 0x00, 0x00, 
    0x00, 0x00, 0xFF, 0x00, 0x0F, 0xF0, 0x00, 0x00, 
    0x00, 0x00, 0xFE, 0x00, 0x0F, 0xF0, 0x00, 0x00, 
    0x00, 0x01, 0xFE, 0x00, 0x0F, 0xF8, 0x00, 0x00, 
    0x00, 0x01, 0xFE, 0x00, 0x07, 0xF8, 0x00, 0x00, 
    0x00, 0x03, 0xFC, 0x00, 0x07, 0xF8, 0x00, 0x00, 
    0x00, 0x03, 0xFC, 0x00, 0x03, 0xFC, 0x00, 0x00, 
    0x00, 0x03, 0xFC, 0x00, 0x03, 0xFC, 0x00, 0x00, 
    0x00, 0x07, 0xF8, 0x00, 0x03, 0xFE, 0x00, 0x00, 
    0x00, 0x07, 0xF8, 0x00, 0x01, 0xFE, 0x00, 0x00, 
    0x00, 0x07, 0xF8, 0x00, 0x01, 0xFE, 0x00, 0x00, 
    0x00, 0x0F, 0xF0, 0x00, 0x01, 0xFF, 0x00, 0x00, 
    0x00, 0x0F, 0xF0, 0x00, 0x00, 0xFF, 0x00, 0x00, 
    0x00, 0x1F, 0xE0, 0x00, 0x00, 0xFF, 0x80, 0x00, 
    0x00, 0x1F, 0xE0, 0x00, 0x00, 0x7F, 0x80, 0x00, 
    0x00, 0x1F, 0xE0, 0x00, 0x00, 0x7F, 0x80, 0x00, 
    0x00, 0x3F, 0xC0, 0x00, 0x00, 0x7F, 0xC0, 0x00, 
    0x00, 0x3F, 0xFF, 0xFF, 0xFF, 0xFF, 0xC0, 0x00, 
    0x00, 0x7F, 0xFF, 0xFF, 0xFF, 0xFF, 0xE0, 0x00, 
    0x00, 0x7F, 0xFF, 0xFF, 0xFF, 0xFF, 0xE0, 0x00, 
    0x00, 0x7F, 0xFF, 0xFF, 0xFF, 0xFF, 0xE0, 0x00, 
    0x00, 0xFF, 0xFF, 0xFF, 0xFF, 0xFF, 0xF0, 0x00, 
    0x00, 0xFF, 0xFF, 0xFF, 0xFF, 0xFF, 0xF0, 0x00, 
    0x00, 0xFF, 0xFF, 0xFF, 0xFF, 0xFF, 0xF0, 0x00, 
    0x01, 0xFE, 0x00, 0x00, 0x00, 0x0F, 0xF8, 0x00, 
    0x01, 0xFE, 0x00, 0x00, 0x00, 0x07, 0xF8, 0x00, 
    0x03, 0xFE, 0x00, 0x00, 0x00, 0x07, 0xFC, 0x00, 
    0x03, 0xFC, 0x00, 0x00, 0x00, 0x07, 0xFC, 0x00, 
    0x03, 0xFC, 0x00, 0x00, 0x00, 0x03, 0xFC, 0x00, 
    0x07, 0xFC, 0x00, 0x00, 0x00, 0x03, 0xFE, 0x00, 
    0x07, 0xF8, 0x00, 0x00, 0x00, 0x01, 0xFE, 0x00, 
    0x0F, 0xF8, 0x00, 0x00, 0x00, 0x01, 0xFF, 0x00, 
    0x0F, 0xF8, 0x00, 0x00, 0x00, 0x01, 0xFF, 0x00, 
    0x0F, 0xF0, 0x00, 0x00, 0x00, 0x00, 0xFF, 0x00, 
    0x1F, 0xF0, 0x00, 0x00, 0x00, 0x00, 0xFF, 0x80, 
    0x1F, 0xE0, 0x00, 0x00, 0x00, 0x00, 0xFF, 0x80, 
    0x1F, 0xE0, 0x00, 0x00, 0x00, 0x00, 0x7F, 0x80, 
    0x3F, 0xE0, 0x00, 0x00, 0x00, 0x00, 0x7F, 0xC0, 
    0x3F, 0xC0, 0x00, 0x00, 0x00, 0x00, 0x3F, 0xC0, 
    0x7F, 0xC0, 0x00, 0x00, 0x00, 0x00, 0x3F, 0xE0, 
    0x7F, 0xC0, 0x00, 0x00, 0x00, 0x00, 0x3F, 0xE0, 
    0x7F, 0x80, 0x00, 0x00, 0x00, 0x00, 0x1F, 0xE0, 
    0xFF, 0x80, 0x00, 0x00, 0x00, 0x00, 0x1F, 0xF0, 
    EFI_HII_GIBT_GLYPH,
    0x29,          // Cell width in pixels.
    0x00,
    0x43,          // Cell height in pixels.
    0x00,
    0x09,          // Horizontal offset from cell boundary to start of glyph.
    0x00,
    0x01,          // Vertical offset from cell boundary to start of glyph.
    0x00,
    0x37,          // Number of pixels to the right to advance to next glyph.
    0x00,
    0xFF, 0xFF, 0xFF, 0x80, 0x00, 0x00,          // Character: 'B' (0x0042)
    0xFF, 0xFF, 0xFF, 0xF0, 0x00, 0x00, 
    0xFF, 0xFF, 0xFF, 0xFC, 0x00, 0x00, 
    0xFF, 0xFF, 0xFF, 0xFF, 0x00, 0x00, 
    0xFF, 0xFF, 0xFF, 0xFF, 0x80, 0x00, 
    0xFF, 0xFF, 0xFF, 0xFF, 0xC0, 0x00, 
    0xFF, 0xFF, 0xFF, 0xFF, 0xE0, 0x00, 
    0xFF, 0x00, 0x03, 0xFF, 0xF0, 0x00, 
    0xFF, 0x00, 0x00, 0x7F, 0xF0, 0x00, 
    0xFF, 0x00, 0x00, 0x1F, 0xF8, 0x00, 
    0xFF, 0x00, 0x00, 0x0F, 0xF8, 0x00, 
    0xFF, 0x00, 0x00, 0x07, 0xFC, 0x00, 
    0xFF, 0x00, 0x00, 0x07, 0xFC, 0x00, 
    0xFF, 0x00, 0x00, 0x03, 0xFC, 0x00, 
    0xFF, 0x00, 0x00, 0x03, 0xFC, 0x00, 
    0xFF, 0x00, 0x00, 0x03, 0xFC, 0x00, 
    0xFF, 0x00, 0x00, 0x03, 0xFC, 0x00, 
    0xFF, 0x00, 0x00, 0x03, 0xFC, 0x00, 
    0xFF, 0x00, 0x00, 0x03, 0xFC, 0x00, 
    0xFF, 0x00, 0x00, 0x03, 0xFC, 0x00, 
    0xFF, 0x00, 0x00, 0x03, 0xF8, 0x00, 
    0xFF, 0x00, 0x00, 0x07, 0xF8, 0x00, 
    0xFF, 0x00, 0x00, 0x07, 0xF8, 0x00, 
    0xFF, 0x00, 0x00, 0x0F, 0xF0, 0x00, 
    0xFF, 0x00, 0x00, 0x0F, 0xF0, 0x00, 
    0xFF, 0x00, 0x00, 0x1F, 0xE0, 0x00, 
    0xFF, 0x00, 0x00, 0x7F, 0xC0, 0x00, 
    0xFF, 0x00, 0x00, 0xFF, 0x80, 0x00, 
    0xFF, 0x00, 0x07, 0xFF, 0x00, 0x00, 
    0xFF, 0xFF, 0xFF, 0xFC, 0x00, 0x00, 
    0xFF, 0xFF, 0xFF, 0xF8, 0x00, 0x00, 
    0xFF, 0xFF, 0xFF, 0xC0, 0x00, 0x00, 
    0xFF, 0xFF, 0xFF, 0xFC, 0x00, 0x00, 
    0xFF, 0xFF, 0xFF, 0xFF, 0x80, 0x00, 
    0xFF, 0xFF, 0xFF, 0xFF, 0xC0, 0x00, 
    0xFF, 0xFF, 0xFF, 0xFF, 0xF0, 0x00, 
    0xFF, 0x00, 0x01, 0xFF, 0xF8, 0x00, 
    0xFF, 0x00, 0x00, 0x3F, 0xFC, 0x00, 
    0xFF, 0x00, 0x00, 0x0F, 0xFC, 0x00, 
    0xFF, 0x00, 0x00, 0x03, 0xFE, 0x00, 
    0xFF, 0x00, 0x00, 0x01, 0xFF, 0x00, 
    0xFF, 0x00, 0x00, 0x01, 0xFF, 0x00, 
    0xFF, 0x00, 0x00, 0x00, 
    0xFF, 0x00, 0xFF, 0x00, 0x00, 0x00, 
    0xFF, 0x80, 0xFF, 0x00, 0x00, 0x00, 
    0x7F, 0x80, 0xFF, 0x00, 0x00, 0x00, 
    0x7F, 0x80, 0xFF, 0x00, 0x00, 0x00, 
    0x7F, 0x80, 0xFF, 0x00, 0x00, 0x00, 
    0x7F, 0x80, 0xFF, 0x00, 0x00, 0x00, 
    0x7F, 0x80, 0xFF, 0x00, 0x00, 0x00, 
    0x7F, 0x80, 0xFF, 0x00, 0x00, 0x00, 
    0x7F, 0x80, 0xFF, 0x00, 0x00, 0x00, 
    0x7F, 0x80, 0xFF, 0x00, 0x00, 0x00, 
    0xFF, 0x00, 0xFF, 0x00, 0x00, 0x00, 
    0xFF, 0x00, 0xFF, 0x00, 0x00, 0x01, 
    0xFF, 0x00, 0xFF, 0x00, 0x00, 0x03, 
    0xFF, 0x00, 0xFF, 0x00, 0x00, 0x07, 
    0xFE, 0x00, 0xFF, 0x00, 0x00, 0x0F, 
    0xFC, 0x00, 0xFF, 0x00, 0x00, 0x3F, 
    0xFC, 0x00, 0xFF, 0x00, 0x01, 0xFF, 
    0xF8, 0x00, 0xFF, 0xFF, 0xFF, 0xFF, 
    0xF0, 0x00, 0xFF, 0xFF, 0xFF, 0xFF, 
    0xE0, 0x00, 0xFF, 0xFF, 0xFF, 0xFF, 
    0xC0, 0x00, 0xFF, 0xFF, 0xFF, 0xFF, 
    0x00, 0x00, 0xFF, 0xFF, 0xFF, 0xFE, 
    0x00, 0x00, 0xFF, 0xFF, 0xFF, 0xF0, 
    0x00, 0x00, 0xFF, 0xFF, 0xFF, 0x80, 
    0x00, 0x00,     EFI_HII_GIBT_GLYPH,
    0x32,          // Cell width in pixels.
    0x00,
    0x45,          // Cell height in pixels.
    0x00,
    0x04,          // Horizontal offset from cell boundary to start of glyph.
    0x00,
    0x00,          // Vertical offset from cell boundary to start of glyph.
    0x00,
    0x3B,          // Number of pixels to the right to advance to next glyph.
    0x00,
    0x00, 0x00, 0x00, 0x0F, 0xFF, 0xC0, 0x00,          // Character: 'C' (0x0043)
    0x00, 0x00, 0x01, 0xFF, 0xFF, 0xFE, 0x00, 
    0x00, 0x00, 0x07, 0xFF, 0xFF, 0xFF, 0xC0, 
    0x00, 0x00, 0x3F, 0xFF, 0xFF, 0xFF, 0xC0, 
    0x00, 0x00, 0xFF, 0xFF, 0xFF, 0xFF, 0xC0, 
    0x00, 0x01, 0xFF, 0xFF, 0xFF, 0xFF, 0xC0, 
    0x00, 0x07, 0xFF, 0xFF, 0xFF, 0xFF, 0xC0, 
    0x00, 0x0F, 0xFF, 0xF0, 0x00, 0xFF, 0xC0, 
    0x00, 0x1F, 0xFF, 0x80, 0x00, 0x0F, 0xC0, 
    0x00, 0x3F, 0xFC, 0x00, 0x00, 0x01, 0xC0, 
    0x00, 0x7F, 0xF0, 0x00, 0x00, 0x00, 0x40, 
    0x00, 0xFF, 0xE0, 0x00, 0x00, 0x00, 0x00, 
    0x01, 0xFF, 0xC0, 0x00, 0x00, 0x00, 0x00, 
    0x01, 0xFF, 0x00, 0x00, 0x00, 0x00, 0x00, 
    0x03, 0xFE, 0x00, 0x00, 0x00, 0x00, 0x00, 
    0x07, 0xFC, 0x00, 0x00, 0x00, 0x00, 0x00, 
    0x07, 0xFC, 0x00, 0x00, 0x00, 0x00, 0x00, 
    0x0F, 0xF8, 0x00, 0x00, 0x00, 0x00, 0x00, 
    0x0F, 0xF0, 0x00, 0x00, 0x00, 0x00, 0x00, 
    0x1F, 0xF0, 0x00, 0x00, 0x00, 0x00, 0x00, 
    0x1F, 0xE0, 0x00, 0x00, 0x00, 0x00, 0x00, 
    0x3F, 0xE0, 0x00, 0x00, 0x00, 0x00, 0x00, 
    0x3F, 0xC0, 0x00, 0x00, 0x00, 0x00, 0x00, 
    0x3F, 0xC0, 0x00, 0x00, 0x00, 0x00, 0x00, 
    0x7F, 0xC0, 0x00, 0x00, 0x00, 0x00, 0x00, 
    0x7F, 0x80, 0x00, 0x00, 0x00, 0x00, 0x00, 
    0x7F, 0x80, 0x00, 0x00, 0x00, 0x00, 0x00, 
    0x7F, 0x80, 0x00, 0x00, 0x00, 0x00, 0x00, 
    0x7F, 0x80, 0x00, 0x00, 0x00, 0x00, 0x00, 
    0xFF, 0x00, 0x00, 0x00, 0x00, 0x00, 0x00, 
    0xFF, 0x00, 0x00, 0x00, 0x00, 0x00, 0x00, 
    0xFF, 0x00, 0x00, 0x00, 0x00, 0x00, 0x00, 
    0xFF, 0x00, 0x00, 0x00, 0x00, 0x00, 0x00, 
    0xFF, 0x00, 0x00, 0x00, 0x00, 0x00, 0x00, 
    0xFF, 0x00, 0x00, 0x00, 0x00, 0x00, 0x00, 
    0xFF, 0x00, 0x00, 0x00, 0x00, 0x00, 0x00, 
    0xFF, 0x00, 0x00, 0x00, 
    0x00, 0x00, 0x00, 0xFF, 0x00, 0x00, 0x00, 
    0x00, 0x00, 0x00, 0xFF, 0x00, 0x00, 0x00, 
    0x00, 0x00, 0x00, 0xFF, 0x00, 0x00, 0x00, 
    0x00, 0x00, 0x00, 0xFF, 0x00, 0x00, 0x00, 
    0x00, 0x00, 0x00, 0xFF, 0x00, 0x00, 0x00, 
    0x00, 0x00, 0x00, 0xFF, 0x80, 0x00, 0x00, 
    0x00, 0x00, 0x00, 0x7F, 0x80, 0x00, 0x00, 
    0x00, 0x00, 0x00, 0x7F, 0x80, 0x00, 0x00, 
    0x00, 0x00, 0x00, 0x7F, 0x80, 0x00, 0x00, 
    0x00, 0x00, 0x00, 0x7F, 0xC0, 0x00, 0x00, 
    0x00, 0x00, 0x00, 0x3F, 0xC0, 0x00, 0x00, 
    0x00, 0x00, 0x00, 0x3F, 0xE0, 0x00, 0x00, 
    0x00, 0x00, 0x00, 0x3F, 0xE0, 0x00, 0x00, 
    0x00, 0x00, 0x00, 0x1F, 0xF0, 0x00, 0x00, 
    0x00, 0x00, 0x00, 0x1F, 0xF0, 0x00, 0x00, 
    0x00, 0x00, 0x00, 0x0F, 0xF8, 0x00, 0x00, 
    0x00, 0x00, 0x00, 0x0F, 0xFC, 0x00, 0x00, 
    0x00, 0x00, 0x00, 0x07, 0xFE, 0x00, 0x00, 
    0x00, 0x00, 0x00, 0x07, 0xFF, 0x00, 0x00, 
    0x00, 0x00, 0x00, 0x03, 0xFF, 0x80, 0x00, 
    0x00, 0x00, 0x00, 0x01, 0xFF, 0xC0, 0x00, 
    0x00, 0x00, 0x40, 0x01, 0xFF, 0xE0, 0x00, 
    0x00, 0x01, 0xC0, 0x00, 0xFF, 0xF8, 0x00, 
    0x00, 0x07, 0xC0, 0x00, 0x7F, 0xFE, 0x00, 
    0x00, 0x1F, 0xC0, 0x00, 0x3F, 0xFF, 0xE0, 
    0x01, 0xFF, 0xC0, 0x00, 0x1F, 0xFF, 0xFF, 
    0xFF, 0xFF, 0xC0, 0x00, 0x07, 0xFF, 0xFF, 
    0xFF, 0xFF, 0xC0, 0x00, 0x03, 0xFF, 0xFF, 
    0xFF, 0xFF, 0xC0, 0x00, 0x00, 0xFF, 0xFF, 
    0xFF, 0xFF, 0x00, 0x00, 0x00, 0x3F, 0xFF, 
    0xFF, 0xFC, 0x00, 0x00, 0x00, 0x07, 0xFF, 
    0xFF, 0xE0, 0x00, 0x00, 0x00, 0x00, 0x7F, 
    0xFE, 0x00, 0x00,     EFI_HII_GIBT_GLYPH,
    0x35,          // Cell width in pixels.
    0x00,
    0x43,          // Cell height in pixels.
    0x00,
    0x09,          // Horizontal offset from cell boundary to start of glyph.
    0x00,
    0x01,          // Vertical offset from cell boundary to start of glyph.
    0x00,
    0x43,          // Number of pixels to the right to advance to next glyph.
    0x00,
    0xFF, 0xFF, 0xFF, 0xC0, 0x00, 0x00, 0x00,          // Character: 'D' (0x0044)
    0xFF, 0xFF, 0xFF, 0xFE, 0x00, 0x00, 0x00, 
    0xFF, 0xFF, 0xFF, 0xFF, 0xE0, 0x00, 0x00, 
    0xFF, 0xFF, 0xFF, 0xFF, 0xF8, 0x00, 0x00, 
    0xFF, 0xFF, 0xFF, 0xFF, 0xFE, 0x00, 0x00, 
    0xFF, 0xFF, 0xFF, 0xFF, 0xFF, 0x80, 0x00, 
    0xFF, 0xFF, 0xFF, 0xFF, 0xFF, 0xC0, 0x00, 
    0xFF, 0x00, 0x00, 0x7F, 0xFF, 0xF0, 0x00, 
    0xFF, 0x00, 0x00, 0x03, 0xFF, 0xF8, 0x00, 
    0xFF, 0x00, 0x00, 0x00, 0xFF, 0xFC, 0x00, 
    0xFF, 0x00, 0x00, 0x00, 0x3F, 0xFC, 0x00, 
    0xFF, 0x00, 0x00, 0x00, 0x0F, 0xFE, 0x00, 
    0xFF, 0x00, 0x00, 0x00, 0x07, 0xFF, 0x00, 
    0xFF, 0x00, 0x00, 0x00, 0x03, 0xFF, 0x80, 
    0xFF, 0x00, 0x00, 0x00, 0x01, 0xFF, 0x80, 
    0xFF, 0x00, 0x00, 0x00, 0x00, 0xFF, 0xC0, 
    0xFF, 0x00, 0x00, 0x00, 0x00, 0x7F, 0xC0, 
    0xFF, 0x00, 0x00, 0x00, 0x00, 0x7F, 0xE0, 
    0xFF, 0x00, 0x00, 0x00, 0x00, 0x3F, 0xE0, 
    0xFF, 0x00, 0x00, 0x00, 0x00, 0x1F, 0xE0, 
    0xFF, 0x00, 0x00, 0x00, 0x00, 0x1F, 0xF0, 
    0xFF, 0x00, 0x00, 0x00, 0x00, 0x1F, 0xF0, 
    0xFF, 0x00, 0x00, 0x00, 0x00, 0x0F, 0xF0, 
    0xFF, 0x00, 0x00, 0x00, 0x00, 0x0F, 0xF0, 
    0xFF, 0x00, 0x00, 0x00, 0x00, 0x0F, 0xF0, 
    0xFF, 0x00, 0x00, 0x00, 0x00, 0x0F, 0xF8, 
    0xFF, 0x00, 0x00, 0x00, 0x00, 0x07, 0xF8, 
    0xFF, 0x00, 0x00, 0x00, 0x00, 0x07, 0xF8, 
    0xFF, 0x00, 0x00, 0x00, 0x00, 0x07, 0xF8, 
    0xFF, 0x00, 0x00, 0x00, 0x00, 0x07, 0xF8, 
    0xFF, 0x00, 0x00, 0x00, 0x00, 0x07, 0xF8, 
    0xFF, 0x00, 0x00, 0x00, 0x00, 0x07, 0xF8, 
    0xFF, 0x00, 0x00, 0x00, 0x00, 0x07, 0xF8, 
    0xFF, 0x00, 0x00, 0x00, 0x00, 0x07, 0xF8, 
    0xFF, 0x00, 0x00, 0x00, 0x00, 0x07, 0xF8, 
    0xFF, 0x00, 0x00, 0x00, 0x00, 0x07, 0xF8, 
    0xFF, 0x00, 0x00, 0x00, 
    0x00, 0x07, 0xF8, 0xFF, 0x00, 0x00, 0x00, 
    0x00, 0x07, 0xF8, 0xFF, 0x00, 0x00, 0x00, 
    0x00, 0x07, 0xF8, 0xFF, 0x00, 0x00, 0x00, 
    0x00, 0x0F, 0xF0, 0xFF, 0x00, 0x00, 0x00, 
    0x00, 0x0F, 0xF0, 0xFF, 0x00, 0x00, 0x00, 
    0x00, 0x0F, 0xF0, 0xFF, 0x00, 0x00, 0x00, 
    0x00, 0x0F, 0xF0, 0xFF, 0x00, 0x00, 0x00, 
    0x00, 0x1F, 0xF0, 0xFF, 0x00, 0x00, 0x00, 
    0x00, 0x1F, 0xE0, 0xFF, 0x00, 0x00, 0x00, 
    0x00, 0x1F, 0xE0, 0xFF, 0x00, 0x00, 0x00, 
    0x00, 0x3F, 0xE0, 0xFF, 0x00, 0x00, 0x00, 
    0x00, 0x3F, 0xC0, 0xFF, 0x00, 0x00, 0x00, 
    0x00, 0x7F, 0xC0, 0xFF, 0x00, 0x00, 0x00, 
    0x00, 0x7F, 0x80, 0xFF, 0x00, 0x00, 0x00, 
    0x00, 0xFF, 0x80, 0xFF, 0x00, 0x00, 0x00, 
    0x01, 0xFF, 0x00, 0xFF, 0x00, 0x00, 0x00, 
    0x03, 0xFF, 0x00, 0xFF, 0x00, 0x00, 0x00, 
    0x07, 0xFE, 0x00, 0xFF, 0x00, 0x00, 0x00, 
    0x0F, 0xFC, 0x00, 0xFF, 0x00, 0x00, 0x00, 
    0x1F, 0xF8, 0x00, 0xFF, 0x00, 0x00, 0x00, 
    0x7F, 0xF0, 0x00, 0xFF, 0x00, 0x00, 0x01, 
    0xFF, 0xE0, 0x00, 0xFF, 0x00, 0x00, 0x0F, 
    0xFF, 0xC0, 0x00, 0xFF, 0x00, 0x00, 0xFF, 
    0xFF, 0x80, 0x00, 0xFF, 0xFF, 0xFF, 0xFF, 
    0xFF, 0x00, 0x00, 0xFF, 0xFF, 0xFF, 0xFF, 
    0xFC, 0x00, 0x00, 0xFF, 0xFF, 0xFF, 0xFF, 
    0xF8, 0x00, 0x00, 0xFF, 0xFF, 0xFF, 0xFF, 
    0xE0, 0x00, 0x00, 0xFF, 0xFF, 0xFF, 0xFF, 
    0x00, 0x00, 0x00, 0xFF, 0xFF, 0xFF, 0xF8, 
    0x00, 0x00, 0x00, 0xFF, 0xFF, 0xFF, 0x80, 
    0x00, 0x00, 0x00,     EFI_HII_GIBT_GLYPH,
    0x24,          // Cell width in pixels.
    0x00,
    0x43,          // Cell height in pixels.
    0x00,
    0x09,          // Horizontal offset from cell boundary to start of glyph.
    0x00,
    0x01,          // Vertical offset from cell boundary to start of glyph.
    0x00,
    0x31,          // Number of pixels to the right to advance to next glyph.
    0x00,
    0xFF, 0xFF, 0xFF, 0xFF, 0xE0,          // Character: 'E' (0x0045)
    0xFF, 0xFF, 0xFF, 0xFF, 0xE0, 
    0xFF, 0xFF, 0xFF, 0xFF, 0xE0, 
    0xFF, 0xFF, 0xFF, 0xFF, 0xE0, 
    0xFF, 0xFF, 0xFF, 0xFF, 0xE0, 
    0xFF, 0xFF, 0xFF, 0xFF, 0xE0, 
    0xFF, 0xFF, 0xFF, 0xFF, 0xE0, 
    0xFF, 0x00, 0x00, 0x00, 0x00, 
    0xFF, 0x00, 0x00, 0x00, 0x00, 
    0xFF, 0x00, 0x00, 0x00, 0x00, 
    0xFF, 0x00, 0x00, 0x00, 0x00, 
    0xFF, 0x00, 0x00, 0x00, 0x00, 
    0xFF, 0x00, 0x00, 0x00, 0x00, 
    0xFF, 0x00, 0x00, 0x00, 0x00, 
    0xFF, 0x00, 0x00, 0x00, 0x00, 
    0xFF, 0x00, 0x00, 0x00, 0x00, 
    0xFF, 0x00, 0x00, 0x00, 0x00, 
    0xFF, 0x00, 0x00, 0x00, 0x00, 
    0xFF, 0x00, 0x00, 0x00, 0x00, 
    0xFF, 0x00, 0x00, 0x00, 0x00, 
    0xFF, 0x00, 0x00, 0x00, 0x00, 
    0xFF, 0x00, 0x00, 0x00, 0x00, 
    0xFF, 0x00, 0x00, 0x00, 0x00, 
    0xFF, 0x00, 0x00, 0x00, 0x00, 
    0xFF, 0x00, 0x00, 0x00, 0x00, 
    0xFF, 0x00, 0x00, 0x00, 0x00, 
    0xFF, 0x00, 0x00, 0x00, 0x00, 
    0xFF, 0x00, 0x00, 0x00, 0x00, 
    0xFF, 0x00, 0x00, 0x00, 0x00, 
    0xFF, 0xFF, 0xFF, 0xFF, 0x80, 
    0xFF, 0xFF, 0xFF, 0xFF, 0x80, 
    0xFF, 0xFF, 0xFF, 0xFF, 0x80, 
    0xFF, 0xFF, 0xFF, 0xFF, 0x80, 
    0xFF, 0xFF, 0xFF, 0xFF, 0x80, 
    0xFF, 0xFF, 0xFF, 0xFF, 0x80, 
    0xFF, 0xFF, 0xFF, 0xFF, 0x80, 
    0xFF, 0x00, 0x00, 0x00, 0x00, 
    0xFF, 0x00, 0x00, 0x00, 0x00, 
    0xFF, 0x00, 0x00, 0x00, 0x00, 
    0xFF, 0x00, 0x00, 0x00, 0x00, 
    0xFF, 0x00, 0x00, 0x00, 0x00, 
    0xFF, 0x00, 0x00, 0x00, 0x00, 
    0xFF, 0x00, 0x00, 0x00, 0x00, 
    0xFF, 0x00, 0x00, 0x00, 0x00, 
    0xFF, 0x00, 0x00, 0x00, 0x00, 
    0xFF, 0x00, 0x00, 0x00, 0x00, 
    0xFF, 0x00, 0x00, 0x00, 0x00, 
    0xFF, 0x00, 0x00, 0x00, 0x00, 
    0xFF, 0x00, 0x00, 0x00, 0x00, 
    0xFF, 0x00, 0x00, 0x00, 0x00, 
    0xFF, 0x00, 0x00, 0x00, 0x00, 
    0xFF, 
    0x00, 0x00, 0x00, 0x00, 0xFF, 
    0x00, 0x00, 0x00, 0x00, 0xFF, 
    0x00, 0x00, 0x00, 0x00, 0xFF, 
    0x00, 0x00, 0x00, 0x00, 0xFF, 
    0x00, 0x00, 0x00, 0x00, 0xFF, 
    0x00, 0x00, 0x00, 0x00, 0xFF, 
    0x00, 0x00, 0x00, 0x00, 0xFF, 
    0x00, 0x00, 0x00, 0x00, 0xFF, 
    0x00, 0x00, 0x00, 0x00, 0xFF, 
    0xFF, 0xFF, 0xFF, 0xF0, 0xFF, 
    0xFF, 0xFF, 0xFF, 0xF0, 0xFF, 
    0xFF, 0xFF, 0xFF, 0xF0, 0xFF, 
    0xFF, 0xFF, 0xFF, 0xF0, 0xFF, 
    0xFF, 0xFF, 0xFF, 0xF0, 0xFF, 
    0xFF, 0xFF, 0xFF, 0xF0, 0xFF, 
    0xFF, 0xFF, 0xFF, 0xF0,     EFI_HII_GIBT_GLYPH,
    0x22,          // Cell width in pixels.
    0x00,
    0x43,          // Cell height in pixels.
    0x00,
    0x09,          // Horizontal offset from cell boundary to start of glyph.
    0x00,
    0x01,          // Vertical offset from cell boundary to start of glyph.
    0x00,
    0x2F,          // Number of pixels to the right to advance to next glyph.
    0x00,
    0xFF, 0xFF, 0xFF, 0xFF, 0xC0,          // Character: 'F' (0x0046)
    0xFF, 0xFF, 0xFF, 0xFF, 0xC0, 
    0xFF, 0xFF, 0xFF, 0xFF, 0xC0, 
    0xFF, 0xFF, 0xFF, 0xFF, 0xC0, 
    0xFF, 0xFF, 0xFF, 0xFF, 0xC0, 
    0xFF, 0xFF, 0xFF, 0xFF, 0xC0, 
    0xFF, 0xFF, 0xFF, 0xFF, 0xC0, 
    0xFF, 0x00, 0x00, 0x00, 0x00, 
    0xFF, 0x00, 0x00, 0x00, 0x00, 
    0xFF, 0x00, 0x00, 0x00, 0x00, 
    0xFF, 0x00, 0x00, 0x00, 0x00, 
    0xFF, 0x00, 0x00, 0x00, 0x00, 
    0xFF, 0x00, 0x00, 0x00, 0x00, 
    0xFF, 0x00, 0x00, 0x00, 0x00, 
    0xFF, 0x00, 0x00, 0x00, 0x00, 
    0xFF, 0x00, 0x00, 0x00, 0x00, 
    0xFF, 0x00, 0x00, 0x00, 0x00, 
    0xFF, 0x00, 0x00, 0x00, 0x00, 
    0xFF, 0x00, 0x00, 0x00, 0x00, 
    0xFF, 0x00, 0x00, 0x00, 0x00, 
    0xFF, 0x00, 0x00, 0x00, 0x00, 
    0xFF, 0x00, 0x00, 0x00, 0x00, 
    0xFF, 0x00, 0x00, 0x00, 0x00, 
    0xFF, 0x00, 0x00, 0x00, 0x00, 
    0xFF, 0x00, 0x00, 0x00, 0x00, 
    0xFF, 0x00, 0x00, 0x00, 0x00, 
    0xFF, 0x00, 0x00, 0x00, 0x00, 
    0xFF, 0x00, 0x00, 0x00, 0x00, 
    0xFF, 0x00, 0x00, 0x00, 0x00, 
    0xFF, 0x00, 0x00, 0x00, 0x00, 
    0xFF, 0xFF, 0xFF, 0xFF, 0x00, 
    0xFF, 0xFF, 0xFF, 0xFF, 0x00, 
    0xFF, 0xFF, 0xFF, 0xFF, 0x00, 
    0xFF, 0xFF, 0xFF, 0xFF, 0x00, 
    0xFF, 0xFF, 0xFF, 0xFF, 0x00, 
    0xFF, 0xFF, 0xFF, 0xFF, 0x00, 
    0xFF, 0xFF, 0xFF, 0xFF, 0x00, 
    0xFF, 0x00, 0x00, 0x00, 0x00, 
    0xFF, 0x00, 0x00, 0x00, 0x00, 
    0xFF, 0x00, 0x00, 0x00, 0x00, 
    0xFF, 0x00, 0x00, 0x00, 0x00, 
    0xFF, 0x00, 0x00, 0x00, 0x00, 
    0xFF, 0x00, 0x00, 0x00, 0x00, 
    0xFF, 0x00, 0x00, 0x00, 0x00, 
    0xFF, 0x00, 0x00, 0x00, 0x00, 
    0xFF, 0x00, 0x00, 0x00, 0x00, 
    0xFF, 0x00, 0x00, 0x00, 0x00, 
    0xFF, 0x00, 0x00, 0x00, 0x00, 
    0xFF, 0x00, 0x00, 0x00, 0x00, 
    0xFF, 0x00, 0x00, 0x00, 0x00, 
    0xFF, 0x00, 0x00, 0x00, 0x00, 
    0xFF, 
    0x00, 0x00, 0x00, 0x00, 0xFF, 
    0x00, 0x00, 0x00, 0x00, 0xFF, 
    0x00, 0x00, 0x00, 0x00, 0xFF, 
    0x00, 0x00, 0x00, 0x00, 0xFF, 
    0x00, 0x00, 0x00, 0x00, 0xFF, 
    0x00, 0x00, 0x00, 0x00, 0xFF, 
    0x00, 0x00, 0x00, 0x00, 0xFF, 
    0x00, 0x00, 0x00, 0x00, 0xFF, 
    0x00, 0x00, 0x00, 0x00, 0xFF, 
    0x00, 0x00, 0x00, 0x00, 0xFF, 
    0x00, 0x00, 0x00, 0x00, 0xFF, 
    0x00, 0x00, 0x00, 0x00, 0xFF, 
    0x00, 0x00, 0x00, 0x00, 0xFF, 
    0x00, 0x00, 0x00, 0x00, 0xFF, 
    0x00, 0x00, 0x00, 0x00, 0xFF, 
    0x00, 0x00, 0x00, 0x00,     EFI_HII_GIBT_GLYPH,
    0x37,          // Cell width in pixels.
    0x00,
    0x45,          // Cell height in pixels.
    0x00,
    0x04,          // Horizontal offset from cell boundary to start of glyph.
    0x00,
    0x00,          // Vertical offset from cell boundary to start of glyph.
    0x00,
    0x42,          // Number of pixels to the right to advance to next glyph.
    0x00,
    0x00, 0x00, 0x00, 0x07, 0xFF, 0xE0, 0x00,          // Character: 'G' (0x0047)
    0x00, 0x00, 0x00, 0xFF, 0xFF, 0xFF, 0x00, 
    0x00, 0x00, 0x07, 0xFF, 0xFF, 0xFF, 0xF0, 
    0x00, 0x00, 0x1F, 0xFF, 0xFF, 0xFF, 0xFC, 
    0x00, 0x00, 0x7F, 0xFF, 0xFF, 0xFF, 0xFC, 
    0x00, 0x01, 0xFF, 0xFF, 0xFF, 0xFF, 0xFC, 
    0x00, 0x03, 0xFF, 0xFF, 0xFF, 0xFF, 0xFC, 
    0x00, 0x07, 0xFF, 0xF8, 0x00, 0x7F, 0xFC, 
    0x00, 0x0F, 0xFF, 0x80, 0x00, 0x03, 0xFC, 
    0x00, 0x3F, 0xFE, 0x00, 0x00, 0x00, 0x7C, 
    0x00, 0x7F, 0xF8, 0x00, 0x00, 0x00, 0x1C, 
    0x00, 0x7F, 0xE0, 0x00, 0x00, 0x00, 0x04, 
    0x00, 0xFF, 0xC0, 0x00, 0x00, 0x00, 0x00, 
    0x01, 0xFF, 0x80, 0x00, 0x00, 0x00, 0x00, 
    0x03, 0xFF, 0x00, 0x00, 0x00, 0x00, 0x00, 
    0x07, 0xFE, 0x00, 0x00, 0x00, 0x00, 0x00, 
    0x07, 0xFC, 0x00, 0x00, 0x00, 0x00, 0x00, 
    0x0F, 0xF8, 0x00, 0x00, 0x00, 0x00, 0x00, 
    0x0F, 0xF0, 0x00, 0x00, 0x00, 0x00, 0x00, 
    0x1F, 0xF0, 0x00, 0x00, 0x00, 0x00, 0x00, 
    0x1F, 0xE0, 0x00, 0x00, 0x00, 0x00, 0x00, 
    0x3F, 0xE0, 0x00, 0x00, 0x00, 0x00, 0x00, 
    0x3F, 0xC0, 0x00, 0x00, 0x00, 0x00, 0x00, 
    0x3F, 0xC0, 0x00, 0x00, 0x00, 0x00, 0x00, 
    0x7F, 0xC0, 0x00, 0x00, 0x00, 0x00, 0x00, 
    0x7F, 0x80, 0x00, 0x00, 0x00, 0x00, 0x00, 
    0x7F, 0x80, 0x00, 0x00, 0x00, 0x00, 0x00, 
    0x7F, 0x80, 0x00, 0x00, 0x00, 0x00, 0x00, 
    0x7F, 0x80, 0x00, 0x00, 0x00, 0x00, 0x00, 
    0xFF, 0x00, 0x00, 0x00, 0x00, 0x00, 0x00, 
    0xFF, 0x00, 0x00, 0x00, 0x00, 0x00, 0x00, 
    0xFF, 0x00, 0x00, 0x00, 0x00, 0x00, 0x00, 
    0xFF, 0x00, 0x00, 0x00, 0x00, 0x00, 0x00, 
    0xFF, 0x00, 0x00, 0x00, 0xFF, 0xFF, 0xFE, 
    0xFF, 0x00, 0x00, 0x00, 0xFF, 0xFF, 0xFE, 
    0xFF, 0x00, 0x00, 0x00, 0xFF, 0xFF, 0xFE, 
    0xFF, 0x00, 0x00, 0x00, 
    0xFF, 0xFF, 0xFE, 0xFF, 0x00, 0x00, 0x00, 
    0xFF, 0xFF, 0xFE, 0xFF, 0x00, 0x00, 0x00, 
    0xFF, 0xFF, 0xFE, 0xFF, 0x00, 0x00, 0x00, 
    0xFF, 0xFF, 0xFE, 0xFF, 0x00, 0x00, 0x00, 
    0x00, 0x01, 0xFE, 0xFF, 0x80, 0x00, 0x00, 
    0x00, 0x01, 0xFE, 0x7F, 0x80, 0x00, 0x00, 
    0x00, 0x01, 0xFE, 0x7F, 0x80, 0x00, 0x00, 
    0x00, 0x01, 0xFE, 0x7F, 0x80, 0x00, 0x00, 
    0x00, 0x01, 0xFE, 0x7F, 0x80, 0x00, 0x00, 
    0x00, 0x01, 0xFE, 0x7F, 0xC0, 0x00, 0x00, 
    0x00, 0x01, 0xFE, 0x3F, 0xC0, 0x00, 0x00, 
    0x00, 0x01, 0xFE, 0x3F, 0xE0, 0x00, 0x00, 
    0x00, 0x01, 0xFE, 0x3F, 0xE0, 0x00, 0x00, 
    0x00, 0x01, 0xFE, 0x1F, 0xF0, 0x00, 0x00, 
    0x00, 0x01, 0xFE, 0x1F, 0xF0, 0x00, 0x00, 
    0x00, 0x01, 0xFE, 0x0F, 0xF8, 0x00, 0x00, 
    0x00, 0x01, 0xFE, 0x0F, 0xFC, 0x00, 0x00, 
    0x00, 0x01, 0xFE, 0x07, 0xFE, 0x00, 0x00, 
    0x00, 0x01, 0xFE, 0x07, 0xFF, 0x00, 0x00, 
    0x00, 0x01, 0xFE, 0x03, 0xFF, 0x80, 0x00, 
    0x00, 0x01, 0xFE, 0x01, 0xFF, 0xC0, 0x00, 
    0x00, 0x01, 0xFE, 0x00, 0xFF, 0xE0, 0x00, 
    0x00, 0x01, 0xFE, 0x00, 0x7F, 0xF8, 0x00, 
    0x00, 0x03, 0xFE, 0x00, 0x3F, 0xFF, 0x00, 
    0x00, 0x1F, 0xFE, 0x00, 0x1F, 0xFF, 0xE0, 
    0x01, 0xFF, 0xFE, 0x00, 0x0F, 0xFF, 0xFF, 
    0xFF, 0xFF, 0xFE, 0x00, 0x07, 0xFF, 0xFF, 
    0xFF, 0xFF, 0xFE, 0x00, 0x01, 0xFF, 0xFF, 
    0xFF, 0xFF, 0xF8, 0x00, 0x00, 0x7F, 0xFF, 
    0xFF, 0xFF, 0xE0, 0x00, 0x00, 0x1F, 0xFF, 
    0xFF, 0xFF, 0x00, 0x00, 0x00, 0x03, 0xFF, 
    0xFF, 0xF8, 0x00, 0x00, 0x00, 0x00, 0x3F, 
    0xFF, 0x00, 0x00,     EFI_HII_GIBT_GLYPH,
    0x32,          // Cell width in pixels.
    0x00,
    0x43,          // Cell height in pixels.
    0x00,
    0x09,          // Horizontal offset from cell boundary to start of glyph.
    0x00,
    0x01,          // Vertical offset from cell boundary to start of glyph.
    0x00,
    0x44,          // Number of pixels to the right to advance to next glyph.
    0x00,
    0xFF, 0x00, 0x00, 0x00, 0x00, 0x3F, 0xC0,          // Character: 'H' (0x0048)
    0xFF, 0x00, 0x00, 0x00, 0x00, 0x3F, 0xC0, 
    0xFF, 0x00, 0x00, 0x00, 0x00, 0x3F, 0xC0, 
    0xFF, 0x00, 0x00, 0x00, 0x00, 0x3F, 0xC0, 
    0xFF, 0x00, 0x00, 0x00, 0x00, 0x3F, 0xC0, 
    0xFF, 0x00, 0x00, 0x00, 0x00, 0x3F, 0xC0, 
    0xFF, 0x00, 0x00, 0x00, 0x00, 0x3F, 0xC0, 
    0xFF, 0x00, 0x00, 0x00, 0x00, 0x3F, 0xC0, 
    0xFF, 0x00, 0x00, 0x00, 0x00, 0x3F, 0xC0, 
    0xFF, 0x00, 0x00, 0x00, 0x00, 0x3F, 0xC0, 
    0xFF, 0x00, 0x00, 0x00, 0x00, 0x3F, 0xC0, 
    0xFF, 0x00, 0x00, 0x00, 0x00, 0x3F, 0xC0, 
    0xFF, 0x00, 0x00, 0x00, 0x00, 0x3F, 0xC0, 
    0xFF, 0x00, 0x00, 0x00, 0x00, 0x3F, 0xC0, 
    0xFF, 0x00, 0x00, 0x00, 0x00, 0x3F, 0xC0, 
    0xFF, 0x00, 0x00, 0x00, 0x00, 0x3F, 0xC0, 
    0xFF, 0x00, 0x00, 0x00, 0x00, 0x3F, 0xC0, 
    0xFF, 0x00, 0x00, 0x00, 0x00, 0x3F, 0xC0, 
    0xFF, 0x00, 0x00, 0x00, 0x00, 0x3F, 0xC0, 
    0xFF, 0x00, 0x00, 0x00, 0x00, 0x3F, 0xC0, 
    0xFF, 0x00, 0x00, 0x00, 0x00, 0x3F, 0xC0, 
    0xFF, 0x00, 0x00, 0x00, 0x00, 0x3F, 0xC0, 
    0xFF, 0x00, 0x00, 0x00, 0x00, 0x3F, 0xC0, 
    0xFF, 0x00, 0x00, 0x00, 0x00, 0x3F, 0xC0, 
    0xFF, 0x00, 0x00, 0x00, 0x00, 0x3F, 0xC0, 
    0xFF, 0x00, 0x00, 0x00, 0x00, 0x3F, 0xC0, 
    0xFF, 0x00, 0x00, 0x00, 0x00, 0x3F, 0xC0, 
    0xFF, 0x00, 0x00, 0x00, 0x00, 0x3F, 0xC0, 
    0xFF, 0x00, 0x00, 0x00, 0x00, 0x3F, 0xC0, 
    0xFF, 0xFF, 0xFF, 0xFF, 0xFF, 0xFF, 0xC0, 
    0xFF, 0xFF, 0xFF, 0xFF, 0xFF, 0xFF, 0xC0, 
    0xFF, 0xFF, 0xFF, 0xFF, 0xFF, 0xFF, 0xC0, 
    0xFF, 0xFF, 0xFF, 0xFF, 0xFF, 0xFF, 0xC0, 
    0xFF, 0xFF, 0xFF, 0xFF, 0xFF, 0xFF, 0xC0, 
    0xFF, 0xFF, 0xFF, 0xFF, 0xFF, 0xFF, 0xC0, 
    0xFF, 0xFF, 0xFF, 0xFF, 0xFF, 0xFF, 0xC0, 
    0xFF, 0x00, 0x00, 0x00, 
    0x00, 0x3F, 0xC0, 0xFF, 0x00, 0x00, 0x00, 
    0x00, 0x3F, 0xC0, 0xFF, 0x00, 0x00, 0x00, 
    0x00, 0x3F, 0xC0, 0xFF, 0x00, 0x00, 0x00, 
    0x00, 0x3F, 0xC0, 0xFF, 0x00, 0x00, 0x00, 
    0x00, 0x3F, 0xC0, 0xFF, 0x00, 0x00, 0x00, 
    0x00, 0x3F, 0xC0, 0xFF, 0x00, 0x00, 0x00, 
    0x00, 0x3F, 0xC0, 0xFF, 0x00, 0x00, 0x00, 
    0x00, 0x3F, 0xC0, 0xFF, 0x00, 0x00, 0x00, 
    0x00, 0x3F, 0xC0, 0xFF, 0x00, 0x00, 0x00, 
    0x00, 0x3F, 0xC0, 0xFF, 0x00, 0x00, 0x00, 
    0x00, 0x3F, 0xC0, 0xFF, 0x00, 0x00, 0x00, 
    0x00, 0x3F, 0xC0, 0xFF, 0x00, 0x00, 0x00, 
    0x00, 0x3F, 0xC0, 0xFF, 0x00, 0x00, 0x00, 
    0x00, 0x3F, 0xC0, 0xFF, 0x00, 0x00, 0x00, 
    0x00, 0x3F, 0xC0, 0xFF, 0x00, 0x00, 0x00, 
    0x00, 0x3F, 0xC0, 0xFF, 0x00, 0x00, 0x00, 
    0x00, 0x3F, 0xC0, 0xFF, 0x00, 0x00, 0x00, 
    0x00, 0x3F, 0xC0, 0xFF, 0x00, 0x00, 0x00, 
    0x00, 0x3F, 0xC0, 0xFF, 0x00, 0x00, 0x00, 
    0x00, 0x3F, 0xC0, 0xFF, 0x00, 0x00, 0x00, 
    0x00, 0x3F, 0xC0, 0xFF, 0x00, 0x00, 0x00, 
    0x00, 0x3F, 0xC0, 0xFF, 0x00, 0x00, 0x00, 
    0x00, 0x3F, 0xC0, 0xFF, 0x00, 0x00, 0x00, 
    0x00, 0x3F, 0xC0, 0xFF, 0x00, 0x00, 0x00, 
    0x00, 0x3F, 0xC0, 0xFF, 0x00, 0x00, 0x00, 
    0x00, 0x3F, 0xC0, 0xFF, 0x00, 0x00, 0x00, 
    0x00, 0x3F, 0xC0, 0xFF, 0x00, 0x00, 0x00, 
    0x00, 0x3F, 0xC0, 0xFF, 0x00, 0x00, 0x00, 
    0x00, 0x3F, 0xC0, 0xFF, 0x00, 0x00, 0x00, 
    0x00, 0x3F, 0xC0, 0xFF, 0x00, 0x00, 0x00, 
    0x00, 0x3F, 0xC0,     EFI_HII_GIBT_GLYPH,
    0x08,          // Cell width in pixels.
    0x00,
    0x43,          // Cell height in pixels.
    0x00,
    0x09,          // Horizontal offset from cell boundary to start of glyph.
    0x00,
    0x01,          // Vertical offset from cell boundary to start of glyph.
    0x00,
    0x1A,          // Number of pixels to the right to advance to next glyph.
    0x00,
    0xFF,          // Character: 'I' (0x0049)
    0xFF, 
    0xFF, 
    0xFF, 
    0xFF, 
    0xFF, 
    0xFF, 
    0xFF, 
    0xFF, 
    0xFF, 
    0xFF, 
    0xFF, 
    0xFF, 
    0xFF, 
    0xFF, 
    0xFF, 
    0xFF, 
    0xFF, 
    0xFF, 
    0xFF, 
    0xFF, 
    0xFF, 
    0xFF, 
    0xFF, 
    0xFF, 
    0xFF, 
    0xFF, 
    0xFF, 
    0xFF, 
    0xFF, 
    0xFF, 
    0xFF, 
    0xFF, 
    0xFF, 
    0xFF, 
    0xFF, 
    0xFF, 
    0xFF, 
    0xFF, 
    0xFF, 
    0xFF, 
    0xFF, 
    0xFF, 
    0xFF, 
    0xFF, 
    0xFF, 
    0xFF, 
    0xFF, 
    0xFF, 
    0xFF, 
    0xFF, 
    0xFF, 
    0xFF, 
    0xFF, 
    0xFF, 
    0xFF, 
    0xFF, 
    0xFF, 
    0xFF, 
    0xFF, 
    0xFF, 
    0xFF, 
    0xFF, 
    0xFF, 
    0xFF, 
    0xFF, 
    0xFF, 
    EFI_HII_GIBT_GLYPH,
    0x19,          // Cell width in pixels.
    0x00,
    0x44,          // Cell height in pixels.
    0x00,
    0x01,          // Horizontal offset from cell boundary to start of glyph.
    0x00,
    0x00,          // Vertical offset from cell boundary to start of glyph.
    0x00,
    0x22,          // Number of pixels to the right to advance to next glyph.
    0x00,
    0x00, 0x00, 0x7F, 0x80,          // Character: 'J' (0x004A)
    0x00, 0x00, 0x7F, 0x80, 
    0x00, 0x00, 0x7F, 0x80, 
    0x00, 0x00, 0x7F, 0x80, 
    0x00, 0x00, 0x7F, 0x80, 
    0x00, 0x00, 0x7F, 0x80, 
    0x00, 0x00, 0x7F, 0x80, 
    0x00, 0x00, 0x7F, 0x80, 
    0x00, 0x00, 0x7F, 0x80, 
    0x00, 0x00, 0x7F, 0x80, 
    0x00, 0x00, 0x7F, 0x80, 
    0x00, 0x00, 0x7F, 0x80, 
    0x00, 0x00, 0x7F, 0x80, 
    0x00, 0x00, 0x7F, 0x80, 
    0x00, 0x00, 0x7F, 0x80, 
    0x00, 0x00, 0x7F, 0x80, 
    0x00, 0x00, 0x7F, 0x80, 
    0x00, 0x00, 0x7F, 0x80, 
    0x00, 0x00, 0x7F, 0x80, 
    0x00, 0x00, 0x7F, 0x80, 
    0x00, 0x00, 0x7F, 0x80, 
    0x00, 0x00, 0x7F, 0x80, 
    0x00, 0x00, 0x7F, 0x80, 
    0x00, 0x00, 0x7F, 0x80, 
    0x00, 0x00, 0x7F, 0x80, 
    0x00, 0x00, 0x7F, 0x80, 
    0x00, 0x00, 0x7F, 0x80, 
    0x00, 0x00, 0x7F, 0x80, 
    0x00, 0x00, 0x7F, 0x80, 
    0x00, 0x00, 0x7F, 0x80, 
    0x00, 0x00, 0x7F, 0x80, 
    0x00, 0x00, 0x7F, 0x80, 
    0x00, 0x00, 0x7F, 0x80, 
    0x00, 0x00, 0x7F, 0x80, 
    0x00, 0x00, 0x7F, 0x80, 
    0x00, 0x00, 0x7F, 0x80, 
    0x00, 0x00, 0x7F, 0x80, 
    0x00, 0x00, 0x7F, 0x80, 
    0x00, 0x00, 0x7F, 0x80, 
    0x00, 0x00, 0x7F, 0x80, 
    0x00, 0x00, 0x7F, 0x80, 
    0x00, 0x00, 0x7F, 0x80, 
    0x00, 0x00, 0x7F, 0x80, 
    0x00, 0x00, 0x7F, 0x80, 
    0x00, 0x00, 0x7F, 0x80, 
    0x00, 0x00, 0x7F, 0x80, 
    0x00, 0x00, 0x7F, 0x80, 
    0x00, 0x00, 0x7F, 0x80, 
    0x00, 0x00, 0x7F, 0x80, 
    0x00, 0x00, 0x7F, 0x80, 
    0x00, 0x00, 0xFF, 0x00, 
    0x00, 0x00, 0xFF, 0x00, 
    0x00, 0x00, 0xFF, 0x00, 
    0x00, 0x00, 0xFF, 0x00, 
    0x00, 0x01, 0xFE, 0x00, 
    0x00, 0x01, 0xFE, 0x00, 
    0x00, 0x03, 0xFE, 0x00, 
    0x00, 0x03, 0xFC, 0x00, 
    0x00, 0x07, 0xFC, 0x00, 
    0x80, 0x0F, 0xF8, 0x00, 
    0xE0, 0x3F, 0xF8, 0x00, 
    0xFF, 0xFF, 0xF0, 0x00, 
    0xFF, 0xFF, 0xE0, 0x00, 
    0xFF, 0xFF, 0xC0, 0x00, 
    0xFF, 0xFF, 0x80, 0x00, 
    0xFF, 0xFF, 0x00, 0x00, 
    0xFF, 0xFC, 0x00, 0x00, 
    0x3F, 0xE0, 0x00, 0x00, 
    EFI_HII_GIBT_GLYPH,
    0x2F,          // Cell width in pixels.
    0x00,
    0x43,          // Cell height in pixels.
    0x00,
    0x09,          // Horizontal offset from cell boundary to start of glyph.
    0x00,
    0x01,          // Vertical offset from cell boundary to start of glyph.
    0x00,
    0x38,          // Number of pixels to the right to advance to next glyph.
    0x00,
    0xFF, 0x00, 0x00, 0x00, 0x1F, 0xF8,          // Character: 'K' (0x004B)
    0xFF, 0x00, 0x00, 0x00, 0x3F, 0xF0, 
    0xFF, 0x00, 0x00, 0x00, 0x7F, 0xE0, 
    0xFF, 0x00, 0x00, 0x00, 0xFF, 0xC0, 
    0xFF, 0x00, 0x00, 0x01, 0xFF, 0x80, 
    0xFF, 0x00, 0x00, 0x03, 0xFF, 0x00, 
    0xFF, 0x00, 0x00, 0x03, 0xFE, 0x00, 
    0xFF, 0x00, 0x00, 0x07, 0xFC, 0x00, 
    0xFF, 0x00, 0x00, 0x0F, 0xF8, 0x00, 
    0xFF, 0x00, 0x00, 0x1F, 0xF0, 0x00, 
    0xFF, 0x00, 0x00, 0x3F, 0xF0, 0x00, 
    0xFF, 0x00, 0x00, 0x7F, 0xE0, 0x00, 
    0xFF, 0x00, 0x00, 0xFF, 0xC0, 0x00, 
    0xFF, 0x00, 0x00, 0xFF, 0x80, 0x00, 
    0xFF, 0x00, 0x01, 0xFF, 0x00, 0x00, 
    0xFF, 0x00, 0x03, 0xFE, 0x00, 0x00, 
    0xFF, 0x00, 0x07, 0xFC, 0x00, 0x00, 
    0xFF, 0x00, 0x0F, 0xF8, 0x00, 0x00, 
    0xFF, 0x00, 0x1F, 0xF0, 0x00, 0x00, 
    0xFF, 0x00, 0x3F, 0xE0, 0x00, 0x00, 
    0xFF, 0x00, 0x3F, 0xE0, 0x00, 0x00, 
    0xFF, 0x00, 0x7F, 0xC0, 0x00, 0x00, 
    0xFF, 0x00, 0xFF, 0x80, 0x00, 0x00, 
    0xFF, 0x01, 0xFF, 0x00, 0x00, 0x00, 
    0xFF, 0x03, 0xFE, 0x00, 0x00, 0x00, 
    0xFF, 0x07, 0xFC, 0x00, 0x00, 0x00, 
    0xFF, 0x0F, 0xF8, 0x00, 0x00, 0x00, 
    0xFF, 0x1F, 0xF0, 0x00, 0x00, 0x00, 
    0xFF, 0x1F, 0xE0, 0x00, 0x00, 0x00, 
    0xFF, 0x3F, 0xC0, 0x00, 0x00, 0x00, 
    0xFF, 0x7F, 0xC0, 0x00, 0x00, 0x00, 
    0xFF, 0xFF, 0x80, 0x00, 0x00, 0x00, 
    0xFF, 0xFF, 0x00, 0x00, 0x00, 0x00, 
    0xFF, 0xFF, 0x80, 0x00, 0x00, 0x00, 
    0xFF, 0xFF, 0xC0, 0x00, 0x00, 0x00, 
    0xFF, 0x7F, 0xE0, 0x00, 0x00, 0x00, 
    0xFF, 0x3F, 0xF0, 0x00, 0x00, 0x00, 
    0xFF, 0x1F, 0xF8, 0x00, 0x00, 0x00, 
    0xFF, 0x0F, 0xFC, 0x00, 0x00, 0x00, 
    0xFF, 0x07, 0xFE, 0x00, 0x00, 0x00, 
    0xFF, 0x07, 0xFE, 0x00, 0x00, 0x00, 
    0xFF, 0x03, 0xFF, 0x00, 0x00, 0x00, 
    0xFF, 0x01, 0xFF, 0x80, 
    0x00, 0x00, 0xFF, 0x00, 0xFF, 0xC0, 
    0x00, 0x00, 0xFF, 0x00, 0x7F, 0xE0, 
    0x00, 0x00, 0xFF, 0x00, 0x3F, 0xF0, 
    0x00, 0x00, 0xFF, 0x00, 0x1F, 0xF8, 
    0x00, 0x00, 0xFF, 0x00, 0x1F, 0xFC, 
    0x00, 0x00, 0xFF, 0x00, 0x0F, 0xFE, 
    0x00, 0x00, 0xFF, 0x00, 0x07, 0xFE, 
    0x00, 0x00, 0xFF, 0x00, 0x03, 0xFF, 
    0x00, 0x00, 0xFF, 0x00, 0x01, 0xFF, 
    0x80, 0x00, 0xFF, 0x00, 0x00, 0xFF, 
    0xC0, 0x00, 0xFF, 0x00, 0x00, 0x7F, 
    0xE0, 0x00, 0xFF, 0x00, 0x00, 0x7F, 
    0xF0, 0x00, 0xFF, 0x00, 0x00, 0x3F, 
    0xF8, 0x00, 0xFF, 0x00, 0x00, 0x1F, 
    0xFC, 0x00, 0xFF, 0x00, 0x00, 0x0F, 
    0xFE, 0x00, 0xFF, 0x00, 0x00, 0x07, 
    0xFE, 0x00, 0xFF, 0x00, 0x00, 0x03, 
    0xFF, 0x00, 0xFF, 0x00, 0x00, 0x01, 
    0xFF, 0x80, 0xFF, 0x00, 0x00, 0x01, 
    0xFF, 0xC0, 0xFF, 0x00, 0x00, 0x00, 
    0xFF, 0xE0, 0xFF, 0x00, 0x00, 0x00, 
    0x7F, 0xF0, 0xFF, 0x00, 0x00, 0x00, 
    0x3F, 0xF8, 0xFF, 0x00, 0x00, 0x00, 
    0x1F, 0xFC, 0xFF, 0x00, 0x00, 0x00, 
    0x0F, 0xFE,     EFI_HII_GIBT_GLYPH,
    0x23,          // Cell width in pixels.
    0x00,
    0x43,          // Cell height in pixels.
    0x00,
    0x09,          // Horizontal offset from cell boundary to start of glyph.
    0x00,
    0x01,          // Vertical offset from cell boundary to start of glyph.
    0x00,
    0x2D,          // Number of pixels to the right to advance to next glyph.
    0x00,
    0xFF, 0x00, 0x00, 0x00, 0x00,          // Character: 'L' (0x004C)
    0xFF, 0x00, 0x00, 0x00, 0x00, 
    0xFF, 0x00, 0x00, 0x00, 0x00, 
    0xFF, 0x00, 0x00, 0x00, 0x00, 
    0xFF, 0x00, 0x00, 0x00, 0x00, 
    0xFF, 0x00, 0x00, 0x00, 0x00, 
    0xFF, 0x00, 0x00, 0x00, 0x00, 
    0xFF, 0x00, 0x00, 0x00, 0x00, 
    0xFF, 0x00, 0x00, 0x00, 0x00, 
    0xFF, 0x00, 0x00, 0x00, 0x00, 
    0xFF, 0x00, 0x00, 0x00, 0x00, 
    0xFF, 0x00, 0x00, 0x00, 0x00, 
    0xFF, 0x00, 0x00, 0x00, 0x00, 
    0xFF, 0x00, 0x00, 0x00, 0x00, 
    0xFF, 0x00, 0x00, 0x00, 0x00, 
    0xFF, 0x00, 0x00, 0x00, 0x00, 
    0xFF, 0x00, 0x00, 0x00, 0x00, 
    0xFF, 0x00, 0x00, 0x00, 0x00, 
    0xFF, 0x00, 0x00, 0x00, 0x00, 
    0xFF, 0x00, 0x00, 0x00, 0x00, 
    0xFF, 0x00, 0x00, 0x00, 0x00, 
    0xFF, 0x00, 0x00, 0x00, 0x00, 
    0xFF, 0x00, 0x00, 0x00, 0x00, 
    0xFF, 0x00, 0x00, 0x00, 0x00, 
    0xFF, 0x00, 0x00, 0x00, 0x00, 
    0xFF, 0x00, 0x00, 0x00, 0x00, 
    0xFF, 0x00, 0x00, 0x00, 0x00, 
    0xFF, 0x00, 0x00, 0x00, 0x00, 
    0xFF, 0x00, 0x00, 0x00, 0x00, 
    0xFF, 0x00, 0x00, 0x00, 0x00, 
    0xFF, 0x00, 0x00, 0x00, 0x00, 
    0xFF, 0x00, 0x00, 0x00, 0x00, 
    0xFF, 0x00, 0x00, 0x00, 0x00, 
    0xFF, 0x00, 0x00, 0x00, 0x00, 
    0xFF, 0x00, 0x00, 0x00, 0x00, 
    0xFF, 0x00, 0x00, 0x00, 0x00, 
    0xFF, 0x00, 0x00, 0x00, 0x00, 
    0xFF, 0x00, 0x00, 0x00, 0x00, 
    0xFF, 0x00, 0x00, 0x00, 0x00, 
    0xFF, 0x00, 0x00, 0x00, 0x00, 
    0xFF, 0x00, 0x00, 0x00, 0x00, 
    0xFF, 0x00, 0x00, 0x00, 0x00, 
    0xFF, 0x00, 0x00, 0x00, 0x00, 
    0xFF, 0x00, 0x00, 0x00, 0x00, 
    0xFF, 0x00, 0x00, 0x00, 0x00, 
    0xFF, 0x00, 0x00, 0x00, 0x00, 
    0xFF, 0x00, 0x00, 0x00, 0x00, 
    0xFF, 0x00, 0x00, 0x00, 0x00, 
    0xFF, 0x00, 0x00, 0x00, 0x00, 
    0xFF, 0x00, 0x00, 0x00, 0x00, 
    0xFF, 0x00, 0x00, 0x00, 0x00, 
    0xFF, 
    0x00, 0x00, 0x00, 0x00, 0xFF, 
    0x00, 0x00, 0x00, 0x00, 0xFF, 
    0x00, 0x00, 0x00, 0x00, 0xFF, 
    0x00, 0x00, 0x00, 0x00, 0xFF, 
    0x00, 0x00, 0x00, 0x00, 0xFF, 
    0x00, 0x00, 0x00, 0x00, 0xFF, 
    0x00, 0x00, 0x00, 0x00, 0xFF, 
    0x00, 0x00, 0x00, 0x00, 0xFF, 
    0x00, 0x00, 0x00, 0x00, 0xFF, 
    0xFF, 0xFF, 0xFF, 0xE0, 0xFF, 
    0xFF, 0xFF, 0xFF, 0xE0, 0xFF, 
    0xFF, 0xFF, 0xFF, 0xE0, 0xFF, 
    0xFF, 0xFF, 0xFF, 0xE0, 0xFF, 
    0xFF, 0xFF, 0xFF, 0xE0, 0xFF, 
    0xFF, 0xFF, 0xFF, 0xE0, 0xFF, 
    0xFF, 0xFF, 0xFF, 0xE0,     EFI_HII_GIBT_GLYPH,
    0x44,          // Cell width in pixels.
    0x00,
    0x43,          // Cell height in pixels.
    0x00,
    0x09,          // Horizontal offset from cell boundary to start of glyph.
    0x00,
    0x01,          // Vertical offset from cell boundary to start of glyph.
    0x00,
    0x56,          // Number of pixels to the right to advance to next glyph.
    0x00,
    0xFF, 0xE0, 0x00, 0x00, 0x00, 0x00, 0x00, 0x3F, 0xF0,          // Character: 'M' (0x004D)
    0xFF, 0xE0, 0x00, 0x00, 0x00, 0x00, 0x00, 0x7F, 0xF0, 
    0xFF, 0xF0, 0x00, 0x00, 0x00, 0x00, 0x00, 0x7F, 0xF0, 
    0xFF, 0xF0, 0x00, 0x00, 0x00, 0x00, 0x00, 0xFF, 0xF0, 
    0xFF, 0xF8, 0x00, 0x00, 0x00, 0x00, 0x00, 0xFF, 0xF0, 
    0xFF, 0xF8, 0x00, 0x00, 0x00, 0x00, 0x00, 0xFF, 0xF0, 
    0xFF, 0xFC, 0x00, 0x00, 0x00, 0x00, 0x01, 0xFF, 0xF0, 
    0xFF, 0xFC, 0x00, 0x00, 0x00, 0x00, 0x01, 0xFF, 0xF0, 
    0xFF, 0xFC, 0x00, 0x00, 0x00, 0x00, 0x03, 0xFF, 0xF0, 
    0xFF, 0xFE, 0x00, 0x00, 0x00, 0x00, 0x03, 0xF7, 0xF0, 
    0xFF, 0xFE, 0x00, 0x00, 0x00, 0x00, 0x07, 0xF7, 0xF0, 
    0xFF, 0xFF, 0x00, 0x00, 0x00, 0x00, 0x07, 0xFF, 0xF0, 
    0xFF, 0x7F, 0x00, 0x00, 0x00, 0x00, 0x0F, 0xFF, 0xF0, 
    0xFF, 0x7F, 0x80, 0x00, 0x00, 0x00, 0x0F, 0xEF, 0xF0, 
    0xFF, 0x7F, 0x80, 0x00, 0x00, 0x00, 0x0F, 0xEF, 0xF0, 
    0xFF, 0x3F, 0x80, 0x00, 0x00, 0x00, 0x1F, 0xEF, 0xF0, 
    0xFF, 0x3F, 0xC0, 0x00, 0x00, 0x00, 0x1F, 0xCF, 0xF0, 
    0xFF, 0x3F, 0xC0, 0x00, 0x00, 0x00, 0x3F, 0xCF, 0xF0, 
    0xFF, 0x1F, 0xE0, 0x00, 0x00, 0x00, 0x3F, 0x8F, 0xF0, 
    0xFF, 0x1F, 0xE0, 0x00, 0x00, 0x00, 0x7F, 0x8F, 0xF0, 
    0xFF, 0x0F, 0xF0, 0x00, 0x00, 0x00, 0x7F, 0x0F, 0xF0, 
    0xFF, 0x0F, 0xF0, 0x00, 0x00, 0x00, 0xFF, 0x0F, 0xF0, 
    0xFF, 0x07, 0xF8, 0x00, 0x00, 0x00, 0xFE, 0x0F, 0xF0, 
    0xFF, 0x07, 0xF8, 0x00, 0x00, 0x00, 0xFE, 0x0F, 0xF0, 
    0xFF, 0x03, 0xF8, 0x00, 0x00, 0x01, 0xFE, 0x0F, 0xF0, 
    0xFF, 0x03, 0xFC, 0x00, 0x00, 0x01, 0xFC, 0x0F, 0xF0, 
    0xFF, 0x03, 0xFC, 0x00, 0x00, 0x03, 0xFC, 0x0F, 0xF0, 
    0xFF, 0x01, 0xFE, 0x00, 0x00, 0x03, 0xF8, 0x0F, 0xF0, 
    0xFF, 0x01, 0xFE, 0x00, 
    0x00, 0x07, 0xF8, 0x0F, 0xF0, 0xFF, 0x00, 0xFF, 0x00, 
    0x00, 0x07, 0xF0, 0x0F, 0xF0, 0xFF, 0x00, 0xFF, 0x00, 
    0x00, 0x07, 0xF0, 0x0F, 0xF0, 0xFF, 0x00, 0x7F, 0x00, 
    0x00, 0x0F, 0xF0, 0x0F, 0xF0, 0xFF, 0x00, 0x7F, 0x80, 
    0x00, 0x0F, 0xE0, 0x0F, 0xF0, 0xFF, 0x00, 0x3F, 0x80, 
    0x00, 0x1F, 0xE0, 0x0F, 0xF0, 0xFF, 0x00, 0x3F, 0xC0, 
    0x00, 0x1F, 0xC0, 0x0F, 0xF0, 0xFF, 0x00, 0x3F, 0xC0, 
    0x00, 0x3F, 0xC0, 0x0F, 0xF0, 0xFF, 0x00, 0x1F, 0xE0, 
    0x00, 0x3F, 0x80, 0x0F, 0xF0, 0xFF, 0x00, 0x1F, 0xE0, 
    0x00, 0x7F, 0x80, 0x0F, 0xF0, 0xFF, 0x00, 0x0F, 0xE0, 
    0x00, 0x7F, 0x00, 0x0F, 0xF0, 0xFF, 0x00, 0x0F, 0xF0, 
    0x00, 0x7F, 0x00, 0x0F, 0xF0, 0xFF, 0x00, 0x07, 0xF0, 
    0x00, 0xFF, 0x00, 0x0F, 0xF0, 0xFF, 0x00, 0x07, 0xF8, 
    0x00, 0xFE, 0x00, 0x0F, 0xF0, 0xFF, 0x00, 0x07, 0xF8, 
    0x01, 0xFE, 0x00, 0x0F, 0xF0, 0xFF, 0x00, 0x03, 0xFC, 
    0x01, 0xFC, 0x00, 0x0F, 0xF0, 0xFF, 0x00, 0x03, 0xFC, 
    0x03, 0xFC, 0x00, 0x0F, 0xF0, 0xFF, 0x00, 0x01, 0xFC, 
    0x03, 0xF8, 0x00, 0x0F, 0xF0, 0xFF, 0x00, 0x01, 0xFE, 
    0x07, 0xF8, 0x00, 0x0F, 0xF0, 0xFF, 0x00, 0x00, 0xFE, 
    0x07, 0xF8, 0x00, 0x0F, 0xF0, 0xFF, 0x00, 0x00, 0xFF, 
    0x07, 0xF0, 0x00, 0x0F, 0xF0, 0xFF, 0x00, 0x00, 0x7F, 
    0x0F, 0xF0, 0x00, 0x0F, 0xF0, 0xFF, 0x00, 0x00, 0x7F, 
    0x8F, 0xE0, 0x00, 0x0F, 0xF0, 0xFF, 0x00, 0x00, 0x7F, 
    0x9F, 0xE0, 0x00, 0x0F, 0xF0, 0xFF, 0x00, 0x00, 0x3F, 
    0x9F, 0xC0, 0x00, 0x0F, 0xF0, 0xFF, 0x00, 0x00, 0x3F, 
    0xDF, 0xC0, 0x00, 0x0F, 0xF0, 0xFF, 0x00, 0x00, 0x1F, 
    0xFF, 0x80, 0x00, 0x0F, 0xF0, 0xFF, 0x00, 0x00, 0x1F, 
    0xFF, 0x80, 0x00, 0x0F, 0xF0, 0xFF, 0x00, 0x00, 0x0F, 
    0xFF, 0x80, 0x00, 0x0F, 
    0xF0, 0xFF, 0x00, 0x00, 0x0F, 0xFF, 0x00, 0x00, 0x0F, 
    0xF0, 0xFF, 0x00, 0x00, 0x0F, 0xFF, 0x00, 0x00, 0x0F, 
    0xF0, 0xFF, 0x00, 0x00, 0x07, 0xFE, 0x00, 0x00, 0x0F, 
    0xF0, 0xFF, 0x00, 0x00, 0x07, 0xFE, 0x00, 0x00, 0x0F, 
    0xF0, 0xFF, 0x00, 0x00, 0x03, 0xFC, 0x00, 0x00, 0x0F, 
    0xF0, 0xFF, 0x00, 0x00, 0x03, 0xFC, 0x00, 0x00, 0x0F, 
    0xF0, 0xFF, 0x00, 0x00, 0x01, 0xFC, 0x00, 0x00, 0x0F, 
    0xF0, 0xFF, 0x00, 0x00, 0x01, 0xF8, 0x00, 0x00, 0x0F, 
    0xF0, 0xFF, 0x00, 0x00, 0x00, 0xF8, 0x00, 0x00, 0x0F, 
    0xF0, 0xFF, 0x00, 0x00, 0x00, 0xF0, 0x00, 0x00, 0x0F, 
    0xF0,     EFI_HII_GIBT_GLYPH,
    0x36,          // Cell width in pixels.
    0x00,
    0x43,          // Cell height in pixels.
    0x00,
    0x09,          // Horizontal offset from cell boundary to start of glyph.
    0x00,
    0x01,          // Vertical offset from cell boundary to start of glyph.
    0x00,
    0x48,          // Number of pixels to the right to advance to next glyph.
    0x00,
    0xFF, 0xE0, 0x00, 0x00, 0x00, 0x03, 0xFC,          // Character: 'N' (0x004E)
    0xFF, 0xE0, 0x00, 0x00, 0x00, 0x03, 0xFC, 
    0xFF, 0xF0, 0x00, 0x00, 0x00, 0x03, 0xFC, 
    0xFF, 0xF8, 0x00, 0x00, 0x00, 0x03, 0xFC, 
    0xFF, 0xF8, 0x00, 0x00, 0x00, 0x03, 0xFC, 
    0xFF, 0xFC, 0x00, 0x00, 0x00, 0x03, 0xFC, 
    0xFF, 0xFC, 0x00, 0x00, 0x00, 0x03, 0xFC, 
    0xFF, 0xFE, 0x00, 0x00, 0x00, 0x03, 0xFC, 
    0xFF, 0xFF, 0x00, 0x00, 0x00, 0x03, 0xFC, 
    0xFF, 0xFF, 0x00, 0x00, 0x00, 0x03, 0xFC, 
    0xFF, 0xFF, 0x80, 0x00, 0x00, 0x03, 0xFC, 
    0xFF, 0x7F, 0xC0, 0x00, 0x00, 0x03, 0xFC, 
    0xFF, 0x7F, 0xC0, 0x00, 0x00, 0x03, 0xFC, 
    0xFF, 0x3F, 0xE0, 0x00, 0x00, 0x03, 0xFC, 
    0xFF, 0x1F, 0xF0, 0x00, 0x00, 0x03, 0xFC, 
    0xFF, 0x1F, 0xF0, 0x00, 0x00, 0x03, 0xFC, 
    0xFF, 0x0F, 0xF8, 0x00, 0x00, 0x03, 0xFC, 
    0xFF, 0x07, 0xF8, 0x00, 0x00, 0x03, 0xFC, 
    0xFF, 0x07, 0xFC, 0x00, 0x00, 0x03, 0xFC, 
    0xFF, 0x03, 0xFE, 0x00, 0x00, 0x03, 0xFC, 
    0xFF, 0x03, 0xFE, 0x00, 0x00, 0x03, 0xFC, 
    0xFF, 0x01, 0xFF, 0x00, 0x00, 0x03, 0xFC, 
    0xFF, 0x00, 0xFF, 0x80, 0x00, 0x03, 0xFC, 
    0xFF, 0x00, 0xFF, 0x80, 0x00, 0x03, 0xFC, 
    0xFF, 0x00, 0x7F, 0xC0, 0x00, 0x03, 0xFC, 
    0xFF, 0x00, 0x3F, 0xC0, 0x00, 0x03, 0xFC, 
    0xFF, 0x00, 0x3F, 0xE0, 0x00, 0x03, 0xFC, 
    0xFF, 0x00, 0x1F, 0xF0, 0x00, 0x03, 0xFC, 
    0xFF, 0x00, 0x0F, 0xF0, 0x00, 0x03, 0xFC, 
    0xFF, 0x00, 0x0F, 0xF8, 0x00, 0x03, 0xFC, 
    0xFF, 0x00, 0x07, 0xFC, 0x00, 0x03, 0xFC, 
    0xFF, 0x00, 0x07, 0xFC, 0x00, 0x03, 0xFC, 
    0xFF, 0x00, 0x03, 0xFE, 0x00, 0x03, 0xFC, 
    0xFF, 0x00, 0x01, 0xFF, 0x00, 0x03, 0xFC, 
    0xFF, 0x00, 0x01, 0xFF, 0x00, 0x03, 0xFC, 
    0xFF, 0x00, 0x00, 0xFF, 0x80, 0x03, 0xFC, 
    0xFF, 0x00, 0x00, 0x7F, 
    0x80, 0x03, 0xFC, 0xFF, 0x00, 0x00, 0x7F, 
    0xC0, 0x03, 0xFC, 0xFF, 0x00, 0x00, 0x3F, 
    0xE0, 0x03, 0xFC, 0xFF, 0x00, 0x00, 0x1F, 
    0xE0, 0x03, 0xFC, 0xFF, 0x00, 0x00, 0x1F, 
    0xF0, 0x03, 0xFC, 0xFF, 0x00, 0x00, 0x0F, 
    0xF8, 0x03, 0xFC, 0xFF, 0x00, 0x00, 0x07, 
    0xF8, 0x03, 0xFC, 0xFF, 0x00, 0x00, 0x07, 
    0xFC, 0x03, 0xFC, 0xFF, 0x00, 0x00, 0x03, 
    0xFC, 0x03, 0xFC, 0xFF, 0x00, 0x00, 0x03, 
    0xFE, 0x03, 0xFC, 0xFF, 0x00, 0x00, 0x01, 
    0xFF, 0x03, 0xFC, 0xFF, 0x00, 0x00, 0x00, 
    0xFF, 0x03, 0xFC, 0xFF, 0x00, 0x00, 0x00, 
    0xFF, 0x83, 0xFC, 0xFF, 0x00, 0x00, 0x00, 
    0x7F, 0xC3, 0xFC, 0xFF, 0x00, 0x00, 0x00, 
    0x3F, 0xC3, 0xFC, 0xFF, 0x00, 0x00, 0x00, 
    0x3F, 0xE3, 0xFC, 0xFF, 0x00, 0x00, 0x00, 
    0x1F, 0xF3, 0xFC, 0xFF, 0x00, 0x00, 0x00, 
    0x0F, 0xF3, 0xFC, 0xFF, 0x00, 0x00, 0x00, 
    0x0F, 0xFB, 0xFC, 0xFF, 0x00, 0x00, 0x00, 
    0x07, 0xFB, 0xFC, 0xFF, 0x00, 0x00, 0x00, 
    0x07, 0xFF, 0xFC, 0xFF, 0x00, 0x00, 0x00, 
    0x03, 0xFF, 0xFC, 0xFF, 0x00, 0x00, 0x00, 
    0x01, 0xFF, 0xFC, 0xFF, 0x00, 0x00, 0x00, 
    0x01, 0xFF, 0xFC, 0xFF, 0x00, 0x00, 0x00, 
    0x00, 0xFF, 0xFC, 0xFF, 0x00, 0x00, 0x00, 
    0x00, 0x7F, 0xFC, 0xFF, 0x00, 0x00, 0x00, 
    0x00, 0x7F, 0xFC, 0xFF, 0x00, 0x00, 0x00, 
    0x00, 0x3F, 0xFC, 0xFF, 0x00, 0x00, 0x00, 
    0x00, 0x1F, 0xFC, 0xFF, 0x00, 0x00, 0x00, 
    0x00, 0x1F, 0xFC, 0xFF, 0x00, 0x00, 0x00, 
    0x00, 0x0F, 0xFC,     EFI_HII_GIBT_GLYPH,
    0x3F,          // Cell width in pixels.
    0x00,
    0x45,          // Cell height in pixels.
    0x00,
    0x04,          // Horizontal offset from cell boundary to start of glyph.
    0x00,
    0x00,          // Vertical offset from cell boundary to start of glyph.
    0x00,
    0x48,          // Number of pixels to the right to advance to next glyph.
    0x00,
    0x00, 0x00, 0x00, 0x3F, 0xFC, 0x00, 0x00, 0x00,          // Character: 'O' (0x004F)
    0x00, 0x00, 0x07, 0xFF, 0xFF, 0xE0, 0x00, 0x00, 
    0x00, 0x00, 0x1F, 0xFF, 0xFF, 0xF8, 0x00, 0x00, 
    0x00, 0x00, 0x7F, 0xFF, 0xFF, 0xFE, 0x00, 0x00, 
    0x00, 0x01, 0xFF, 0xFF, 0xFF, 0xFF, 0x80, 0x00, 
    0x00, 0x07, 0xFF, 0xFF, 0xFF, 0xFF, 0xC0, 0x00, 
    0x00, 0x0F, 0xFF, 0xFF, 0xFF, 0xFF, 0xF0, 0x00, 
    0x00, 0x1F, 0xFF, 0xE0, 0x07, 0xFF, 0xF8, 0x00, 
    0x00, 0x3F, 0xFE, 0x00, 0x00, 0x7F, 0xFC, 0x00, 
    0x00, 0x7F, 0xF8, 0x00, 0x00, 0x1F, 0xFE, 0x00, 
    0x00, 0xFF, 0xE0, 0x00, 0x00, 0x07, 0xFF, 0x00, 
    0x01, 0xFF, 0xC0, 0x00, 0x00, 0x03, 0xFF, 0x00, 
    0x03, 0xFF, 0x80, 0x00, 0x00, 0x01, 0xFF, 0x80, 
    0x03, 0xFF, 0x00, 0x00, 0x00, 0x00, 0xFF, 0xC0, 
    0x07, 0xFE, 0x00, 0x00, 0x00, 0x00, 0x7F, 0xC0, 
    0x0F, 0xFC, 0x00, 0x00, 0x00, 0x00, 0x3F, 0xE0, 
    0x0F, 0xF8, 0x00, 0x00, 0x00, 0x00, 0x3F, 0xE0, 
    0x1F, 0xF0, 0x00, 0x00, 0x00, 0x00, 0x1F, 0xF0, 
    0x1F, 0xF0, 0x00, 0x00, 0x00, 0x00, 0x0F, 0xF0, 
    0x1F, 0xE0, 0x00, 0x00, 0x00, 0x00, 0x0F, 0xF8, 
    0x3F, 0xE0, 0x00, 0x00, 0x00, 0x00, 0x07, 0xF8, 
    0x3F, 0xC0, 0x00, 0x00, 0x00, 0x00, 0x07, 0xF8, 
    0x3F, 0xC0, 0x00, 0x00, 0x00, 0x00, 0x07, 0xFC, 
    0x7F, 0xC0, 0x00, 0x00, 0x00, 0x00, 0x03, 0xFC, 
    0x7F, 0x80, 0x00, 0x00, 0x00, 0x00, 0x03, 0xFC, 
    0x7F, 0x80, 0x00, 0x00, 0x00, 0x00, 0x03, 0xFC, 
    0x7F, 0x80, 0x00, 0x00, 0x00, 0x00, 0x03, 0xFC, 
    0x7F, 0x80, 0x00, 0x00, 0x00, 0x00, 0x03, 0xFE, 
    0xFF, 0x00, 0x00, 0x00, 0x00, 0x00, 0x01, 0xFE, 
    0xFF, 0x00, 0x00, 0x00, 0x00, 0x00, 0x01, 0xFE, 
    0xFF, 0x00, 0x00, 0x00, 0x00, 0x00, 0x01, 0xFE, 
    0xFF, 0x00, 0x00, 0x00, 0x00, 0x00, 0x01, 0xFE, 
    0xFF, 0x00, 0x00, 0x00, 0x00, 0x00, 0x01, 0xFE, 
    0xFF, 0x00, 0x00, 0x00, 0x00, 0x00, 0x01, 0xFE, 
    0xFF, 0x00, 0x00, 0x00, 0x00, 0x00, 0x01, 0xFE, 
    0xFF, 0x00, 0x00, 0x00, 0x00, 0x00, 0x01, 0xFE, 
    0xFF, 0x00, 0x00, 0x00, 0x00, 0x00, 0x01, 0xFE, 
    0xFF, 0x00, 0x00, 0x00, 0x00, 0x00, 0x01, 0xFE, 
    0xFF, 0x00, 0x00, 0x00, 0x00, 0x00, 0x01, 0xFE, 
    0xFF, 0x00, 0x00, 0x00, 0x00, 0x00, 0x01, 0xFE, 
    0xFF, 0x00, 0x00, 0x00, 0x00, 0x00, 0x01, 0xFE, 
    0xFF, 0x80, 0x00, 0x00, 0x00, 0x00, 0x03, 0xFC, 
    0x7F, 0x80, 0x00, 0x00, 0x00, 0x00, 0x03, 0xFC, 
    0x7F, 0x80, 0x00, 0x00, 0x00, 0x00, 0x03, 0xFC, 
    0x7F, 0x80, 0x00, 0x00, 0x00, 0x00, 0x03, 0xFC, 
    0x7F, 0xC0, 0x00, 0x00, 0x00, 0x00, 0x03, 0xFC, 
    0x7F, 0xC0, 0x00, 0x00, 0x00, 0x00, 0x07, 0xF8, 
    0x3F, 0xC0, 0x00, 0x00, 0x00, 0x00, 0x07, 0xF8, 
    0x3F, 0xE0, 0x00, 0x00, 0x00, 0x00, 0x07, 0xF8, 
    0x3F, 0xE0, 0x00, 0x00, 0x00, 0x00, 0x0F, 0xF0, 
    0x1F, 0xF0, 0x00, 0x00, 0x00, 0x00, 0x0F, 0xF0, 
    0x1F, 0xF0, 0x00, 0x00, 0x00, 0x00, 0x1F, 0xF0, 
    0x0F, 0xF8, 0x00, 0x00, 0x00, 0x00, 0x3F, 0xE0, 
    0x0F, 0xFC, 0x00, 0x00, 0x00, 0x00, 0x3F, 0xE0, 
    0x07, 0xFC, 0x00, 0x00, 0x00, 0x00, 0x7F, 0xC0, 
    0x07, 0xFE, 0x00, 0x00, 0x00, 0x00, 0xFF, 0x80, 
    0x03, 0xFF, 0x00, 0x00, 0x00, 0x01, 0xFF, 0x80, 
    0x01, 0xFF, 0xC0, 0x00, 0x00, 0x03, 0xFF, 0x00, 
    0x00, 0xFF, 0xE0, 0x00, 0x00, 0x0F, 0xFE, 0x00, 
    0x00, 0xFF, 0xF8, 0x00, 0x00, 0x1F, 0xFC, 0x00, 
    0x00, 0x7F, 0xFE, 0x00, 0x00, 0xFF, 0xF8, 0x00, 
    0x00, 0x3F, 0xFF, 0xC0, 0x07, 0xFF, 0xF0, 0x00, 
    0x00, 0x0F, 0xFF, 0xFF, 0xFF, 0xFF, 0xE0, 0x00, 
    0x00, 0x07, 0xFF, 0xFF, 0xFF, 0xFF, 0xC0, 0x00, 
    0x00, 0x03, 0xFF, 0xFF, 0xFF, 0xFF, 0x00, 0x00, 
    0x00, 0x00, 0xFF, 0xFF, 0xFF, 0xFE, 0x00, 0x00, 
    0x00, 0x00, 0x3F, 0xFF, 0xFF, 0xF8, 0x00, 0x00, 
    0x00, 0x00, 0x07, 0xFF, 0xFF, 0xC0, 0x00, 0x00, 
    0x00, 0x00, 0x00, 0x7F, 0xFC, 0x00, 0x00, 0x00, 
    EFI_HII_GIBT_GLYPH,
    0x29,          // Cell width in pixels.
    0x00,
    0x43,          // Cell height in pixels.
    0x00,
    0x09,          // Horizontal offset from cell boundary to start of glyph.
    0x00,
    0x01,          // Vertical offset from cell boundary to start of glyph.
    0x00,
    0x36,          // Number of pixels to the right to advance to next glyph.
    0x00,
    0xFF, 0xFF, 0xFF, 0x80, 0x00, 0x00,          // Character: 'P' (0x0050)
    0xFF, 0xFF, 0xFF, 0xF0, 0x00, 0x00, 
    0xFF, 0xFF, 0xFF, 0xFE, 0x00, 0x00, 
    0xFF, 0xFF, 0xFF, 0xFF, 0x80, 0x00, 
    0xFF, 0xFF, 0xFF, 0xFF, 0xC0, 0x00, 
    0xFF, 0xFF, 0xFF, 0xFF, 0xE0, 0x00, 
    0xFF, 0xFF, 0xFF, 0xFF, 0xF0, 0x00, 
    0xFF, 0x00, 0x01, 0xFF, 0xF8, 0x00, 
    0xFF, 0x00, 0x00, 0x3F, 0xFC, 0x00, 
    0xFF, 0x00, 0x00, 0x0F, 0xFE, 0x00, 
    0xFF, 0x00, 0x00, 0x07, 0xFE, 0x00, 
    0xFF, 0x00, 0x00, 0x03, 0xFE, 0x00, 
    0xFF, 0x00, 0x00, 0x01, 0xFF, 0x00, 
    0xFF, 0x00, 0x00, 0x00, 0xFF, 0x00, 
    0xFF, 0x00, 0x00, 0x00, 0xFF, 0x00, 
    0xFF, 0x00, 0x00, 0x00, 0xFF, 0x80, 
    0xFF, 0x00, 0x00, 0x00, 0x7F, 0x80, 
    0xFF, 0x00, 0x00, 0x00, 0x7F, 0x80, 
    0xFF, 0x00, 0x00, 0x00, 0x7F, 0x80, 
    0xFF, 0x00, 0x00, 0x00, 0x7F, 0x80, 
    0xFF, 0x00, 0x00, 0x00, 0x7F, 0x80, 
    0xFF, 0x00, 0x00, 0x00, 0x7F, 0x80, 
    0xFF, 0x00, 0x00, 0x00, 0x7F, 0x80, 
    0xFF, 0x00, 0x00, 0x00, 0x7F, 0x80, 
    0xFF, 0x00, 0x00, 0x00, 0x7F, 0x80, 
    0xFF, 0x00, 0x00, 0x00, 0xFF, 0x00, 
    0xFF, 0x00, 0x00, 0x00, 0xFF, 0x00, 
    0xFF, 0x00, 0x00, 0x00, 0xFF, 0x00, 
    0xFF, 0x00, 0x00, 0x01, 0xFF, 0x00, 
    0xFF, 0x00, 0x00, 0x03, 0xFE, 0x00, 
    0xFF, 0x00, 0x00, 0x07, 0xFE, 0x00, 
    0xFF, 0x00, 0x00, 0x0F, 0xFC, 0x00, 
    0xFF, 0x00, 0x00, 0x1F, 0xF8, 0x00, 
    0xFF, 0x00, 0x00, 0x7F, 0xF8, 0x00, 
    0xFF, 0x00, 0x03, 0xFF, 0xF0, 0x00, 
    0xFF, 0xFF, 0xFF, 0xFF, 0xE0, 0x00, 
    0xFF, 0xFF, 0xFF, 0xFF, 0xC0, 0x00, 
    0xFF, 0xFF, 0xFF, 0xFF, 0x80, 0x00, 
    0xFF, 0xFF, 0xFF, 0xFE, 0x00, 0x00, 
    0xFF, 0xFF, 0xFF, 0xF8, 0x00, 0x00, 
    0xFF, 0xFF, 0xFF, 0xE0, 0x00, 0x00, 
    0xFF, 0xFF, 0xFE, 0x00, 0x00, 0x00, 
    0xFF, 0x00, 0x00, 0x00, 
    0x00, 0x00, 0xFF, 0x00, 0x00, 0x00, 
    0x00, 0x00, 0xFF, 0x00, 0x00, 0x00, 
    0x00, 0x00, 0xFF, 0x00, 0x00, 0x00, 
    0x00, 0x00, 0xFF, 0x00, 0x00, 0x00, 
    0x00, 0x00, 0xFF, 0x00, 0x00, 0x00, 
    0x00, 0x00, 0xFF, 0x00, 0x00, 0x00, 
    0x00, 0x00, 0xFF, 0x00, 0x00, 0x00, 
    0x00, 0x00, 0xFF, 0x00, 0x00, 0x00, 
    0x00, 0x00, 0xFF, 0x00, 0x00, 0x00, 
    0x00, 0x00, 0xFF, 0x00, 0x00, 0x00, 
    0x00, 0x00, 0xFF, 0x00, 0x00, 0x00, 
    0x00, 0x00, 0xFF, 0x00, 0x00, 0x00, 
    0x00, 0x00, 0xFF, 0x00, 0x00, 0x00, 
    0x00, 0x00, 0xFF, 0x00, 0x00, 0x00, 
    0x00, 0x00, 0xFF, 0x00, 0x00, 0x00, 
    0x00, 0x00, 0xFF, 0x00, 0x00, 0x00, 
    0x00, 0x00, 0xFF, 0x00, 0x00, 0x00, 
    0x00, 0x00, 0xFF, 0x00, 0x00, 0x00, 
    0x00, 0x00, 0xFF, 0x00, 0x00, 0x00, 
    0x00, 0x00, 0xFF, 0x00, 0x00, 0x00, 
    0x00, 0x00, 0xFF, 0x00, 0x00, 0x00, 
    0x00, 0x00, 0xFF, 0x00, 0x00, 0x00, 
    0x00, 0x00, 0xFF, 0x00, 0x00, 0x00, 
    0x00, 0x00, 0xFF, 0x00, 0x00, 0x00, 
    0x00, 0x00,     EFI_HII_GIBT_GLYPH,
    0x46,          // Cell width in pixels.
    0x00,
    0x4D,          // Cell height in pixels.
    0x00,
    0x04,          // Horizontal offset from cell boundary to start of glyph.
    0x00,
    0xF8,          // Vertical offset from cell boundary to start of glyph.
    0xFF,
    0x48,          // Number of pixels to the right to advance to next glyph.
    0x00,
    0x00, 0x00, 0x00, 0x3F, 0xFE, 0x00, 0x00, 0x00, 0x00,          // Character: 'Q' (0x0051)
    0x00, 0x00, 0x03, 0xFF, 0xFF, 0xE0, 0x00, 0x00, 0x00, 
    0x00, 0x00, 0x1F, 0xFF, 0xFF, 0xFC, 0x00, 0x00, 0x00, 
    0x00, 0x00, 0x7F, 0xFF, 0xFF, 0xFF, 0x00, 0x00, 0x00, 
    0x00, 0x01, 0xFF, 0xFF, 0xFF, 0xFF, 0xC0, 0x00, 0x00, 
    0x00, 0x03, 0xFF, 0xFF, 0xFF, 0xFF, 0xE0, 0x00, 0x00, 
    0x00, 0x0F, 0xFF, 0xFF, 0xFF, 0xFF, 0xF8, 0x00, 0x00, 
    0x00, 0x1F, 0xFF, 0xE0, 0x03, 0xFF, 0xFC, 0x00, 0x00, 
    0x00, 0x3F, 0xFF, 0x00, 0x00, 0x7F, 0xFE, 0x00, 0x00, 
    0x00, 0x7F, 0xF8, 0x00, 0x00, 0x0F, 0xFF, 0x00, 0x00, 
    0x00, 0xFF, 0xF0, 0x00, 0x00, 0x07, 0xFF, 0x80, 0x00, 
    0x01, 0xFF, 0xC0, 0x00, 0x00, 0x01, 0xFF, 0x80, 0x00, 
    0x03, 0xFF, 0x80, 0x00, 0x00, 0x00, 0xFF, 0xC0, 0x00, 
    0x03, 0xFF, 0x00, 0x00, 0x00, 0x00, 0x7F, 0xE0, 0x00, 
    0x07, 0xFE, 0x00, 0x00, 0x00, 0x00, 0x3F, 0xF0, 0x00, 
    0x07, 0xFC, 0x00, 0x00, 0x00, 0x00, 0x1F, 0xF0, 0x00, 
    0x0F, 0xF8, 0x00, 0x00, 0x00, 0x00, 0x1F, 0xF8, 0x00, 
    0x0F, 0xF8, 0x00, 0x00, 0x00, 0x00, 0x0F, 0xF8, 0x00, 
    0x1F, 0xF0, 0x00, 0x00, 0x00, 0x00, 0x07, 0xF8, 0x00, 
    0x1F, 0xF0, 0x00, 0x00, 0x00, 0x00, 0x07, 0xFC, 0x00, 
    0x3F, 0xE0, 0x00, 0x00, 0x00, 0x00, 0x03, 0xFC, 0x00, 
    0x3F, 0xE0, 0x00, 0x00, 0x00, 0x00, 0x03, 0xFE, 0x00, 
    0x3F, 0xC0, 0x00, 0x00, 0x00, 0x00, 0x03, 0xFE, 0x00, 
    0x7F, 0xC0, 0x00, 0x00, 0x00, 0x00, 0x01, 0xFE, 0x00, 
    0x7F, 0xC0, 0x00, 0x00, 0x00, 0x00, 0x01, 0xFE, 0x00, 
    0x7F, 0x80, 0x00, 0x00, 0x00, 0x00, 0x01, 0xFF, 0x00, 
    0x7F, 0x80, 0x00, 0x00, 0x00, 0x00, 0x01, 0xFF, 0x00, 
    0x7F, 0x80, 0x00, 0x00, 0x00, 0x00, 0x01, 0xFF, 0x00, 
    0xFF, 0x80, 0x00, 0x00, 
    0x00, 0x00, 0x00, 0xFF, 0x00, 0xFF, 0x80, 0x00, 0x00, 
    0x00, 0x00, 0x00, 0xFF, 0x00, 0xFF, 0x00, 0x00, 0x00, 
    0x00, 0x00, 0x00, 0xFF, 0x00, 0xFF, 0x00, 0x00, 0x00, 
    0x00, 0x00, 0x00, 0xFF, 0x00, 0xFF, 0x00, 0x00, 0x00, 
    0x00, 0x00, 0x00, 0xFF, 0x00, 0xFF, 0x00, 0x00, 0x00, 
    0x00, 0x00, 0x00, 0xFF, 0x00, 0xFF, 0x00, 0x00, 0x00, 
    0x00, 0x00, 0x00, 0xFF, 0x00, 0xFF, 0x00, 0x00, 0x00, 
    0x00, 0x00, 0x00, 0xFF, 0x00, 0xFF, 0x00, 0x00, 0x00, 
    0x00, 0x00, 0x00, 0xFF, 0x00, 0xFF, 0x00, 0x00, 0x00, 
    0x00, 0x00, 0x00, 0xFF, 0x00, 0xFF, 0x00, 0x00, 0x00, 
    0x00, 0x00, 0x00, 0xFF, 0x00, 0xFF, 0x80, 0x00, 0x00, 
    0x00, 0x00, 0x00, 0xFF, 0x00, 0xFF, 0x80, 0x00, 0x00, 
    0x00, 0x00, 0x00, 0xFF, 0x00, 0xFF, 0x80, 0x00, 0x00, 
    0x00, 0x00, 0x01, 0xFF, 0x00, 0x7F, 0x80, 0x00, 0x00, 
    0x00, 0x00, 0x01, 0xFF, 0x00, 0x7F, 0x80, 0x00, 0x00, 
    0x00, 0x00, 0x01, 0xFE, 0x00, 0x7F, 0xC0, 0x00, 0x00, 
    0x00, 0x00, 0x01, 0xFE, 0x00, 0x7F, 0xC0, 0x00, 0x00, 
    0x00, 0x00, 0x01, 0xFE, 0x00, 0x7F, 0xC0, 0x00, 0x00, 
    0x00, 0x00, 0x03, 0xFE, 0x00, 0x3F, 0xE0, 0x00, 0x00, 
    0x00, 0x00, 0x03, 0xFC, 0x00, 0x3F, 0xE0, 0x00, 0x00, 
    0x00, 0x00, 0x03, 0xFC, 0x00, 0x3F, 0xE0, 0x00, 0x00, 
    0x00, 0x00, 0x07, 0xFC, 0x00, 0x1F, 0xF0, 0x00, 0x00, 
    0x00, 0x00, 0x07, 0xF8, 0x00, 0x1F, 0xF8, 0x00, 0x00, 
    0x00, 0x00, 0x0F, 0xF8, 0x00, 0x0F, 0xF8, 0x00, 0x00, 
    0x00, 0x00, 0x1F, 0xF0, 0x00, 0x0F, 0xFC, 0x00, 0x00, 
    0x00, 0x00, 0x1F, 0xF0, 0x00, 0x07, 0xFE, 0x00, 0x00, 
    0x00, 0x00, 0x3F, 0xE0, 0x00, 0x07, 0xFF, 0x00, 0x00, 
    0x00, 0x00, 0x7F, 0xE0, 0x00, 0x03, 0xFF, 0x80, 0x00, 
    0x00, 0x00, 0xFF, 0xC0, 
    0x00, 0x01, 0xFF, 0xC0, 0x00, 0x00, 0x01, 0xFF, 0x80, 
    0x00, 0x00, 0xFF, 0xE0, 0x00, 0x00, 0x07, 0xFF, 0x00, 
    0x00, 0x00, 0x7F, 0xF8, 0x00, 0x00, 0x1F, 0xFE, 0x00, 
    0x00, 0x00, 0x3F, 0xFE, 0x00, 0x00, 0x7F, 0xFC, 0x00, 
    0x00, 0x00, 0x1F, 0xFF, 0xE0, 0x07, 0xFF, 0xF8, 0x00, 
    0x00, 0x00, 0x0F, 0xFF, 0xFF, 0xFF, 0xFF, 0xF0, 0x00, 
    0x00, 0x00, 0x07, 0xFF, 0xFF, 0xFF, 0xFF, 0xE0, 0x00, 
    0x00, 0x00, 0x01, 0xFF, 0xFF, 0xFF, 0xFF, 0xF8, 0x00, 
    0x00, 0x00, 0x00, 0xFF, 0xFF, 0xFF, 0xFF, 0xFC, 0x00, 
    0x00, 0x00, 0x00, 0x3F, 0xFF, 0xFF, 0xFF, 0xFE, 0x00, 
    0x00, 0x00, 0x00, 0x07, 0xFF, 0xFF, 0xFF, 0xFF, 0x80, 
    0x00, 0x00, 0x00, 0x00, 0x7F, 0xFC, 0x0F, 0xFF, 0xC0, 
    0x00, 0x00, 0x00, 0x00, 0x00, 0x00, 0x03, 0xFF, 0xF0, 
    0x00, 0x00, 0x00, 0x00, 0x00, 0x00, 0x01, 0xFF, 0xF8, 
    0x00, 0x00, 0x00, 0x00, 0x00, 0x00, 0x00, 0xFF, 0xFC, 
    0x00, 0x00, 0x00, 0x00, 0x00, 0x00, 0x00, 0x3F, 0xFF, 
    0x00, 0x00, 0x00, 0x00, 0x00, 0x00, 0x00, 0x1F, 0xFF, 
    0x80, 0x00, 0x00, 0x00, 0x00, 0x00, 0x00, 0x0F, 0xFF, 
    0xE0, 0x00, 0x00, 0x00, 0x00, 0x00, 0x00, 0x03, 0xFF, 
    0xF0, 0x00, 0x00, 0x00, 0x00, 0x00, 0x00, 0x01, 0xFF, 
    0xFC,     EFI_HII_GIBT_GLYPH,
    0x30,          // Cell width in pixels.
    0x00,
    0x43,          // Cell height in pixels.
    0x00,
    0x09,          // Horizontal offset from cell boundary to start of glyph.
    0x00,
    0x01,          // Vertical offset from cell boundary to start of glyph.
    0x00,
    0x39,          // Number of pixels to the right to advance to next glyph.
    0x00,
    0xFF, 0xFF, 0xFF, 0x80, 0x00, 0x00,          // Character: 'R' (0x0052)
    0xFF, 0xFF, 0xFF, 0xF8, 0x00, 0x00, 
    0xFF, 0xFF, 0xFF, 0xFE, 0x00, 0x00, 
    0xFF, 0xFF, 0xFF, 0xFF, 0x80, 0x00, 
    0xFF, 0xFF, 0xFF, 0xFF, 0xC0, 0x00, 
    0xFF, 0xFF, 0xFF, 0xFF, 0xE0, 0x00, 
    0xFF, 0xFF, 0xFF, 0xFF, 0xF0, 0x00, 
    0xFF, 0x00, 0x01, 0xFF, 0xF8, 0x00, 
    0xFF, 0x00, 0x00, 0x3F, 0xFC, 0x00, 
    0xFF, 0x00, 0x00, 0x0F, 0xFC, 0x00, 
    0xFF, 0x00, 0x00, 0x07, 0xFE, 0x00, 
    0xFF, 0x00, 0x00, 0x03, 0xFE, 0x00, 
    0xFF, 0x00, 0x00, 0x01, 0xFE, 0x00, 
    0xFF, 0x00, 0x00, 0x01, 0xFF, 0x00, 
    0xFF, 0x00, 0x00, 0x01, 0xFF, 0x00, 
    0xFF, 0x00, 0x00, 0x00, 0xFF, 0x00, 
    0xFF, 0x00, 0x00, 0x00, 0xFF, 0x00, 
    0xFF, 0x00, 0x00, 0x00, 0xFF, 0x00, 
    0xFF, 0x00, 0x00, 0x00, 0xFF, 0x00, 
    0xFF, 0x00, 0x00, 0x00, 0xFF, 0x00, 
    0xFF, 0x00, 0x00, 0x00, 0xFF, 0x00, 
    0xFF, 0x00, 0x00, 0x00, 0xFF, 0x00, 
    0xFF, 0x00, 0x00, 0x01, 0xFE, 0x00, 
    0xFF, 0x00, 0x00, 0x01, 0xFE, 0x00, 
    0xFF, 0x00, 0x00, 0x01, 0xFE, 0x00, 
    0xFF, 0x00, 0x00, 0x03, 0xFC, 0x00, 
    0xFF, 0x00, 0x00, 0x07, 0xFC, 0x00, 
    0xFF, 0x00, 0x00, 0x0F, 0xF8, 0x00, 
    0xFF, 0x00, 0x00, 0x1F, 0xF8, 0x00, 
    0xFF, 0x00, 0x00, 0x7F, 0xF0, 0x00, 
    0xFF, 0x00, 0x01, 0xFF, 0xE0, 0x00, 
    0xFF, 0xFF, 0xFF, 0xFF, 0xC0, 0x00, 
    0xFF, 0xFF, 0xFF, 0xFF, 0x00, 0x00, 
    0xFF, 0xFF, 0xFF, 0xFC, 0x00, 0x00, 
    0xFF, 0xFF, 0xFF, 0xF0, 0x00, 0x00, 
    0xFF, 0xFF, 0xFF, 0x80, 0x00, 0x00, 
    0xFF, 0xFF, 0xFF, 0xE0, 0x00, 0x00, 
    0xFF, 0xFF, 0xFF, 0xF8, 0x00, 0x00, 
    0xFF, 0x00, 0x3F, 0xFC, 0x00, 0x00, 
    0xFF, 0x00, 0x0F, 0xFE, 0x00, 0x00, 
    0xFF, 0x00, 0x03, 0xFE, 0x00, 0x00, 
    0xFF, 0x00, 0x01, 0xFF, 0x00, 0x00, 
    0xFF, 0x00, 0x00, 0xFF, 
    0x80, 0x00, 0xFF, 0x00, 0x00, 0x7F, 
    0x80, 0x00, 0xFF, 0x00, 0x00, 0x7F, 
    0xC0, 0x00, 0xFF, 0x00, 0x00, 0x3F, 
    0xE0, 0x00, 0xFF, 0x00, 0x00, 0x1F, 
    0xE0, 0x00, 0xFF, 0x00, 0x00, 0x1F, 
    0xF0, 0x00, 0xFF, 0x00, 0x00, 0x0F, 
    0xF8, 0x00, 0xFF, 0x00, 0x00, 0x0F, 
    0xF8, 0x00, 0xFF, 0x00, 0x00, 0x07, 
    0xFC, 0x00, 0xFF, 0x00, 0x00, 0x07, 
    0xFC, 0x00, 0xFF, 0x00, 0x00, 0x03, 
    0xFE, 0x00, 0xFF, 0x00, 0x00, 0x01, 
    0xFF, 0x00, 0xFF, 0x00, 0x00, 0x01, 
    0xFF, 0x00, 0xFF, 0x00, 0x00, 0x00, 
    0xFF, 0x80, 0xFF, 0x00, 0x00, 0x00, 
    0xFF, 0xC0, 0xFF, 0x00, 0x00, 0x00, 
    0x7F, 0xC0, 0xFF, 0x00, 0x00, 0x00, 
    0x3F, 0xE0, 0xFF, 0x00, 0x00, 0x00, 
    0x3F, 0xE0, 0xFF, 0x00, 0x00, 0x00, 
    0x1F, 0xF0, 0xFF, 0x00, 0x00, 0x00, 
    0x1F, 0xF8, 0xFF, 0x00, 0x00, 0x00, 
    0x0F, 0xF8, 0xFF, 0x00, 0x00, 0x00, 
    0x07, 0xFC, 0xFF, 0x00, 0x00, 0x00, 
    0x07, 0xFC, 0xFF, 0x00, 0x00, 0x00, 
    0x03, 0xFE, 0xFF, 0x00, 0x00, 0x00, 
    0x03, 0xFF,     EFI_HII_GIBT_GLYPH,
    0x28,          // Cell width in pixels.
    0x00,
    0x45,          // Cell height in pixels.
    0x00,
    0x06,          // Horizontal offset from cell boundary to start of glyph.
    0x00,
    0x00,          // Vertical offset from cell boundary to start of glyph.
    0x00,
    0x33,          // Number of pixels to the right to advance to next glyph.
    0x00,
    0x00, 0x00, 0x7F, 0xFE, 0x00,          // Character: 'S' (0x0053)
    0x00, 0x07, 0xFF, 0xFF, 0xE0, 
    0x00, 0x3F, 0xFF, 0xFF, 0xF8, 
    0x00, 0xFF, 0xFF, 0xFF, 0xF8, 
    0x01, 0xFF, 0xFF, 0xFF, 0xF8, 
    0x03, 0xFF, 0xFF, 0xFF, 0xF8, 
    0x07, 0xFF, 0xFF, 0xFF, 0xF8, 
    0x0F, 0xFF, 0x80, 0x0F, 0xF8, 
    0x1F, 0xFC, 0x00, 0x00, 0xF8, 
    0x3F, 0xF0, 0x00, 0x00, 0x38, 
    0x3F, 0xE0, 0x00, 0x00, 0x08, 
    0x7F, 0xC0, 0x00, 0x00, 0x00, 
    0x7F, 0x80, 0x00, 0x00, 0x00, 
    0x7F, 0x80, 0x00, 0x00, 0x00, 
    0xFF, 0x00, 0x00, 0x00, 0x00, 
    0xFF, 0x00, 0x00, 0x00, 0x00, 
    0xFF, 0x00, 0x00, 0x00, 0x00, 
    0xFF, 0x00, 0x00, 0x00, 0x00, 
    0xFF, 0x00, 0x00, 0x00, 0x00, 
    0xFF, 0x00, 0x00, 0x00, 0x00, 
    0xFF, 0x80, 0x00, 0x00, 0x00, 
    0xFF, 0x80, 0x00, 0x00, 0x00, 
    0x7F, 0xC0, 0x00, 0x00, 0x00, 
    0x7F, 0xC0, 0x00, 0x00, 0x00, 
    0x7F, 0xE0, 0x00, 0x00, 0x00, 
    0x3F, 0xF0, 0x00, 0x00, 0x00, 
    0x3F, 0xFC, 0x00, 0x00, 0x00, 
    0x1F, 0xFE, 0x00, 0x00, 0x00, 
    0x0F, 0xFF, 0x80, 0x00, 0x00, 
    0x07, 0xFF, 0xE0, 0x00, 0x00, 
    0x03, 0xFF, 0xF8, 0x00, 0x00, 
    0x01, 0xFF, 0xFE, 0x00, 0x00, 
    0x00, 0x7F, 0xFF, 0x80, 0x00, 
    0x00, 0x3F, 0xFF, 0xE0, 0x00, 
    0x00, 0x0F, 0xFF, 0xF8, 0x00, 
    0x00, 0x03, 0xFF, 0xFC, 0x00, 
    0x00, 0x00, 0xFF, 0xFF, 0x00, 
    0x00, 0x00, 0x3F, 0xFF, 0x80, 
    0x00, 0x00, 0x0F, 0xFF, 0xC0, 
    0x00, 0x00, 0x03, 0xFF, 0xE0, 
    0x00, 0x00, 0x01, 0xFF, 0xF0, 
    0x00, 0x00, 0x00, 0x7F, 0xF8, 
    0x00, 0x00, 0x00, 0x1F, 0xFC, 
    0x00, 0x00, 0x00, 0x0F, 0xFC, 
    0x00, 0x00, 0x00, 0x07, 0xFE, 
    0x00, 0x00, 0x00, 0x03, 0xFE, 
    0x00, 0x00, 0x00, 0x01, 0xFE, 
    0x00, 0x00, 0x00, 0x01, 0xFF, 
    0x00, 0x00, 0x00, 0x00, 0xFF, 
    0x00, 0x00, 0x00, 0x00, 0xFF, 
    0x00, 0x00, 0x00, 0x00, 0xFF, 
    0x00, 
    0x00, 0x00, 0x00, 0xFF, 0x00, 
    0x00, 0x00, 0x00, 0xFF, 0x00, 
    0x00, 0x00, 0x00, 0xFF, 0x00, 
    0x00, 0x00, 0x00, 0xFF, 0x00, 
    0x00, 0x00, 0x01, 0xFF, 0x80, 
    0x00, 0x00, 0x01, 0xFE, 0xC0, 
    0x00, 0x00, 0x03, 0xFE, 0xF0, 
    0x00, 0x00, 0x07, 0xFE, 0xFC, 
    0x00, 0x00, 0x0F, 0xFC, 0xFF, 
    0x80, 0x00, 0x3F, 0xF8, 0xFF, 
    0xF8, 0x01, 0xFF, 0xF8, 0xFF, 
    0xFF, 0xFF, 0xFF, 0xF0, 0xFF, 
    0xFF, 0xFF, 0xFF, 0xE0, 0xFF, 
    0xFF, 0xFF, 0xFF, 0xC0, 0xFF, 
    0xFF, 0xFF, 0xFF, 0x00, 0x3F, 
    0xFF, 0xFF, 0xFC, 0x00, 0x03, 
    0xFF, 0xFF, 0xE0, 0x00, 0x00, 
    0x1F, 0xFE, 0x00, 0x00,     EFI_HII_GIBT_GLYPH,
    0x2E,          // Cell width in pixels.
    0x00,
    0x43,          // Cell height in pixels.
    0x00,
    0x02,          // Horizontal offset from cell boundary to start of glyph.
    0x00,
    0x01,          // Vertical offset from cell boundary to start of glyph.
    0x00,
    0x32,          // Number of pixels to the right to advance to next glyph.
    0x00,
    0xFF, 0xFF, 0xFF, 0xFF, 0xFF, 0xFC,          // Character: 'T' (0x0054)
    0xFF, 0xFF, 0xFF, 0xFF, 0xFF, 0xFC, 
    0xFF, 0xFF, 0xFF, 0xFF, 0xFF, 0xFC, 
    0xFF, 0xFF, 0xFF, 0xFF, 0xFF, 0xFC, 
    0xFF, 0xFF, 0xFF, 0xFF, 0xFF, 0xFC, 
    0xFF, 0xFF, 0xFF, 0xFF, 0xFF, 0xFC, 
    0xFF, 0xFF, 0xFF, 0xFF, 0xFF, 0xFC, 
    0x00, 0x00, 0x1F, 0xE0, 0x00, 0x00, 
    0x00, 0x00, 0x1F, 0xE0, 0x00, 0x00, 
    0x00, 0x00, 0x1F, 0xE0, 0x00, 0x00, 
    0x00, 0x00, 0x1F, 0xE0, 0x00, 0x00, 
    0x00, 0x00, 0x1F, 0xE0, 0x00, 0x00, 
    0x00, 0x00, 0x1F, 0xE0, 0x00, 0x00, 
    0x00, 0x00, 0x1F, 0xE0, 0x00, 0x00, 
    0x00, 0x00, 0x1F, 0xE0, 0x00, 0x00, 
    0x00, 0x00, 0x1F, 0xE0, 0x00, 0x00, 
    0x00, 0x00, 0x1F, 0xE0, 0x00, 0x00, 
    0x00, 0x00, 0x1F, 0xE0, 0x00, 0x00, 
    0x00, 0x00, 0x1F, 0xE0, 0x00, 0x00, 
    0x00, 0x00, 0x1F, 0xE0, 0x00, 0x00, 
    0x00, 0x00, 0x1F, 0xE0, 0x00, 0x00, 
    0x00, 0x00, 0x1F, 0xE0, 0x00, 0x00, 
    0x00, 0x00, 0x1F, 0xE0, 0x00, 0x00, 
    0x00, 0x00, 0x1F, 0xE0, 0x00, 0x00, 
    0x00, 0x00, 0x1F, 0xE0, 0x00, 0x00, 
    0x00, 0x00, 0x1F, 0xE0, 0x00, 0x00, 
    0x00, 0x00, 0x1F, 0xE0, 0x00, 0x00, 
    0x00, 0x00, 0x1F, 0xE0, 0x00, 0x00, 
    0x00, 0x00, 0x1F, 0xE0, 0x00, 0x00, 
    0x00, 0x00, 0x1F, 0xE0, 0x00, 0x00, 
    0x00, 0x00, 0x1F, 0xE0, 0x00, 0x00, 
    0x00, 0x00, 0x1F, 0xE0, 0x00, 0x00, 
    0x00, 0x00, 0x1F, 0xE0, 0x00, 0x00, 
    0x00, 0x00, 0x1F, 0xE0, 0x00, 0x00, 
    0x00, 0x00, 0x1F, 0xE0, 0x00, 0x00, 
    0x00, 0x00, 0x1F, 0xE0, 0x00, 0x00, 
    0x00, 0x00, 0x1F, 0xE0, 0x00, 0x00, 
    0x00, 0x00, 0x1F, 0xE0, 0x00, 0x00, 
    0x00, 0x00, 0x1F, 0xE0, 0x00, 0x00, 
    0x00, 0x00, 0x1F, 0xE0, 0x00, 0x00, 
    0x00, 0x00, 0x1F, 0xE0, 0x00, 0x00, 
    0x00, 0x00, 0x1F, 0xE0, 0x00, 0x00, 
    0x00, 0x00, 0x1F, 0xE0, 
    0x00, 0x00, 0x00, 0x00, 0x1F, 0xE0, 
    0x00, 0x00, 0x00, 0x00, 0x1F, 0xE0, 
    0x00, 0x00, 0x00, 0x00, 0x1F, 0xE0, 
    0x00, 0x00, 0x00, 0x00, 0x1F, 0xE0, 
    0x00, 0x00, 0x00, 0x00, 0x1F, 0xE0, 
    0x00, 0x00, 0x00, 0x00, 0x1F, 0xE0, 
    0x00, 0x00, 0x00, 0x00, 0x1F, 0xE0, 
    0x00, 0x00, 0x00, 0x00, 0x1F, 0xE0, 
    0x00, 0x00, 0x00, 0x00, 0x1F, 0xE0, 
    0x00, 0x00, 0x00, 0x00, 0x1F, 0xE0, 
    0x00, 0x00, 0x00, 0x00, 0x1F, 0xE0, 
    0x00, 0x00, 0x00, 0x00, 0x1F, 0xE0, 
    0x00, 0x00, 0x00, 0x00, 0x1F, 0xE0, 
    0x00, 0x00, 0x00, 0x00, 0x1F, 0xE0, 
    0x00, 0x00, 0x00, 0x00, 0x1F, 0xE0, 
    0x00, 0x00, 0x00, 0x00, 0x1F, 0xE0, 
    0x00, 0x00, 0x00, 0x00, 0x1F, 0xE0, 
    0x00, 0x00, 0x00, 0x00, 0x1F, 0xE0, 
    0x00, 0x00, 0x00, 0x00, 0x1F, 0xE0, 
    0x00, 0x00, 0x00, 0x00, 0x1F, 0xE0, 
    0x00, 0x00, 0x00, 0x00, 0x1F, 0xE0, 
    0x00, 0x00, 0x00, 0x00, 0x1F, 0xE0, 
    0x00, 0x00, 0x00, 0x00, 0x1F, 0xE0, 
    0x00, 0x00, 0x00, 0x00, 0x1F, 0xE0, 
    0x00, 0x00,     EFI_HII_GIBT_GLYPH,
    0x32,          // Cell width in pixels.
    0x00,
    0x44,          // Cell height in pixels.
    0x00,
    0x08,          // Horizontal offset from cell boundary to start of glyph.
    0x00,
    0x00,          // Vertical offset from cell boundary to start of glyph.
    0x00,
    0x42,          // Number of pixels to the right to advance to next glyph.
    0x00,
    0xFF, 0x00, 0x00, 0x00, 0x00, 0x3F, 0xC0,          // Character: 'U' (0x0055)
    0xFF, 0x00, 0x00, 0x00, 0x00, 0x3F, 0xC0, 
    0xFF, 0x00, 0x00, 0x00, 0x00, 0x3F, 0xC0, 
    0xFF, 0x00, 0x00, 0x00, 0x00, 0x3F, 0xC0, 
    0xFF, 0x00, 0x00, 0x00, 0x00, 0x3F, 0xC0, 
    0xFF, 0x00, 0x00, 0x00, 0x00, 0x3F, 0xC0, 
    0xFF, 0x00, 0x00, 0x00, 0x00, 0x3F, 0xC0, 
    0xFF, 0x00, 0x00, 0x00, 0x00, 0x3F, 0xC0, 
    0xFF, 0x00, 0x00, 0x00, 0x00, 0x3F, 0xC0, 
    0xFF, 0x00, 0x00, 0x00, 0x00, 0x3F, 0xC0, 
    0xFF, 0x00, 0x00, 0x00, 0x00, 0x3F, 0xC0, 
    0xFF, 0x00, 0x00, 0x00, 0x00, 0x3F, 0xC0, 
    0xFF, 0x00, 0x00, 0x00, 0x00, 0x3F, 0xC0, 
    0xFF, 0x00, 0x00, 0x00, 0x00, 0x3F, 0xC0, 
    0xFF, 0x00, 0x00, 0x00, 0x00, 0x3F, 0xC0, 
    0xFF, 0x00, 0x00, 0x00, 0x00, 0x3F, 0xC0, 
    0xFF, 0x00, 0x00, 0x00, 0x00, 0x3F, 0xC0, 
    0xFF, 0x00, 0x00, 0x00, 0x00, 0x3F, 0xC0, 
    0xFF, 0x00, 0x00, 0x00, 0x00, 0x3F, 0xC0, 
    0xFF, 0x00, 0x00, 0x00, 0x00, 0x3F, 0xC0, 
    0xFF, 0x00, 0x00, 0x00, 0x00, 0x3F, 0xC0, 
    0xFF, 0x00, 0x00, 0x00, 0x00, 0x3F, 0xC0, 
    0xFF, 0x00, 0x00, 0x00, 0x00, 0x3F, 0xC0, 
    0xFF, 0x00, 0x00, 0x00, 0x00, 0x3F, 0xC0, 
    0xFF, 0x00, 0x00, 0x00, 0x00, 0x3F, 0xC0, 
    0xFF, 0x00, 0x00, 0x00, 0x00, 0x3F, 0xC0, 
    0xFF, 0x00, 0x00, 0x00, 0x00, 0x3F, 0xC0, 
    0xFF, 0x00, 0x00, 0x00, 0x00, 0x3F, 0xC0, 
    0xFF, 0x00, 0x00, 0x00, 0x00, 0x3F, 0xC0, 
    0xFF, 0x00, 0x00, 0x00, 0x00, 0x3F, 0xC0, 
    0xFF, 0x00, 0x00, 0x00, 0x00, 0x3F, 0xC0, 
    0xFF, 0x00, 0x00, 0x00, 0x00, 0x3F, 0xC0, 
    0xFF, 0x00, 0x00, 0x00, 0x00, 0x3F, 0xC0, 
    0xFF, 0x00, 0x00, 0x00, 0x00, 0x3F, 0xC0, 
    0xFF, 0x00, 0x00, 0x00, 0x00, 0x3F, 0xC0, 
    0xFF, 0x00, 0x00, 0x00, 0x00, 0x3F, 0xC0, 
    0xFF, 0x00, 0x00, 0x00, 
    0x00, 0x3F, 0xC0, 0xFF, 0x00, 0x00, 0x00, 
    0x00, 0x3F, 0xC0, 0xFF, 0x00, 0x00, 0x00, 
    0x00, 0x3F, 0xC0, 0xFF, 0x00, 0x00, 0x00, 
    0x00, 0x3F, 0xC0, 0xFF, 0x00, 0x00, 0x00, 
    0x00, 0x3F, 0xC0, 0xFF, 0x00, 0x00, 0x00, 
    0x00, 0x3F, 0xC0, 0xFF, 0x00, 0x00, 0x00, 
    0x00, 0x3F, 0xC0, 0xFF, 0x00, 0x00, 0x00, 
    0x00, 0x3F, 0xC0, 0xFF, 0x00, 0x00, 0x00, 
    0x00, 0x3F, 0xC0, 0xFF, 0x00, 0x00, 0x00, 
    0x00, 0x3F, 0xC0, 0xFF, 0x00, 0x00, 0x00, 
    0x00, 0x3F, 0xC0, 0xFF, 0x80, 0x00, 0x00, 
    0x00, 0x7F, 0x80, 0x7F, 0x80, 0x00, 0x00, 
    0x00, 0x7F, 0x80, 0x7F, 0x80, 0x00, 0x00, 
    0x00, 0x7F, 0x80, 0x7F, 0x80, 0x00, 0x00, 
    0x00, 0x7F, 0x80, 0x7F, 0xC0, 0x00, 0x00, 
    0x00, 0xFF, 0x80, 0x7F, 0xC0, 0x00, 0x00, 
    0x00, 0xFF, 0x00, 0x3F, 0xE0, 0x00, 0x00, 
    0x00, 0xFF, 0x00, 0x3F, 0xE0, 0x00, 0x00, 
    0x01, 0xFF, 0x00, 0x1F, 0xF0, 0x00, 0x00, 
    0x03, 0xFE, 0x00, 0x1F, 0xF8, 0x00, 0x00, 
    0x07, 0xFE, 0x00, 0x1F, 0xFC, 0x00, 0x00, 
    0x0F, 0xFC, 0x00, 0x0F, 0xFE, 0x00, 0x00, 
    0x1F, 0xFC, 0x00, 0x07, 0xFF, 0x80, 0x00, 
    0x7F, 0xF8, 0x00, 0x03, 0xFF, 0xF0, 0x03, 
    0xFF, 0xF0, 0x00, 0x03, 0xFF, 0xFF, 0xFF, 
    0xFF, 0xE0, 0x00, 0x01, 0xFF, 0xFF, 0xFF, 
    0xFF, 0xC0, 0x00, 0x00, 0x7F, 0xFF, 0xFF, 
    0xFF, 0x80, 0x00, 0x00, 0x3F, 0xFF, 0xFF, 
    0xFE, 0x00, 0x00, 0x00, 0x0F, 0xFF, 0xFF, 
    0xF8, 0x00, 0x00, 0x00, 0x03, 0xFF, 0xFF, 
    0xE0, 0x00, 0x00, 0x00, 0x00, 0x3F, 0xFE, 
    0x00, 0x00, 0x00,     EFI_HII_GIBT_GLYPH,
    0x3A,          // Cell width in pixels.
    0x00,
    0x43,          // Cell height in pixels.
    0x00,
    0x01,          // Horizontal offset from cell boundary to start of glyph.
    0x00,
    0x01,          // Vertical offset from cell boundary to start of glyph.
    0x00,
    0x3C,          // Number of pixels to the right to advance to next glyph.
    0x00,
    0xFF, 0x80, 0x00, 0x00, 0x00, 0x00, 0x7F, 0xC0,          // Character: 'V' (0x0056)
    0x7F, 0x80, 0x00, 0x00, 0x00, 0x00, 0x7F, 0x80, 
    0x7F, 0xC0, 0x00, 0x00, 0x00, 0x00, 0x7F, 0x80, 
    0x7F, 0xC0, 0x00, 0x00, 0x00, 0x00, 0xFF, 0x80, 
    0x3F, 0xC0, 0x00, 0x00, 0x00, 0x00, 0xFF, 0x00, 
    0x3F, 0xE0, 0x00, 0x00, 0x00, 0x00, 0xFF, 0x00, 
    0x3F, 0xE0, 0x00, 0x00, 0x00, 0x01, 0xFF, 0x00, 
    0x1F, 0xE0, 0x00, 0x00, 0x00, 0x01, 0xFE, 0x00, 
    0x1F, 0xF0, 0x00, 0x00, 0x00, 0x03, 0xFE, 0x00, 
    0x1F, 0xF0, 0x00, 0x00, 0x00, 0x03, 0xFC, 0x00, 
    0x0F, 0xF0, 0x00, 0x00, 0x00, 0x03, 0xFC, 0x00, 
    0x0F, 0xF8, 0x00, 0x00, 0x00, 0x07, 0xFC, 0x00, 
    0x07, 0xF8, 0x00, 0x00, 0x00, 0x07, 0xF8, 0x00, 
    0x07, 0xFC, 0x00, 0x00, 0x00, 0x07, 0xF8, 0x00, 
    0x07, 0xFC, 0x00, 0x00, 0x00, 0x0F, 0xF8, 0x00, 
    0x03, 0xFC, 0x00, 0x00, 0x00, 0x0F, 0xF0, 0x00, 
    0x03, 0xFE, 0x00, 0x00, 0x00, 0x0F, 0xF0, 0x00, 
    0x03, 0xFE, 0x00, 0x00, 0x00, 0x1F, 0xE0, 0x00, 
    0x01, 0xFE, 0x00, 0x00, 0x00, 0x1F, 0xE0, 0x00, 
    0x01, 0xFF, 0x00, 0x00, 0x00, 0x1F, 0xE0, 0x00, 
    0x01, 0xFF, 0x00, 0x00, 0x00, 0x3F, 0xC0, 0x00, 
    0x00, 0xFF, 0x00, 0x00, 0x00, 0x3F, 0xC0, 0x00, 
    0x00, 0xFF, 0x80, 0x00, 0x00, 0x7F, 0xC0, 0x00, 
    0x00, 0x7F, 0x80, 0x00, 0x00, 0x7F, 0x80, 0x00, 
    0x00, 0x7F, 0x80, 0x00, 0x00, 0x7F, 0x80, 0x00, 
    0x00, 0x7F, 0xC0, 0x00, 0x00, 0xFF, 0x80, 0x00, 
    0x00, 0x3F, 0xC0, 0x00, 0x00, 0xFF, 0x00, 0x00, 
    0x00, 0x3F, 0xC0, 0x00, 0x00, 0xFF, 0x00, 0x00, 
    0x00, 0x3F, 0xE0, 0x00, 0x01, 0xFE, 0x00, 0x00, 
    0x00, 0x1F, 0xE0, 0x00, 0x01, 0xFE, 0x00, 0x00, 
    0x00, 0x1F, 0xE0, 0x00, 0x01, 0xFE, 0x00, 0x00, 
    0x00, 0x1F, 0xF0, 0x00, 0x03, 0xFC, 0x00, 0x00, 
    0x00, 0x0F, 0xF0, 0x00, 0x03, 0xFC, 0x00, 0x00, 
    0x00, 0x0F, 0xF8, 0x00, 0x03, 0xFC, 0x00, 0x00, 
    0x00, 0x07, 0xF8, 0x00, 0x07, 0xF8, 0x00, 0x00, 
    0x00, 0x07, 0xF8, 0x00, 0x07, 0xF8, 0x00, 0x00, 
    0x00, 0x07, 0xFC, 0x00, 0x0F, 0xF0, 0x00, 0x00, 
    0x00, 0x03, 0xFC, 0x00, 0x0F, 0xF0, 0x00, 0x00, 
    0x00, 0x03, 0xFC, 0x00, 0x0F, 0xF0, 0x00, 0x00, 
    0x00, 0x03, 0xFE, 0x00, 0x1F, 0xE0, 0x00, 0x00, 
    0x00, 0x01, 0xFE, 0x00, 0x1F, 0xE0, 0x00, 0x00, 
    0x00, 0x01, 0xFE, 0x00, 0x1F, 0xE0, 0x00, 0x00, 
    0x00, 0x01, 0xFF, 0x00, 0x3F, 0xC0, 0x00, 0x00, 
    0x00, 0x00, 0xFF, 0x00, 0x3F, 0xC0, 0x00, 0x00, 
    0x00, 0x00, 0xFF, 0x00, 0x3F, 0x80, 0x00, 0x00, 
    0x00, 0x00, 0x7F, 0x80, 0x7F, 0x80, 0x00, 0x00, 
    0x00, 0x00, 0x7F, 0x80, 0x7F, 0x80, 0x00, 0x00, 
    0x00, 0x00, 0x7F, 0x80, 0xFF, 0x00, 0x00, 0x00, 
    0x00, 0x00, 0x3F, 0xC0, 0xFF, 0x00, 0x00, 0x00, 
    0x00, 0x00, 0x3F, 0xC0, 0xFF, 0x00, 0x00, 0x00, 
    0x00, 0x00, 0x3F, 0xC1, 0xFE, 0x00, 0x00, 0x00, 
    0x00, 0x00, 0x1F, 0xE1, 0xFE, 0x00, 0x00, 0x00, 
    0x00, 0x00, 0x1F, 0xE1, 0xFC, 0x00, 0x00, 0x00, 
    0x00, 0x00, 0x1F, 0xF3, 0xFC, 0x00, 0x00, 0x00, 
    0x00, 0x00, 0x0F, 0xF3, 0xFC, 0x00, 0x00, 0x00, 
    0x00, 0x00, 0x0F, 0xF3, 0xF8, 0x00, 0x00, 0x00, 
    0x00, 0x00, 0x07, 0xF7, 0xF8, 0x00, 0x00, 0x00, 
    0x00, 0x00, 0x07, 0xFF, 0xF8, 0x00, 0x00, 0x00, 
    0x00, 0x00, 0x07, 0xFF, 0xF0, 0x00, 0x00, 0x00, 
    0x00, 0x00, 0x03, 0xFF, 0xF0, 0x00, 0x00, 0x00, 
    0x00, 0x00, 0x03, 0xFF, 0xE0, 0x00, 0x00, 0x00, 
    0x00, 0x00, 0x03, 0xFF, 0xE0, 0x00, 0x00, 0x00, 
    0x00, 0x00, 0x01, 0xFF, 0xE0, 0x00, 0x00, 0x00, 
    0x00, 0x00, 0x01, 0xFF, 0xC0, 0x00, 0x00, 0x00, 
    0x00, 0x00, 0x01, 0xFF, 0xC0, 0x00, 0x00, 0x00, 
    0x00, 0x00, 0x00, 0xFF, 0xC0, 0x00, 0x00, 0x00, 
    0x00, 0x00, 0x00, 0xFF, 0x80, 0x00, 0x00, 0x00, 
    EFI_HII_GIBT_GLYPH,
    0x58,          // Cell width in pixels.
    0x00,
    0x43,          // Cell height in pixels.
    0x00,
    0x01,          // Horizontal offset from cell boundary to start of glyph.
    0x00,
    0x01,          // Vertical offset from cell boundary to start of glyph.
    0x00,
    0x5A,          // Number of pixels to the right to advance to next glyph.
    0x00,
    0xFF, 0x80, 0x00, 0x00, 0x00, 0x7F, 0x80, 0x00, 0x00, 0x01, 0xFF,          // Character: 'W' (0x0057)
    0xFF, 0x80, 0x00, 0x00, 0x00, 0x7F, 0x80, 0x00, 0x00, 0x01, 0xFF, 
    0x7F, 0x80, 0x00, 0x00, 0x00, 0xFF, 0x80, 0x00, 0x00, 0x01, 0xFE, 
    0x7F, 0xC0, 0x00, 0x00, 0x00, 0xFF, 0xC0, 0x00, 0x00, 0x03, 0xFE, 
    0x7F, 0xC0, 0x00, 0x00, 0x00, 0xFF, 0xC0, 0x00, 0x00, 0x03, 0xFE, 
    0x3F, 0xC0, 0x00, 0x00, 0x01, 0xFF, 0xC0, 0x00, 0x00, 0x03, 0xFC, 
    0x3F, 0xE0, 0x00, 0x00, 0x01, 0xFF, 0xC0, 0x00, 0x00, 0x03, 0xFC, 
    0x3F, 0xE0, 0x00, 0x00, 0x01, 0xFF, 0xE0, 0x00, 0x00, 0x07, 0xFC, 
    0x1F, 0xE0, 0x00, 0x00, 0x01, 0xFF, 0xE0, 0x00, 0x00, 0x07, 0xFC, 
    0x1F, 0xE0, 0x00, 0x00, 0x03, 0xFF, 0xE0, 0x00, 0x00, 0x07, 0xF8, 
    0x1F, 0xF0, 0x00, 0x00, 0x03, 0xFF, 0xE0, 0x00, 0x00, 0x07, 0xF8, 
    0x1F, 0xF0, 0x00, 0x00, 0x03, 0xF7, 0xF0, 0x00, 0x00, 0x0F, 0xF8, 
    0x0F, 0xF0, 0x00, 0x00, 0x07, 0xF7, 0xF0, 0x00, 0x00, 0x0F, 0xF0, 
    0x0F, 0xF8, 0x00, 0x00, 0x07, 0xF7, 0xF0, 0x00, 0x00, 0x0F, 0xF0, 
    0x0F, 0xF8, 0x00, 0x00, 0x07, 0xF7, 0xF8, 0x00, 0x00, 0x1F, 0xF0, 
    0x07, 0xF8, 0x00, 0x00, 0x0F, 0xF7, 0xF8, 0x00, 0x00, 0x1F, 0xF0, 
    0x07, 0xF8, 0x00, 0x00, 0x0F, 0xE7, 0xF8, 0x00, 0x00, 0x1F, 0xE0, 
    0x07, 0xFC, 0x00, 0x00, 0x0F, 0xE7, 0xF8, 0x00, 0x00, 0x1F, 0xE0, 
    0x07, 0xFC, 0x00, 0x00, 0x0F, 0xE3, 0xFC, 0x00, 0x00, 0x3F, 0xE0, 
    0x03, 0xFC, 0x00, 0x00, 0x1F, 0xE3, 0xFC, 0x00, 0x00, 0x3F, 0xC0, 
    0x03, 0xFC, 0x00, 0x00, 0x1F, 0xC3, 0xFC, 0x00, 0x00, 0x3F, 0xC0, 
    0x03, 0xFE, 0x00, 0x00, 0x1F, 0xC1, 0xFE, 0x00, 0x00, 0x3F, 0xC0, 
    0x01, 0xFE, 0x00, 0x00, 0x3F, 0xC1, 0xFE, 0x00, 0x00, 0x7F, 0xC0, 
    0x01, 0xFE, 0x00, 
    0x00, 0x3F, 0xC1, 0xFE, 0x00, 0x00, 0x7F, 0x80, 0x01, 0xFF, 0x00, 
    0x00, 0x3F, 0x81, 0xFE, 0x00, 0x00, 0x7F, 0x80, 0x00, 0xFF, 0x00, 
    0x00, 0x3F, 0x80, 0xFF, 0x00, 0x00, 0x7F, 0x80, 0x00, 0xFF, 0x00, 
    0x00, 0x7F, 0x80, 0xFF, 0x00, 0x00, 0xFF, 0x00, 0x00, 0xFF, 0x00, 
    0x00, 0x7F, 0x00, 0xFF, 0x00, 0x00, 0xFF, 0x00, 0x00, 0xFF, 0x80, 
    0x00, 0x7F, 0x00, 0x7F, 0x00, 0x00, 0xFF, 0x00, 0x00, 0x7F, 0x80, 
    0x00, 0xFF, 0x00, 0x7F, 0x80, 0x01, 0xFF, 0x00, 0x00, 0x7F, 0x80, 
    0x00, 0xFE, 0x00, 0x7F, 0x80, 0x01, 0xFE, 0x00, 0x00, 0x7F, 0xC0, 
    0x00, 0xFE, 0x00, 0x7F, 0x80, 0x01, 0xFE, 0x00, 0x00, 0x3F, 0xC0, 
    0x00, 0xFE, 0x00, 0x3F, 0xC0, 0x01, 0xFE, 0x00, 0x00, 0x3F, 0xC0, 
    0x01, 0xFE, 0x00, 0x3F, 0xC0, 0x03, 0xFC, 0x00, 0x00, 0x3F, 0xC0, 
    0x01, 0xFC, 0x00, 0x3F, 0xC0, 0x03, 0xFC, 0x00, 0x00, 0x1F, 0xE0, 
    0x01, 0xFC, 0x00, 0x1F, 0xC0, 0x03, 0xFC, 0x00, 0x00, 0x1F, 0xE0, 
    0x03, 0xFC, 0x00, 0x1F, 0xE0, 0x03, 0xFC, 0x00, 0x00, 0x1F, 0xE0, 
    0x03, 0xF8, 0x00, 0x1F, 0xE0, 0x07, 0xF8, 0x00, 0x00, 0x1F, 0xF0, 
    0x03, 0xF8, 0x00, 0x1F, 0xE0, 0x07, 0xF8, 0x00, 0x00, 0x0F, 0xF0, 
    0x07, 0xF8, 0x00, 0x0F, 0xF0, 0x07, 0xF8, 0x00, 0x00, 0x0F, 0xF0, 
    0x07, 0xF8, 0x00, 0x0F, 0xF0, 0x07, 0xF0, 0x00, 0x00, 0x0F, 0xF0, 
    0x07, 0xF0, 0x00, 0x0F, 0xF0, 0x0F, 0xF0, 0x00, 0x00, 0x07, 0xF8, 
    0x07, 0xF0, 0x00, 0x07, 0xF0, 0x0F, 0xF0, 0x00, 0x00, 0x07, 0xF8, 
    0x0F, 0xF0, 0x00, 0x07, 0xF8, 0x0F, 0xF0, 0x00, 0x00, 0x07, 0xF8, 
    0x0F, 0xE0, 0x00, 0x07, 0xF8, 0x1F, 0xE0, 0x00, 0x00, 0x03, 0xFC, 
    0x0F, 0xE0, 0x00, 0x07, 0xF8, 0x1F, 0xE0, 0x00, 0x00, 0x03, 0xFC, 
    0x1F, 0xE0, 0x00, 
    0x03, 0xF8, 0x1F, 0xE0, 0x00, 0x00, 0x03, 0xFC, 0x1F, 0xE0, 0x00, 
    0x03, 0xFC, 0x1F, 0xC0, 0x00, 0x00, 0x03, 0xFC, 0x1F, 0xC0, 0x00, 
    0x03, 0xFC, 0x3F, 0xC0, 0x00, 0x00, 0x01, 0xFE, 0x1F, 0xC0, 0x00, 
    0x01, 0xFC, 0x3F, 0xC0, 0x00, 0x00, 0x01, 0xFE, 0x3F, 0xC0, 0x00, 
    0x01, 0xFE, 0x3F, 0xC0, 0x00, 0x00, 0x01, 0xFE, 0x3F, 0x80, 0x00, 
    0x01, 0xFE, 0x3F, 0x80, 0x00, 0x00, 0x00, 0xFE, 0x3F, 0x80, 0x00, 
    0x01, 0xFE, 0x7F, 0x80, 0x00, 0x00, 0x00, 0xFF, 0x7F, 0x80, 0x00, 
    0x00, 0xFE, 0x7F, 0x80, 0x00, 0x00, 0x00, 0xFF, 0x7F, 0x80, 0x00, 
    0x00, 0xFF, 0x7F, 0x00, 0x00, 0x00, 0x00, 0xFF, 0x7F, 0x00, 0x00, 
    0x00, 0xFF, 0x7F, 0x00, 0x00, 0x00, 0x00, 0x7F, 0x7F, 0x00, 0x00, 
    0x00, 0x7F, 0xFF, 0x00, 0x00, 0x00, 0x00, 0x7F, 0x7F, 0x00, 0x00, 
    0x00, 0x7F, 0xFF, 0x00, 0x00, 0x00, 0x00, 0x7F, 0xFE, 0x00, 0x00, 
    0x00, 0x7F, 0xFE, 0x00, 0x00, 0x00, 0x00, 0x3F, 0xFE, 0x00, 0x00, 
    0x00, 0x7F, 0xFE, 0x00, 0x00, 0x00, 0x00, 0x3F, 0xFE, 0x00, 0x00, 
    0x00, 0x3F, 0xFE, 0x00, 0x00, 0x00, 0x00, 0x3F, 0xFE, 0x00, 0x00, 
    0x00, 0x3F, 0xFC, 0x00, 0x00, 0x00, 0x00, 0x1F, 0xFC, 0x00, 0x00, 
    0x00, 0x3F, 0xFC, 0x00, 0x00, 0x00, 0x00, 0x1F, 0xFC, 0x00, 0x00, 
    0x00, 0x1F, 0xFC, 0x00, 0x00, 0x00, 0x00, 0x1F, 0xFC, 0x00, 0x00, 
    0x00, 0x1F, 0xFC, 0x00, 0x00, 0x00, 0x00, 0x1F, 0xF8, 0x00, 0x00, 
    0x00, 0x1F, 0xF8, 0x00, 0x00, 0x00, 0x00, 0x0F, 0xF8, 0x00, 0x00, 
    0x00, 0x1F, 0xF8, 0x00, 0x00,     EFI_HII_GIBT_GLYPH,
    0x37,          // Cell width in pixels.
    0x00,
    0x43,          // Cell height in pixels.
    0x00,
    0x01,          // Horizontal offset from cell boundary to start of glyph.
    0x00,
    0x01,          // Vertical offset from cell boundary to start of glyph.
    0x00,
    0x39,          // Number of pixels to the right to advance to next glyph.
    0x00,
    0x3F, 0xF0, 0x00, 0x00, 0x00, 0x07, 0xFE,          // Character: 'X' (0x0058)
    0x1F, 0xF8, 0x00, 0x00, 0x00, 0x07, 0xFC, 
    0x0F, 0xF8, 0x00, 0x00, 0x00, 0x0F, 0xF8, 
    0x0F, 0xFC, 0x00, 0x00, 0x00, 0x0F, 0xF8, 
    0x07, 0xFE, 0x00, 0x00, 0x00, 0x1F, 0xF0, 
    0x07, 0xFE, 0x00, 0x00, 0x00, 0x3F, 0xE0, 
    0x03, 0xFF, 0x00, 0x00, 0x00, 0x3F, 0xE0, 
    0x01, 0xFF, 0x00, 0x00, 0x00, 0x7F, 0xC0, 
    0x01, 0xFF, 0x80, 0x00, 0x00, 0xFF, 0x80, 
    0x00, 0xFF, 0xC0, 0x00, 0x00, 0xFF, 0x80, 
    0x00, 0x7F, 0xC0, 0x00, 0x01, 0xFF, 0x00, 
    0x00, 0x7F, 0xE0, 0x00, 0x01, 0xFF, 0x00, 
    0x00, 0x3F, 0xE0, 0x00, 0x03, 0xFE, 0x00, 
    0x00, 0x1F, 0xF0, 0x00, 0x07, 0xFC, 0x00, 
    0x00, 0x1F, 0xF0, 0x00, 0x07, 0xFC, 0x00, 
    0x00, 0x0F, 0xF8, 0x00, 0x0F, 0xF8, 0x00, 
    0x00, 0x0F, 0xFC, 0x00, 0x1F, 0xF0, 0x00, 
    0x00, 0x07, 0xFC, 0x00, 0x1F, 0xF0, 0x00, 
    0x00, 0x03, 0xFE, 0x00, 0x3F, 0xE0, 0x00, 
    0x00, 0x03, 0xFE, 0x00, 0x3F, 0xC0, 0x00, 
    0x00, 0x01, 0xFF, 0x00, 0x7F, 0xC0, 0x00, 
    0x00, 0x00, 0xFF, 0x80, 0xFF, 0x80, 0x00, 
    0x00, 0x00, 0xFF, 0x80, 0xFF, 0x00, 0x00, 
    0x00, 0x00, 0x7F, 0xC1, 0xFF, 0x00, 0x00, 
    0x00, 0x00, 0x3F, 0xC3, 0xFE, 0x00, 0x00, 
    0x00, 0x00, 0x3F, 0xE3, 0xFC, 0x00, 0x00, 
    0x00, 0x00, 0x1F, 0xE7, 0xFC, 0x00, 0x00, 
    0x00, 0x00, 0x1F, 0xF7, 0xF8, 0x00, 0x00, 
    0x00, 0x00, 0x0F, 0xFF, 0xF0, 0x00, 0x00, 
    0x00, 0x00, 0x07, 0xFF, 0xF0, 0x00, 0x00, 
    0x00, 0x00, 0x07, 0xFF, 0xE0, 0x00, 0x00, 
    0x00, 0x00, 0x03, 0xFF, 0xE0, 0x00, 0x00, 
    0x00, 0x00, 0x01, 0xFF, 0xC0, 0x00, 0x00, 
    0x00, 0x00, 0x01, 0xFF, 0xC0, 0x00, 0x00, 
    0x00, 0x00, 0x03, 0xFF, 0xC0, 0x00, 0x00, 
    0x00, 0x00, 0x03, 0xFF, 0xE0, 0x00, 0x00, 
    0x00, 0x00, 0x07, 0xFF, 
    0xF0, 0x00, 0x00, 0x00, 0x00, 0x0F, 0xFF, 
    0xF0, 0x00, 0x00, 0x00, 0x00, 0x0F, 0xEF, 
    0xF8, 0x00, 0x00, 0x00, 0x00, 0x1F, 0xEF, 
    0xF8, 0x00, 0x00, 0x00, 0x00, 0x3F, 0xC7, 
    0xFC, 0x00, 0x00, 0x00, 0x00, 0x3F, 0xC3, 
    0xFE, 0x00, 0x00, 0x00, 0x00, 0x7F, 0x83, 
    0xFE, 0x00, 0x00, 0x00, 0x00, 0xFF, 0x81, 
    0xFF, 0x00, 0x00, 0x00, 0x01, 0xFF, 0x01, 
    0xFF, 0x80, 0x00, 0x00, 0x01, 0xFE, 0x00, 
    0xFF, 0x80, 0x00, 0x00, 0x03, 0xFE, 0x00, 
    0x7F, 0xC0, 0x00, 0x00, 0x07, 0xFC, 0x00, 
    0x7F, 0xE0, 0x00, 0x00, 0x07, 0xFC, 0x00, 
    0x3F, 0xE0, 0x00, 0x00, 0x0F, 0xF8, 0x00, 
    0x3F, 0xF0, 0x00, 0x00, 0x1F, 0xF0, 0x00, 
    0x1F, 0xF0, 0x00, 0x00, 0x1F, 0xF0, 0x00, 
    0x0F, 0xF8, 0x00, 0x00, 0x3F, 0xE0, 0x00, 
    0x0F, 0xFC, 0x00, 0x00, 0x7F, 0xC0, 0x00, 
    0x07, 0xFC, 0x00, 0x00, 0x7F, 0xC0, 0x00, 
    0x03, 0xFE, 0x00, 0x00, 0xFF, 0x80, 0x00, 
    0x03, 0xFF, 0x00, 0x01, 0xFF, 0x00, 0x00, 
    0x01, 0xFF, 0x00, 0x01, 0xFF, 0x00, 0x00, 
    0x01, 0xFF, 0x80, 0x03, 0xFE, 0x00, 0x00, 
    0x00, 0xFF, 0xC0, 0x07, 0xFE, 0x00, 0x00, 
    0x00, 0x7F, 0xC0, 0x0F, 0xFC, 0x00, 0x00, 
    0x00, 0x7F, 0xE0, 0x0F, 0xF8, 0x00, 0x00, 
    0x00, 0x3F, 0xE0, 0x1F, 0xF8, 0x00, 0x00, 
    0x00, 0x3F, 0xF0, 0x3F, 0xF0, 0x00, 0x00, 
    0x00, 0x1F, 0xF8, 0x3F, 0xE0, 0x00, 0x00, 
    0x00, 0x0F, 0xF8, 0x7F, 0xE0, 0x00, 0x00, 
    0x00, 0x0F, 0xFC, 0xFF, 0xC0, 0x00, 0x00, 
    0x00, 0x07, 0xFE,     EFI_HII_GIBT_GLYPH,
    0x33,          // Cell width in pixels.
    0x00,
    0x43,          // Cell height in pixels.
    0x00,
    0x01,          // Horizontal offset from cell boundary to start of glyph.
    0x00,
    0x01,          // Vertical offset from cell boundary to start of glyph.
    0x00,
    0x35,          // Number of pixels to the right to advance to next glyph.
    0x00,
    0xFF, 0x80, 0x00, 0x00, 0x00, 0x1F, 0xE0,          // Character: 'Y' (0x0059)
    0x7F, 0xC0, 0x00, 0x00, 0x00, 0x3F, 0xC0, 
    0x7F, 0xC0, 0x00, 0x00, 0x00, 0x3F, 0xC0, 
    0x3F, 0xE0, 0x00, 0x00, 0x00, 0x7F, 0x80, 
    0x3F, 0xE0, 0x00, 0x00, 0x00, 0x7F, 0x80, 
    0x1F, 0xF0, 0x00, 0x00, 0x00, 0xFF, 0x00, 
    0x1F, 0xF0, 0x00, 0x00, 0x00, 0xFF, 0x00, 
    0x0F, 0xF8, 0x00, 0x00, 0x01, 0xFE, 0x00, 
    0x0F, 0xF8, 0x00, 0x00, 0x03, 0xFE, 0x00, 
    0x07, 0xFC, 0x00, 0x00, 0x03, 0xFC, 0x00, 
    0x07, 0xFC, 0x00, 0x00, 0x07, 0xFC, 0x00, 
    0x03, 0xFE, 0x00, 0x00, 0x07, 0xF8, 0x00, 
    0x03, 0xFE, 0x00, 0x00, 0x0F, 0xF0, 0x00, 
    0x01, 0xFF, 0x00, 0x00, 0x0F, 0xF0, 0x00, 
    0x01, 0xFF, 0x00, 0x00, 0x1F, 0xE0, 0x00, 
    0x00, 0xFF, 0x00, 0x00, 0x1F, 0xE0, 0x00, 
    0x00, 0xFF, 0x80, 0x00, 0x3F, 0xC0, 0x00, 
    0x00, 0x7F, 0x80, 0x00, 0x3F, 0xC0, 0x00, 
    0x00, 0x7F, 0xC0, 0x00, 0x7F, 0x80, 0x00, 
    0x00, 0x3F, 0xC0, 0x00, 0x7F, 0x80, 0x00, 
    0x00, 0x3F, 0xE0, 0x00, 0xFF, 0x00, 0x00, 
    0x00, 0x1F, 0xE0, 0x00, 0xFF, 0x00, 0x00, 
    0x00, 0x1F, 0xF0, 0x01, 0xFE, 0x00, 0x00, 
    0x00, 0x0F, 0xF0, 0x03, 0xFE, 0x00, 0x00, 
    0x00, 0x0F, 0xF8, 0x03, 0xFC, 0x00, 0x00, 
    0x00, 0x07, 0xF8, 0x07, 0xFC, 0x00, 0x00, 
    0x00, 0x07, 0xFC, 0x07, 0xF8, 0x00, 0x00, 
    0x00, 0x03, 0xFC, 0x0F, 0xF8, 0x00, 0x00, 
    0x00, 0x03, 0xFE, 0x0F, 0xF0, 0x00, 0x00, 
    0x00, 0x01, 0xFE, 0x1F, 0xF0, 0x00, 0x00, 
    0x00, 0x01, 0xFF, 0x1F, 0xE0, 0x00, 0x00, 
    0x00, 0x00, 0xFF, 0x3F, 0xE0, 0x00, 0x00, 
    0x00, 0x00, 0xFF, 0xBF, 0xC0, 0x00, 0x00, 
    0x00, 0x00, 0x7F, 0xFF, 0x80, 0x00, 0x00, 
    0x00, 0x00, 0x7F, 0xFF, 0x80, 0x00, 0x00, 
    0x00, 0x00, 0x3F, 0xFF, 0x00, 0x00, 0x00, 
    0x00, 0x00, 0x3F, 0xFF, 
    0x00, 0x00, 0x00, 0x00, 0x00, 0x1F, 0xFE, 
    0x00, 0x00, 0x00, 0x00, 0x00, 0x1F, 0xFE, 
    0x00, 0x00, 0x00, 0x00, 0x00, 0x0F, 0xFC, 
    0x00, 0x00, 0x00, 0x00, 0x00, 0x0F, 0xFC, 
    0x00, 0x00, 0x00, 0x00, 0x00, 0x07, 0xF8, 
    0x00, 0x00, 0x00, 0x00, 0x00, 0x07, 0xF8, 
    0x00, 0x00, 0x00, 0x00, 0x00, 0x07, 0xF8, 
    0x00, 0x00, 0x00, 0x00, 0x00, 0x07, 0xF8, 
    0x00, 0x00, 0x00, 0x00, 0x00, 0x07, 0xF8, 
    0x00, 0x00, 0x00, 0x00, 0x00, 0x07, 0xF8, 
    0x00, 0x00, 0x00, 0x00, 0x00, 0x07, 0xF8, 
    0x00, 0x00, 0x00, 0x00, 0x00, 0x07, 0xF8, 
    0x00, 0x00, 0x00, 0x00, 0x00, 0x07, 0xF8, 
    0x00, 0x00, 0x00, 0x00, 0x00, 0x07, 0xF8, 
    0x00, 0x00, 0x00, 0x00, 0x00, 0x07, 0xF8, 
    0x00, 0x00, 0x00, 0x00, 0x00, 0x07, 0xF8, 
    0x00, 0x00, 0x00, 0x00, 0x00, 0x07, 0xF8, 
    0x00, 0x00, 0x00, 0x00, 0x00, 0x07, 0xF8, 
    0x00, 0x00, 0x00, 0x00, 0x00, 0x07, 0xF8, 
    0x00, 0x00, 0x00, 0x00, 0x00, 0x07, 0xF8, 
    0x00, 0x00, 0x00, 0x00, 0x00, 0x07, 0xF8, 
    0x00, 0x00, 0x00, 0x00, 0x00, 0x07, 0xF8, 
    0x00, 0x00, 0x00, 0x00, 0x00, 0x07, 0xF8, 
    0x00, 0x00, 0x00, 0x00, 0x00, 0x07, 0xF8, 
    0x00, 0x00, 0x00, 0x00, 0x00, 0x07, 0xF8, 
    0x00, 0x00, 0x00, 0x00, 0x00, 0x07, 0xF8, 
    0x00, 0x00, 0x00, 0x00, 0x00, 0x07, 0xF8, 
    0x00, 0x00, 0x00, 0x00, 0x00, 0x07, 0xF8, 
    0x00, 0x00, 0x00, 0x00, 0x00, 0x07, 0xF8, 
    0x00, 0x00, 0x00, 0x00, 0x00, 0x07, 0xF8, 
    0x00, 0x00, 0x00,     EFI_HII_GIBT_GLYPH,
    0x33,          // Cell width in pixels.
    0x00,
    0x43,          // Cell height in pixels.
    0x00,
    0x02,          // Horizontal offset from cell boundary to start of glyph.
    0x00,
    0x01,          // Vertical offset from cell boundary to start of glyph.
    0x00,
    0x37,          // Number of pixels to the right to advance to next glyph.
    0x00,
    0x1F, 0xFF, 0xFF, 0xFF, 0xFF, 0xFF, 0xE0,          // Character: 'Z' (0x005A)
    0x1F, 0xFF, 0xFF, 0xFF, 0xFF, 0xFF, 0xE0, 
    0x1F, 0xFF, 0xFF, 0xFF, 0xFF, 0xFF, 0xE0, 
    0x1F, 0xFF, 0xFF, 0xFF, 0xFF, 0xFF, 0xC0, 
    0x1F, 0xFF, 0xFF, 0xFF, 0xFF, 0xFF, 0x80, 
    0x1F, 0xFF, 0xFF, 0xFF, 0xFF, 0xFF, 0x80, 
    0x1F, 0xFF, 0xFF, 0xFF, 0xFF, 0xFF, 0x00, 
    0x00, 0x00, 0x00, 0x00, 0x01, 0xFE, 0x00, 
    0x00, 0x00, 0x00, 0x00, 0x03, 0xFE, 0x00, 
    0x00, 0x00, 0x00, 0x00, 0x07, 0xFC, 0x00, 
    0x00, 0x00, 0x00, 0x00, 0x07, 0xF8, 0x00, 
    0x00, 0x00, 0x00, 0x00, 0x0F, 0xF0, 0x00, 
    0x00, 0x00, 0x00, 0x00, 0x1F, 0xF0, 0x00, 
    0x00, 0x00, 0x00, 0x00, 0x1F, 0xE0, 0x00, 
    0x00, 0x00, 0x00, 0x00, 0x3F, 0xC0, 0x00, 
    0x00, 0x00, 0x00, 0x00, 0x7F, 0xC0, 0x00, 
    0x00, 0x00, 0x00, 0x00, 0x7F, 0x80, 0x00, 
    0x00, 0x00, 0x00, 0x00, 0xFF, 0x00, 0x00, 
    0x00, 0x00, 0x00, 0x01, 0xFF, 0x00, 0x00, 
    0x00, 0x00, 0x00, 0x01, 0xFE, 0x00, 0x00, 
    0x00, 0x00, 0x00, 0x03, 0xFC, 0x00, 0x00, 
    0x00, 0x00, 0x00, 0x07, 0xFC, 0x00, 0x00, 
    0x00, 0x00, 0x00, 0x07, 0xF8, 0x00, 0x00, 
    0x00, 0x00, 0x00, 0x0F, 0xF0, 0x00, 0x00, 
    0x00, 0x00, 0x00, 0x1F, 0xF0, 0x00, 0x00, 
    0x00, 0x00, 0x00, 0x3F, 0xE0, 0x00, 0x00, 
    0x00, 0x00, 0x00, 0x3F, 0xC0, 0x00, 0x00, 
    0x00, 0x00, 0x00, 0x7F, 0xC0, 0x00, 0x00, 
    0x00, 0x00, 0x00, 0xFF, 0x80, 0x00, 0x00, 
    0x00, 0x00, 0x00, 0xFF, 0x00, 0x00, 0x00, 
    0x00, 0x00, 0x01, 0xFF, 0x00, 0x00, 0x00, 
    0x00, 0x00, 0x03, 0xFE, 0x00, 0x00, 0x00, 
    0x00, 0x00, 0x03, 0xFC, 0x00, 0x00, 0x00, 
    0x00, 0x00, 0x07, 0xFC, 0x00, 0x00, 0x00, 
    0x00, 0x00, 0x0F, 0xF8, 0x00, 0x00, 0x00, 
    0x00, 0x00, 0x0F, 0xF0, 0x00, 0x00, 0x00, 
    0x00, 0x00, 0x1F, 0xF0, 
    0x00, 0x00, 0x00, 0x00, 0x00, 0x3F, 0xE0, 
    0x00, 0x00, 0x00, 0x00, 0x00, 0x3F, 0xC0, 
    0x00, 0x00, 0x00, 0x00, 0x00, 0x7F, 0xC0, 
    0x00, 0x00, 0x00, 0x00, 0x00, 0xFF, 0x80, 
    0x00, 0x00, 0x00, 0x00, 0x00, 0xFF, 0x00, 
    0x00, 0x00, 0x00, 0x00, 0x01, 0xFF, 0x00, 
    0x00, 0x00, 0x00, 0x00, 0x03, 0xFE, 0x00, 
    0x00, 0x00, 0x00, 0x00, 0x03, 0xFC, 0x00, 
    0x00, 0x00, 0x00, 0x00, 0x07, 0xFC, 0x00, 
    0x00, 0x00, 0x00, 0x00, 0x0F, 0xF8, 0x00, 
    0x00, 0x00, 0x00, 0x00, 0x0F, 0xF0, 0x00, 
    0x00, 0x00, 0x00, 0x00, 0x1F, 0xE0, 0x00, 
    0x00, 0x00, 0x00, 0x00, 0x3F, 0xE0, 0x00, 
    0x00, 0x00, 0x00, 0x00, 0x3F, 0xC0, 0x00, 
    0x00, 0x00, 0x00, 0x00, 0x7F, 0x80, 0x00, 
    0x00, 0x00, 0x00, 0x00, 0xFF, 0x80, 0x00, 
    0x00, 0x00, 0x00, 0x00, 0xFF, 0x00, 0x00, 
    0x00, 0x00, 0x00, 0x01, 0xFE, 0x00, 0x00, 
    0x00, 0x00, 0x00, 0x03, 0xFE, 0x00, 0x00, 
    0x00, 0x00, 0x00, 0x03, 0xFC, 0x00, 0x00, 
    0x00, 0x00, 0x00, 0x07, 0xF8, 0x00, 0x00, 
    0x00, 0x00, 0x00, 0x0F, 0xF8, 0x00, 0x00, 
    0x00, 0x00, 0x00, 0x0F, 0xF0, 0x00, 0x00, 
    0x00, 0x00, 0x00, 0x1F, 0xFF, 0xFF, 0xFF, 
    0xFF, 0xFF, 0xC0, 0x3F, 0xFF, 0xFF, 0xFF, 
    0xFF, 0xFF, 0xC0, 0x3F, 0xFF, 0xFF, 0xFF, 
    0xFF, 0xFF, 0xC0, 0x7F, 0xFF, 0xFF, 0xFF, 
    0xFF, 0xFF, 0xC0, 0xFF, 0xFF, 0xFF, 0xFF, 
    0xFF, 0xFF, 0xC0, 0xFF, 0xFF, 0xFF, 0xFF, 
    0xFF, 0xFF, 0xC0, 0xFF, 0xFF, 0xFF, 0xFF, 
    0xFF, 0xFF, 0xC0,     EFI_HII_GIBT_GLYPH,
    0x11,          // Cell width in pixels.
    0x00,
    0x52,          // Cell height in pixels.
    0x00,
    0x09,          // Horizontal offset from cell boundary to start of glyph.
    0x00,
    0xF2,          // Vertical offset from cell boundary to start of glyph.
    0xFF,
    0x1D,          // Number of pixels to the right to advance to next glyph.
    0x00,
    0xFF, 0xFF, 0x80,          // Character: '[' (0x005B)
    0xFF, 0xFF, 0x80, 
    0xFF, 0xFF, 0x80, 
    0xFF, 0xFF, 0x80, 
    0xFF, 0xFF, 0x80, 
    0xFF, 0xFF, 0x80, 
    0xFE, 0x00, 0x00, 
    0xFE, 0x00, 0x00, 
    0xFE, 0x00, 0x00, 
    0xFE, 0x00, 0x00, 
    0xFE, 0x00, 0x00, 
    0xFE, 0x00, 0x00, 
    0xFE, 0x00, 0x00, 
    0xFE, 0x00, 0x00, 
    0xFE, 0x00, 0x00, 
    0xFE, 0x00, 0x00, 
    0xFE, 0x00, 0x00, 
    0xFE, 0x00, 0x00, 
    0xFE, 0x00, 0x00, 
    0xFE, 0x00, 0x00, 
    0xFE, 0x00, 0x00, 
    0xFE, 0x00, 0x00, 
    0xFE, 0x00, 0x00, 
    0xFE, 0x00, 0x00, 
    0xFE, 0x00, 0x00, 
    0xFE, 0x00, 0x00, 
    0xFE, 0x00, 0x00, 
    0xFE, 0x00, 0x00, 
    0xFE, 0x00, 0x00, 
    0xFE, 0x00, 0x00, 
    0xFE, 0x00, 0x00, 
    0xFE, 0x00, 0x00, 
    0xFE, 0x00, 0x00, 
    0xFE, 0x00, 0x00, 
    0xFE, 0x00, 0x00, 
    0xFE, 0x00, 0x00, 
    0xFE, 0x00, 0x00, 
    0xFE, 0x00, 0x00, 
    0xFE, 0x00, 0x00, 
    0xFE, 0x00, 0x00, 
    0xFE, 0x00, 0x00, 
    0xFE, 0x00, 0x00, 
    0xFE, 0x00, 0x00, 
    0xFE, 0x00, 0x00, 
    0xFE, 0x00, 0x00, 
    0xFE, 0x00, 0x00, 
    0xFE, 0x00, 0x00, 
    0xFE, 0x00, 0x00, 
    0xFE, 0x00, 0x00, 
    0xFE, 0x00, 0x00, 
    0xFE, 0x00, 0x00, 
    0xFE, 0x00, 0x00, 
    0xFE, 0x00, 0x00, 
    0xFE, 0x00, 0x00, 
    0xFE, 0x00, 0x00, 
    0xFE, 0x00, 0x00, 
    0xFE, 0x00, 0x00, 
    0xFE, 0x00, 0x00, 
    0xFE, 0x00, 0x00, 
    0xFE, 0x00, 0x00, 
    0xFE, 0x00, 0x00, 
    0xFE, 0x00, 0x00, 
    0xFE, 0x00, 0x00, 
    0xFE, 0x00, 0x00, 
    0xFE, 0x00, 0x00, 
    0xFE, 0x00, 0x00, 
    0xFE, 0x00, 0x00, 
    0xFE, 0x00, 0x00, 
    0xFE, 0x00, 0x00, 
    0xFE, 0x00, 0x00, 
    0xFE, 0x00, 0x00, 
    0xFE, 0x00, 0x00, 
    0xFE, 0x00, 0x00, 
    0xFE, 0x00, 0x00, 
    0xFE, 0x00, 0x00, 
    0xFE, 0x00, 0x00, 
    0xFF, 0xFF, 0x80, 
    0xFF, 0xFF, 0x80, 
    0xFF, 0xFF, 0x80, 
    0xFF, 0xFF, 0x80, 
    0xFF, 0xFF, 0x80, 
    0xFF, 0xFF, 0x80, 
    EFI_HII_GIBT_GLYPH,
    0x26,          // Cell width in pixels.
    0x00,
    0x4E,          // Cell height in pixels.
    0x00,
    0x00,          // Horizontal offset from cell boundary to start of glyph.
    0x00,
    0xF6,          // Vertical offset from cell boundary to start of glyph.
    0xFF,
    0x25,          // Number of pixels to the right to advance to next glyph.
    0x00,
    0xFE, 0x00, 0x00, 0x00, 0x00,          // Character: '\' (0x005C)
    0x7F, 0x00, 0x00, 0x00, 0x00, 
    0x7F, 0x00, 0x00, 0x00, 0x00, 
    0x7F, 0x80, 0x00, 0x00, 0x00, 
    0x3F, 0x80, 0x00, 0x00, 0x00, 
    0x3F, 0x80, 0x00, 0x00, 0x00, 
    0x1F, 0xC0, 0x00, 0x00, 0x00, 
    0x1F, 0xC0, 0x00, 0x00, 0x00, 
    0x1F, 0xE0, 0x00, 0x00, 0x00, 
    0x0F, 0xE0, 0x00, 0x00, 0x00, 
    0x0F, 0xE0, 0x00, 0x00, 0x00, 
    0x07, 0xF0, 0x00, 0x00, 0x00, 
    0x07, 0xF0, 0x00, 0x00, 0x00, 
    0x07, 0xF0, 0x00, 0x00, 0x00, 
    0x03, 0xF8, 0x00, 0x00, 0x00, 
    0x03, 0xF8, 0x00, 0x00, 0x00, 
    0x01, 0xFC, 0x00, 0x00, 0x00, 
    0x01, 0xFC, 0x00, 0x00, 0x00, 
    0x01, 0xFC, 0x00, 0x00, 0x00, 
    0x00, 0xFE, 0x00, 0x00, 0x00, 
    0x00, 0xFE, 0x00, 0x00, 0x00, 
    0x00, 0x7F, 0x00, 0x00, 0x00, 
    0x00, 0x7F, 0x00, 0x00, 0x00, 
    0x00, 0x7F, 0x00, 0x00, 0x00, 
    0x00, 0x3F, 0x80, 0x00, 0x00, 
    0x00, 0x3F, 0x80, 0x00, 0x00, 
    0x00, 0x1F, 0xC0, 0x00, 0x00, 
    0x00, 0x1F, 0xC0, 0x00, 0x00, 
    0x00, 0x1F, 0xC0, 0x00, 0x00, 
    0x00, 0x0F, 0xE0, 0x00, 0x00, 
    0x00, 0x0F, 0xE0, 0x00, 0x00, 
    0x00, 0x07, 0xF0, 0x00, 0x00, 
    0x00, 0x07, 0xF0, 0x00, 0x00, 
    0x00, 0x07, 0xF0, 0x00, 0x00, 
    0x00, 0x03, 0xF8, 0x00, 0x00, 
    0x00, 0x03, 0xF8, 0x00, 0x00, 
    0x00, 0x01, 0xFC, 0x00, 0x00, 
    0x00, 0x01, 0xFC, 0x00, 0x00, 
    0x00, 0x01, 0xFC, 0x00, 0x00, 
    0x00, 0x00, 0xFE, 0x00, 0x00, 
    0x00, 0x00, 0xFE, 0x00, 0x00, 
    0x00, 0x00, 0x7F, 0x00, 0x00, 
    0x00, 0x00, 0x7F, 0x00, 0x00, 
    0x00, 0x00, 0x7F, 0x00, 0x00, 
    0x00, 0x00, 0x3F, 0x80, 0x00, 
    0x00, 0x00, 0x3F, 0x80, 0x00, 
    0x00, 0x00, 0x3F, 0xC0, 0x00, 
    0x00, 0x00, 0x1F, 0xC0, 0x00, 
    0x00, 0x00, 0x1F, 0xC0, 0x00, 
    0x00, 0x00, 0x0F, 0xE0, 0x00, 
    0x00, 0x00, 0x0F, 0xE0, 0x00, 
    0x00, 
    0x00, 0x0F, 0xF0, 0x00, 0x00, 
    0x00, 0x07, 0xF0, 0x00, 0x00, 
    0x00, 0x07, 0xF0, 0x00, 0x00, 
    0x00, 0x03, 0xF8, 0x00, 0x00, 
    0x00, 0x03, 0xF8, 0x00, 0x00, 
    0x00, 0x03, 0xF8, 0x00, 0x00, 
    0x00, 0x01, 0xFC, 0x00, 0x00, 
    0x00, 0x01, 0xFC, 0x00, 0x00, 
    0x00, 0x00, 0xFE, 0x00, 0x00, 
    0x00, 0x00, 0xFE, 0x00, 0x00, 
    0x00, 0x00, 0xFE, 0x00, 0x00, 
    0x00, 0x00, 0x7F, 0x00, 0x00, 
    0x00, 0x00, 0x7F, 0x00, 0x00, 
    0x00, 0x00, 0x3F, 0x80, 0x00, 
    0x00, 0x00, 0x3F, 0x80, 0x00, 
    0x00, 0x00, 0x3F, 0x80, 0x00, 
    0x00, 0x00, 0x1F, 0xC0, 0x00, 
    0x00, 0x00, 0x1F, 0xC0, 0x00, 
    0x00, 0x00, 0x0F, 0xE0, 0x00, 
    0x00, 0x00, 0x0F, 0xE0, 0x00, 
    0x00, 0x00, 0x0F, 0xE0, 0x00, 
    0x00, 0x00, 0x07, 0xF0, 0x00, 
    0x00, 0x00, 0x07, 0xF0, 0x00, 
    0x00, 0x00, 0x03, 0xF8, 0x00, 
    0x00, 0x00, 0x03, 0xF8, 0x00, 
    0x00, 0x00, 0x03, 0xF8, 0x00, 
    0x00, 0x00, 0x01, 0xFC,     EFI_HII_GIBT_GLYPH,
    0x11,          // Cell width in pixels.
    0x00,
    0x52,          // Cell height in pixels.
    0x00,
    0x03,          // Horizontal offset from cell boundary to start of glyph.
    0x00,
    0xF2,          // Vertical offset from cell boundary to start of glyph.
    0xFF,
    0x1D,          // Number of pixels to the right to advance to next glyph.
    0x00,
    0xFF, 0xFF, 0x80,          // Character: ']' (0x005D)
    0xFF, 0xFF, 0x80, 
    0xFF, 0xFF, 0x80, 
    0xFF, 0xFF, 0x80, 
    0xFF, 0xFF, 0x80, 
    0xFF, 0xFF, 0x80, 
    0x00, 0x3F, 0x80, 
    0x00, 0x3F, 0x80, 
    0x00, 0x3F, 0x80, 
    0x00, 0x3F, 0x80, 
    0x00, 0x3F, 0x80, 
    0x00, 0x3F, 0x80, 
    0x00, 0x3F, 0x80, 
    0x00, 0x3F, 0x80, 
    0x00, 0x3F, 0x80, 
    0x00, 0x3F, 0x80, 
    0x00, 0x3F, 0x80, 
    0x00, 0x3F, 0x80, 
    0x00, 0x3F, 0x80, 
    0x00, 0x3F, 0x80, 
    0x00, 0x3F, 0x80, 
    0x00, 0x3F, 0x80, 
    0x00, 0x3F, 0x80, 
    0x00, 0x3F, 0x80, 
    0x00, 0x3F, 0x80, 
    0x00, 0x3F, 0x80, 
    0x00, 0x3F, 0x80, 
    0x00, 0x3F, 0x80, 
    0x00, 0x3F, 0x80, 
    0x00, 0x3F, 0x80, 
    0x00, 0x3F, 0x80, 
    0x00, 0x3F, 0x80, 
    0x00, 0x3F, 0x80, 
    0x00, 0x3F, 0x80, 
    0x00, 0x3F, 0x80, 
    0x00, 0x3F, 0x80, 
    0x00, 0x3F, 0x80, 
    0x00, 0x3F, 0x80, 
    0x00, 0x3F, 0x80, 
    0x00, 0x3F, 0x80, 
    0x00, 0x3F, 0x80, 
    0x00, 0x3F, 0x80, 
    0x00, 0x3F, 0x80, 
    0x00, 0x3F, 0x80, 
    0x00, 0x3F, 0x80, 
    0x00, 0x3F, 0x80, 
    0x00, 0x3F, 0x80, 
    0x00, 0x3F, 0x80, 
    0x00, 0x3F, 0x80, 
    0x00, 0x3F, 0x80, 
    0x00, 0x3F, 0x80, 
    0x00, 0x3F, 0x80, 
    0x00, 0x3F, 0x80, 
    0x00, 0x3F, 0x80, 
    0x00, 0x3F, 0x80, 
    0x00, 0x3F, 0x80, 
    0x00, 0x3F, 0x80, 
    0x00, 0x3F, 0x80, 
    0x00, 0x3F, 0x80, 
    0x00, 0x3F, 0x80, 
    0x00, 0x3F, 0x80, 
    0x00, 0x3F, 0x80, 
    0x00, 0x3F, 0x80, 
    0x00, 0x3F, 0x80, 
    0x00, 0x3F, 0x80, 
    0x00, 0x3F, 0x80, 
    0x00, 0x3F, 0x80, 
    0x00, 0x3F, 0x80, 
    0x00, 0x3F, 0x80, 
    0x00, 0x3F, 0x80, 
    0x00, 0x3F, 0x80, 
    0x00, 0x3F, 0x80, 
    0x00, 0x3F, 0x80, 
    0x00, 0x3F, 0x80, 
    0x00, 0x3F, 0x80, 
    0x00, 0x3F, 0x80, 
    0xFF, 0xFF, 0x80, 
    0xFF, 0xFF, 0x80, 
    0xFF, 0xFF, 0x80, 
    0xFF, 0xFF, 0x80, 
    0xFF, 0xFF, 0x80, 
    0xFF, 0xFF, 0x80, 
    EFI_HII_GIBT_GLYPH,
    0x2C,          // Cell width in pixels.
    0x00,
    0x27,          // Cell height in pixels.
    0x00,
    0x0B,          // Horizontal offset from cell boundary to start of glyph.
    0x00,
    0x1E,          // Vertical offset from cell boundary to start of glyph.
    0x00,
    0x42,          // Number of pixels to the right to advance to next glyph.
    0x00,
    0x00, 0x00, 0x1E, 0x00, 0x00, 0x00,          // Character: '^' (0x005E)
    0x00, 0x00, 0x1F, 0x00, 0x00, 0x00, 
    0x00, 0x00, 0x3F, 0x00, 0x00, 0x00, 
    0x00, 0x00, 0x3F, 0x80, 0x00, 0x00, 
    0x00, 0x00, 0x7F, 0x80, 0x00, 0x00, 
    0x00, 0x00, 0x7F, 0xC0, 0x00, 0x00, 
    0x00, 0x00, 0xFF, 0xC0, 0x00, 0x00, 
    0x00, 0x00, 0xFF, 0xE0, 0x00, 0x00, 
    0x00, 0x01, 0xFF, 0xE0, 0x00, 0x00, 
    0x00, 0x01, 0xFF, 0xF0, 0x00, 0x00, 
    0x00, 0x03, 0xFB, 0xF0, 0x00, 0x00, 
    0x00, 0x03, 0xFB, 0xF8, 0x00, 0x00, 
    0x00, 0x07, 0xF1, 0xFC, 0x00, 0x00, 
    0x00, 0x07, 0xF1, 0xFC, 0x00, 0x00, 
    0x00, 0x0F, 0xE0, 0xFE, 0x00, 0x00, 
    0x00, 0x0F, 0xE0, 0xFE, 0x00, 0x00, 
    0x00, 0x1F, 0xC0, 0x7F, 0x00, 0x00, 
    0x00, 0x1F, 0xC0, 0x3F, 0x00, 0x00, 
    0x00, 0x3F, 0x80, 0x3F, 0x80, 0x00, 
    0x00, 0x3F, 0x80, 0x1F, 0x80, 0x00, 
    0x00, 0x7F, 0x00, 0x1F, 0xC0, 0x00, 
    0x00, 0x7F, 0x00, 0x0F, 0xC0, 0x00, 
    0x00, 0xFE, 0x00, 0x0F, 0xE0, 0x00, 
    0x00, 0xFE, 0x00, 0x07, 0xF0, 0x00, 
    0x01, 0xFC, 0x00, 0x07, 0xF0, 0x00, 
    0x01, 0xFC, 0x00, 0x03, 0xF8, 0x00, 
    0x03, 0xF8, 0x00, 0x03, 0xF8, 0x00, 
    0x03, 0xF8, 0x00, 0x01, 0xFC, 0x00, 
    0x07, 0xF0, 0x00, 0x01, 0xFC, 0x00, 
    0x07, 0xF0, 0x00, 0x00, 0xFE, 0x00, 
    0x0F, 0xE0, 0x00, 0x00, 0xFE, 0x00, 
    0x0F, 0xE0, 0x00, 0x00, 0x7F, 0x00, 
    0x1F, 0xC0, 0x00, 0x00, 0x3F, 0x00, 
    0x1F, 0xC0, 0x00, 0x00, 0x3F, 0x80, 
    0x3F, 0x80, 0x00, 0x00, 0x1F, 0xC0, 
    0x3F, 0x80, 0x00, 0x00, 0x1F, 0xC0, 
    0x7F, 0x00, 0x00, 0x00, 0x0F, 0xE0, 
    0x7F, 0x00, 0x00, 0x00, 0x0F, 0xE0, 
    0xFE, 0x00, 0x00, 0x00, 0x07, 0xF0, 
    EFI_HII_GIBT_GLYPH,
    0x28,          // Cell width in pixels.
    0x00,
    0x06,          // Cell height in pixels.
    0x00,
    0x00,          // Horizontal offset from cell boundary to start of glyph.
    0x00,
    0xF3,          // Vertical offset from cell boundary to start of glyph.
    0xFF,
    0x28,          // Number of pixels to the right to advance to next glyph.
    0x00,
    0xFF, 0xFF, 0xFF, 0xFF, 0xFF,          // Character: '_' (0x005F)
    0xFF, 0xFF, 0xFF, 0xFF, 0xFF, 
    0xFF, 0xFF, 0xFF, 0xFF, 0xFF, 
    0xFF, 0xFF, 0xFF, 0xFF, 0xFF, 
    0xFF, 0xFF, 0xFF, 0xFF, 0xFF, 
    0xFF, 0xFF, 0xFF, 0xFF, 0xFF, 
    EFI_HII_GIBT_GLYPH,
    0x12,          // Cell width in pixels.
    0x00,
    0x0F,          // Cell height in pixels.
    0x00,
    0x04,          // Horizontal offset from cell boundary to start of glyph.
    0x00,
    0x3A,          // Vertical offset from cell boundary to start of glyph.
    0x00,
    0x1A,          // Number of pixels to the right to advance to next glyph.
    0x00,
    0xFF, 0x00, 0x00,          // Character: '`' (0x0060)
    0x7F, 0x80, 0x00, 
    0x3F, 0x80, 0x00, 
    0x1F, 0xC0, 0x00, 
    0x0F, 0xE0, 0x00, 
    0x0F, 0xF0, 0x00, 
    0x07, 0xF0, 0x00, 
    0x03, 0xF8, 0x00, 
    0x01, 0xFC, 0x00, 
    0x00, 0xFC, 0x00, 
    0x00, 0xFE, 0x00, 
    0x00, 0x7F, 0x00, 
    0x00, 0x3F, 0x00, 
    0x00, 0x1F, 0x80, 
    0x00, 0x0F, 0xC0, 
    EFI_HII_GIBT_GLYPH,
    0x26,          // Cell width in pixels.
    0x00,
    0x32,          // Cell height in pixels.
    0x00,
    0x04,          // Horizontal offset from cell boundary to start of glyph.
    0x00,
    0x00,          // Vertical offset from cell boundary to start of glyph.
    0x00,
    0x31,          // Number of pixels to the right to advance to next glyph.
    0x00,
    0x00, 0x01, 0xFF, 0xC0, 0x00,          // Character: 'a' (0x0061)
    0x00, 0x1F, 0xFF, 0xFC, 0x00, 
    0x00, 0x7F, 0xFF, 0xFE, 0x00, 
    0x01, 0xFF, 0xFF, 0xFF, 0x80, 
    0x07, 0xFF, 0xFF, 0xFF, 0xC0, 
    0x07, 0xFF, 0xFF, 0xFF, 0xE0, 
    0x07, 0xFF, 0x00, 0xFF, 0xE0, 
    0x07, 0xF0, 0x00, 0x3F, 0xF0, 
    0x07, 0xC0, 0x00, 0x1F, 0xF0, 
    0x07, 0x00, 0x00, 0x0F, 0xF8, 
    0x06, 0x00, 0x00, 0x0F, 0xF8, 
    0x04, 0x00, 0x00, 0x07, 0xF8, 
    0x00, 0x00, 0x00, 0x07, 0xFC, 
    0x00, 0x00, 0x00, 0x07, 0xFC, 
    0x00, 0x00, 0x00, 0x03, 0xFC, 
    0x00, 0x00, 0x00, 0x03, 0xFC, 
    0x00, 0x00, 0x00, 0x03, 0xFC, 
    0x00, 0x00, 0x00, 0x03, 0xFC, 
    0x00, 0x00, 0x00, 0x03, 0xFC, 
    0x00, 0x00, 0x00, 0x3F, 0xFC, 
    0x00, 0x00, 0x1F, 0xFF, 0xFC, 
    0x00, 0x07, 0xFF, 0xFF, 0xFC, 
    0x00, 0x3F, 0xFF, 0xFF, 0xFC, 
    0x01, 0xFF, 0xFF, 0xFF, 0xFC, 
    0x03, 0xFF, 0xFF, 0xFF, 0xFC, 
    0x0F, 0xFF, 0xFF, 0xC3, 0xFC, 
    0x1F, 0xFF, 0xE0, 0x03, 0xFC, 
    0x1F, 0xFC, 0x00, 0x03, 0xFC, 
    0x3F, 0xF0, 0x00, 0x03, 0xFC, 
    0x7F, 0xC0, 0x00, 0x03, 0xFC, 
    0x7F, 0x80, 0x00, 0x03, 0xFC, 
    0x7F, 0x80, 0x00, 0x03, 0xFC, 
    0xFF, 0x00, 0x00, 0x03, 0xFC, 
    0xFF, 0x00, 0x00, 0x03, 0xFC, 
    0xFF, 0x00, 0x00, 0x07, 0xFC, 
    0xFF, 0x00, 0x00, 0x07, 0xFC, 
    0xFF, 0x00, 0x00, 0x07, 0xFC, 
    0xFF, 0x00, 0x00, 0x0F, 0xFC, 
    0xFF, 0x00, 0x00, 0x0F, 0xFC, 
    0xFF, 0x80, 0x00, 0x1F, 0xFC, 
    0x7F, 0x80, 0x00, 0x3F, 0xFC, 
    0x7F, 0xC0, 0x00, 0x7F, 0xFC, 
    0x7F, 0xE0, 0x01, 0xFB, 0xFC, 
    0x3F, 0xFC, 0x07, 0xFB, 0xFC, 
    0x3F, 0xFF, 0xFF, 0xF3, 0xFC, 
    0x1F, 0xFF, 0xFF, 0xE3, 0xFC, 
    0x0F, 0xFF, 0xFF, 0xC3, 0xFC, 
    0x03, 0xFF, 0xFF, 0x03, 0xFC, 
    0x01, 0xFF, 0xFE, 0x03, 0xFC, 
    0x00, 0x3F, 0xF0, 0x00, 0x00, 
    EFI_HII_GIBT_GLYPH,
    0x2C,          // Cell width in pixels.
    0x00,
    0x48,          // Cell height in pixels.
    0x00,
    0x08,          // Horizontal offset from cell boundary to start of glyph.
    0x00,
    0x00,          // Vertical offset from cell boundary to start of glyph.
    0x00,
    0x38,          // Number of pixels to the right to advance to next glyph.
    0x00,
    0xFF, 0x00, 0x00, 0x00, 0x00, 0x00,          // Character: 'b' (0x0062)
    0xFF, 0x00, 0x00, 0x00, 0x00, 0x00, 
    0xFF, 0x00, 0x00, 0x00, 0x00, 0x00, 
    0xFF, 0x00, 0x00, 0x00, 0x00, 0x00, 
    0xFF, 0x00, 0x00, 0x00, 0x00, 0x00, 
    0xFF, 0x00, 0x00, 0x00, 0x00, 0x00, 
    0xFF, 0x00, 0x00, 0x00, 0x00, 0x00, 
    0xFF, 0x00, 0x00, 0x00, 0x00, 0x00, 
    0xFF, 0x00, 0x00, 0x00, 0x00, 0x00, 
    0xFF, 0x00, 0x00, 0x00, 0x00, 0x00, 
    0xFF, 0x00, 0x00, 0x00, 0x00, 0x00, 
    0xFF, 0x00, 0x00, 0x00, 0x00, 0x00, 
    0xFF, 0x00, 0x00, 0x00, 0x00, 0x00, 
    0xFF, 0x00, 0x00, 0x00, 0x00, 0x00, 
    0xFF, 0x00, 0x00, 0x00, 0x00, 0x00, 
    0xFF, 0x00, 0x00, 0x00, 0x00, 0x00, 
    0xFF, 0x00, 0x00, 0x00, 0x00, 0x00, 
    0xFF, 0x00, 0x00, 0x00, 0x00, 0x00, 
    0xFF, 0x00, 0x00, 0x00, 0x00, 0x00, 
    0xFF, 0x00, 0x00, 0x00, 0x00, 0x00, 
    0xFF, 0x00, 0x00, 0x00, 0x00, 0x00, 
    0xFF, 0x00, 0x00, 0x00, 0x00, 0x00, 
    0xFF, 0x00, 0x0F, 0xF8, 0x00, 0x00, 
    0xFF, 0x00, 0x7F, 0xFF, 0x00, 0x00, 
    0xFF, 0x01, 0xFF, 0xFF, 0xC0, 0x00, 
    0xFF, 0x07, 0xFF, 0xFF, 0xF0, 0x00, 
    0xFF, 0x0F, 0xFF, 0xFF, 0xF8, 0x00, 
    0xFF, 0x1F, 0xFF, 0xFF, 0xFC, 0x00, 
    0xFF, 0x3F, 0xE0, 0x3F, 0xFE, 0x00, 
    0xFF, 0x7F, 0x00, 0x07, 0xFF, 0x00, 
    0xFF, 0x7C, 0x00, 0x03, 0xFF, 0x00, 
    0xFF, 0xF8, 0x00, 0x01, 0xFF, 0x80, 
    0xFF, 0xF0, 0x00, 0x00, 0xFF, 0x80, 
    0xFF, 0xE0, 0x00, 0x00, 0x7F, 0xC0, 
    0xFF, 0xE0, 0x00, 0x00, 0x3F, 0xC0, 
    0xFF, 0xC0, 0x00, 0x00, 0x3F, 0xE0, 
    0xFF, 0xC0, 0x00, 0x00, 0x1F, 0xE0, 
    0xFF, 0x80, 0x00, 0x00, 0x1F, 0xE0, 
    0xFF, 0x80, 0x00, 0x00, 0x1F, 0xE0, 
    0xFF, 0x80, 0x00, 0x00, 0x1F, 0xF0, 
    0xFF, 0x00, 0x00, 0x00, 0x0F, 0xF0, 
    0xFF, 0x00, 0x00, 0x00, 0x0F, 0xF0, 
    0xFF, 0x00, 0x00, 0x00, 
    0x0F, 0xF0, 0xFF, 0x00, 0x00, 0x00, 
    0x0F, 0xF0, 0xFF, 0x00, 0x00, 0x00, 
    0x0F, 0xF0, 0xFF, 0x00, 0x00, 0x00, 
    0x0F, 0xF0, 0xFF, 0x00, 0x00, 0x00, 
    0x0F, 0xF0, 0xFF, 0x00, 0x00, 0x00, 
    0x0F, 0xF0, 0xFF, 0x00, 0x00, 0x00, 
    0x0F, 0xF0, 0xFF, 0x00, 0x00, 0x00, 
    0x0F, 0xF0, 0xFF, 0x00, 0x00, 0x00, 
    0x0F, 0xF0, 0xFF, 0x00, 0x00, 0x00, 
    0x0F, 0xF0, 0xFF, 0x00, 0x00, 0x00, 
    0x1F, 0xE0, 0xFF, 0x00, 0x00, 0x00, 
    0x1F, 0xE0, 0xFF, 0x00, 0x00, 0x00, 
    0x1F, 0xE0, 0xFF, 0x00, 0x00, 0x00, 
    0x1F, 0xE0, 0xFF, 0x80, 0x00, 0x00, 
    0x3F, 0xE0, 0xFF, 0x80, 0x00, 0x00, 
    0x3F, 0xC0, 0xFF, 0xC0, 0x00, 0x00, 
    0x7F, 0xC0, 0xFF, 0xC0, 0x00, 0x00, 
    0x7F, 0x80, 0xFF, 0xE0, 0x00, 0x00, 
    0xFF, 0x80, 0xFF, 0xF0, 0x00, 0x01, 
    0xFF, 0x00, 0xFF, 0xF8, 0x00, 0x03, 
    0xFF, 0x00, 0xFF, 0xFC, 0x00, 0x07, 
    0xFE, 0x00, 0xFF, 0xFE, 0x00, 0x0F, 
    0xFC, 0x00, 0xFF, 0x7F, 0xC0, 0x7F, 
    0xFC, 0x00, 0xFF, 0x3F, 0xFF, 0xFF, 
    0xF8, 0x00, 0xFF, 0x1F, 0xFF, 0xFF, 
    0xF0, 0x00, 0xFF, 0x0F, 0xFF, 0xFF, 
    0xC0, 0x00, 0xFF, 0x07, 0xFF, 0xFF, 
    0x80, 0x00, 0xFF, 0x01, 0xFF, 0xFE, 
    0x00, 0x00, 0x00, 0x00, 0x3F, 0xE0, 
    0x00, 0x00,     EFI_HII_GIBT_GLYPH,
    0x24,          // Cell width in pixels.
    0x00,
    0x32,          // Cell height in pixels.
    0x00,
    0x05,          // Horizontal offset from cell boundary to start of glyph.
    0x00,
    0x00,          // Vertical offset from cell boundary to start of glyph.
    0x00,
    0x2C,          // Number of pixels to the right to advance to next glyph.
    0x00,
    0x00, 0x00, 0x1F, 0xFC, 0x00,          // Character: 'c' (0x0063)
    0x00, 0x01, 0xFF, 0xFF, 0xC0, 
    0x00, 0x07, 0xFF, 0xFF, 0xF0, 
    0x00, 0x1F, 0xFF, 0xFF, 0xF0, 
    0x00, 0x3F, 0xFF, 0xFF, 0xF0, 
    0x00, 0x7F, 0xFF, 0xFF, 0xF0, 
    0x01, 0xFF, 0xF0, 0x07, 0xF0, 
    0x03, 0xFF, 0xC0, 0x00, 0xF0, 
    0x03, 0xFF, 0x00, 0x00, 0x30, 
    0x07, 0xFE, 0x00, 0x00, 0x10, 
    0x0F, 0xF8, 0x00, 0x00, 0x00, 
    0x0F, 0xF8, 0x00, 0x00, 0x00, 
    0x1F, 0xF0, 0x00, 0x00, 0x00, 
    0x3F, 0xE0, 0x00, 0x00, 0x00, 
    0x3F, 0xC0, 0x00, 0x00, 0x00, 
    0x3F, 0xC0, 0x00, 0x00, 0x00, 
    0x7F, 0xC0, 0x00, 0x00, 0x00, 
    0x7F, 0x80, 0x00, 0x00, 0x00, 
    0x7F, 0x80, 0x00, 0x00, 0x00, 
    0x7F, 0x80, 0x00, 0x00, 0x00, 
    0xFF, 0x00, 0x00, 0x00, 0x00, 
    0xFF, 0x00, 0x00, 0x00, 0x00, 
    0xFF, 0x00, 0x00, 0x00, 0x00, 
    0xFF, 0x00, 0x00, 0x00, 0x00, 
    0xFF, 0x00, 0x00, 0x00, 0x00, 
    0xFF, 0x00, 0x00, 0x00, 0x00, 
    0xFF, 0x00, 0x00, 0x00, 0x00, 
    0xFF, 0x00, 0x00, 0x00, 0x00, 
    0xFF, 0x00, 0x00, 0x00, 0x00, 
    0xFF, 0x00, 0x00, 0x00, 0x00, 
    0xFF, 0x00, 0x00, 0x00, 0x00, 
    0xFF, 0x80, 0x00, 0x00, 0x00, 
    0x7F, 0x80, 0x00, 0x00, 0x00, 
    0x7F, 0x80, 0x00, 0x00, 0x00, 
    0x7F, 0xC0, 0x00, 0x00, 0x00, 
    0x3F, 0xC0, 0x00, 0x00, 0x00, 
    0x3F, 0xE0, 0x00, 0x00, 0x00, 
    0x3F, 0xE0, 0x00, 0x00, 0x00, 
    0x1F, 0xF0, 0x00, 0x00, 0x00, 
    0x1F, 0xF8, 0x00, 0x00, 0x00, 
    0x0F, 0xFC, 0x00, 0x00, 0x10, 
    0x07, 0xFE, 0x00, 0x00, 0x30, 
    0x03, 0xFF, 0x80, 0x00, 0xF0, 
    0x03, 0xFF, 0xF0, 0x07, 0xF0, 
    0x01, 0xFF, 0xFF, 0xFF, 0xF0, 
    0x00, 0x7F, 0xFF, 0xFF, 0xF0, 
    0x00, 0x3F, 0xFF, 0xFF, 0xF0, 
    0x00, 0x0F, 0xFF, 0xFF, 0xE0, 
    0x00, 0x03, 0xFF, 0xFF, 0x00, 
    0x00, 0x00, 0x3F, 0xF8, 0x00, 
    EFI_HII_GIBT_GLYPH,
    0x2D,          // Cell width in pixels.
    0x00,
    0x48,          // Cell height in pixels.
    0x00,
    0x05,          // Horizontal offset from cell boundary to start of glyph.
    0x00,
    0x00,          // Vertical offset from cell boundary to start of glyph.
    0x00,
    0x39,          // Number of pixels to the right to advance to next glyph.
    0x00,
    0x00, 0x00, 0x00, 0x00, 0x07, 0xF8,          // Character: 'd' (0x0064)
    0x00, 0x00, 0x00, 0x00, 0x07, 0xF8, 
    0x00, 0x00, 0x00, 0x00, 0x07, 0xF8, 
    0x00, 0x00, 0x00, 0x00, 0x07, 0xF8, 
    0x00, 0x00, 0x00, 0x00, 0x07, 0xF8, 
    0x00, 0x00, 0x00, 0x00, 0x07, 0xF8, 
    0x00, 0x00, 0x00, 0x00, 0x07, 0xF8, 
    0x00, 0x00, 0x00, 0x00, 0x07, 0xF8, 
    0x00, 0x00, 0x00, 0x00, 0x07, 0xF8, 
    0x00, 0x00, 0x00, 0x00, 0x07, 0xF8, 
    0x00, 0x00, 0x00, 0x00, 0x07, 0xF8, 
    0x00, 0x00, 0x00, 0x00, 0x07, 0xF8, 
    0x00, 0x00, 0x00, 0x00, 0x07, 0xF8, 
    0x00, 0x00, 0x00, 0x00, 0x07, 0xF8, 
    0x00, 0x00, 0x00, 0x00, 0x07, 0xF8, 
    0x00, 0x00, 0x00, 0x00, 0x07, 0xF8, 
    0x00, 0x00, 0x00, 0x00, 0x07, 0xF8, 
    0x00, 0x00, 0x00, 0x00, 0x07, 0xF8, 
    0x00, 0x00, 0x00, 0x00, 0x07, 0xF8, 
    0x00, 0x00, 0x00, 0x00, 0x07, 0xF8, 
    0x00, 0x00, 0x00, 0x00, 0x07, 0xF8, 
    0x00, 0x00, 0x00, 0x00, 0x07, 0xF8, 
    0x00, 0x00, 0x7F, 0xE0, 0x07, 0xF8, 
    0x00, 0x03, 0xFF, 0xFC, 0x07, 0xF8, 
    0x00, 0x0F, 0xFF, 0xFF, 0x07, 0xF8, 
    0x00, 0x3F, 0xFF, 0xFF, 0x87, 0xF8, 
    0x00, 0x7F, 0xFF, 0xFF, 0xE7, 0xF8, 
    0x00, 0xFF, 0xFF, 0xFF, 0xF7, 0xF8, 
    0x01, 0xFF, 0xE0, 0x1F, 0xF7, 0xF8, 
    0x03, 0xFF, 0x80, 0x03, 0xFF, 0xF8, 
    0x07, 0xFE, 0x00, 0x01, 0xFF, 0xF8, 
    0x0F, 0xFC, 0x00, 0x00, 0x7F, 0xF8, 
    0x0F, 0xF8, 0x00, 0x00, 0x7F, 0xF8, 
    0x1F, 0xF0, 0x00, 0x00, 0x3F, 0xF8, 
    0x1F, 0xE0, 0x00, 0x00, 0x1F, 0xF8, 
    0x3F, 0xE0, 0x00, 0x00, 0x0F, 0xF8, 
    0x3F, 0xC0, 0x00, 0x00, 0x0F, 0xF8, 
    0x3F, 0xC0, 0x00, 0x00, 0x0F, 0xF8, 
    0x7F, 0x80, 0x00, 0x00, 0x07, 0xF8, 
    0x7F, 0x80, 0x00, 0x00, 0x07, 0xF8, 
    0x7F, 0x80, 0x00, 0x00, 0x07, 0xF8, 
    0x7F, 0x80, 0x00, 0x00, 0x07, 0xF8, 
    0xFF, 0x00, 0x00, 0x00, 
    0x07, 0xF8, 0xFF, 0x00, 0x00, 0x00, 
    0x07, 0xF8, 0xFF, 0x00, 0x00, 0x00, 
    0x07, 0xF8, 0xFF, 0x00, 0x00, 0x00, 
    0x07, 0xF8, 0xFF, 0x00, 0x00, 0x00, 
    0x07, 0xF8, 0xFF, 0x00, 0x00, 0x00, 
    0x07, 0xF8, 0xFF, 0x00, 0x00, 0x00, 
    0x07, 0xF8, 0xFF, 0x00, 0x00, 0x00, 
    0x07, 0xF8, 0xFF, 0x00, 0x00, 0x00, 
    0x07, 0xF8, 0xFF, 0x00, 0x00, 0x00, 
    0x07, 0xF8, 0xFF, 0x00, 0x00, 0x00, 
    0x07, 0xF8, 0xFF, 0x80, 0x00, 0x00, 
    0x07, 0xF8, 0x7F, 0x80, 0x00, 0x00, 
    0x0F, 0xF8, 0x7F, 0x80, 0x00, 0x00, 
    0x0F, 0xF8, 0x7F, 0x80, 0x00, 0x00, 
    0x0F, 0xF8, 0x7F, 0xC0, 0x00, 0x00, 
    0x1F, 0xF8, 0x3F, 0xC0, 0x00, 0x00, 
    0x1F, 0xF8, 0x3F, 0xE0, 0x00, 0x00, 
    0x3F, 0xF8, 0x3F, 0xE0, 0x00, 0x00, 
    0x3F, 0xF8, 0x1F, 0xF0, 0x00, 0x00, 
    0x7F, 0xF8, 0x1F, 0xF8, 0x00, 0x00, 
    0xFF, 0xF8, 0x0F, 0xFC, 0x00, 0x01, 
    0xFF, 0xF8, 0x07, 0xFF, 0x00, 0x07, 
    0xF7, 0xF8, 0x07, 0xFF, 0xC0, 0x3F, 
    0xE7, 0xF8, 0x03, 0xFF, 0xFF, 0xFF, 
    0xC7, 0xF8, 0x01, 0xFF, 0xFF, 0xFF, 
    0x87, 0xF8, 0x00, 0x7F, 0xFF, 0xFF, 
    0x07, 0xF8, 0x00, 0x3F, 0xFF, 0xFC, 
    0x07, 0xF8, 0x00, 0x0F, 0xFF, 0xF0, 
    0x07, 0xF8, 0x00, 0x01, 0xFF, 0x80, 
    0x00, 0x00,     EFI_HII_GIBT_GLYPH,
    0x29,          // Cell width in pixels.
    0x00,
    0x32,          // Cell height in pixels.
    0x00,
    0x05,          // Horizontal offset from cell boundary to start of glyph.
    0x00,
    0x00,          // Vertical offset from cell boundary to start of glyph.
    0x00,
    0x32,          // Number of pixels to the right to advance to next glyph.
    0x00,
    0x00, 0x00, 0x7F, 0xE0, 0x00, 0x00,          // Character: 'e' (0x0065)
    0x00, 0x03, 0xFF, 0xFC, 0x00, 0x00, 
    0x00, 0x0F, 0xFF, 0xFF, 0x00, 0x00, 
    0x00, 0x3F, 0xFF, 0xFF, 0x80, 0x00, 
    0x00, 0x7F, 0xFF, 0xFF, 0xC0, 0x00, 
    0x00, 0xFF, 0xFF, 0xFF, 0xE0, 0x00, 
    0x01, 0xFF, 0xC0, 0x7F, 0xF0, 0x00, 
    0x03, 0xFF, 0x00, 0x1F, 0xF8, 0x00, 
    0x07, 0xFC, 0x00, 0x07, 0xFC, 0x00, 
    0x0F, 0xF8, 0x00, 0x03, 0xFC, 0x00, 
    0x0F, 0xF0, 0x00, 0x03, 0xFE, 0x00, 
    0x1F, 0xF0, 0x00, 0x01, 0xFE, 0x00, 
    0x1F, 0xE0, 0x00, 0x01, 0xFE, 0x00, 
    0x3F, 0xC0, 0x00, 0x00, 0xFF, 0x00, 
    0x3F, 0xC0, 0x00, 0x00, 0xFF, 0x00, 
    0x7F, 0x80, 0x00, 0x00, 0xFF, 0x00, 
    0x7F, 0x80, 0x00, 0x00, 0x7F, 0x00, 
    0x7F, 0x80, 0x00, 0x00, 0x7F, 0x80, 
    0x7F, 0x80, 0x00, 0x00, 0x7F, 0x80, 
    0xFF, 0x00, 0x00, 0x00, 0x7F, 0x80, 
    0xFF, 0x00, 0x00, 0x00, 0x7F, 0x80, 
    0xFF, 0xFF, 0xFF, 0xFF, 0xFF, 0x80, 
    0xFF, 0xFF, 0xFF, 0xFF, 0xFF, 0x80, 
    0xFF, 0xFF, 0xFF, 0xFF, 0xFF, 0x80, 
    0xFF, 0xFF, 0xFF, 0xFF, 0xFF, 0x80, 
    0xFF, 0xFF, 0xFF, 0xFF, 0xFF, 0x80, 
    0xFF, 0xFF, 0xFF, 0xFF, 0xFF, 0x80, 
    0xFF, 0x00, 0x00, 0x00, 0x00, 0x00, 
    0xFF, 0x00, 0x00, 0x00, 0x00, 0x00, 
    0xFF, 0x00, 0x00, 0x00, 0x00, 0x00, 
    0xFF, 0x00, 0x00, 0x00, 0x00, 0x00, 
    0xFF, 0x00, 0x00, 0x00, 0x00, 0x00, 
    0x7F, 0x80, 0x00, 0x00, 0x00, 0x00, 
    0x7F, 0x80, 0x00, 0x00, 0x00, 0x00, 
    0x7F, 0x80, 0x00, 0x00, 0x00, 0x00, 
    0x7F, 0xC0, 0x00, 0x00, 0x00, 0x00, 
    0x3F, 0xC0, 0x00, 0x00, 0x00, 0x00, 
    0x3F, 0xE0, 0x00, 0x00, 0x00, 0x00, 
    0x1F, 0xE0, 0x00, 0x00, 0x00, 0x00, 
    0x1F, 0xF0, 0x00, 0x00, 0x04, 0x00, 
    0x0F, 0xF8, 0x00, 0x00, 0x0C, 0x00, 
    0x0F, 0xFC, 0x00, 0x00, 0x3C, 0x00, 
    0x07, 0xFF, 0x00, 0x00, 
    0xFC, 0x00, 0x03, 0xFF, 0xE0, 0x0F, 
    0xFC, 0x00, 0x01, 0xFF, 0xFF, 0xFF, 
    0xFC, 0x00, 0x00, 0xFF, 0xFF, 0xFF, 
    0xFC, 0x00, 0x00, 0x7F, 0xFF, 0xFF, 
    0xF8, 0x00, 0x00, 0x1F, 0xFF, 0xFF, 
    0xE0, 0x00, 0x00, 0x07, 0xFF, 0xFF, 
    0x00, 0x00, 0x00, 0x00, 0xFF, 0xF0, 
    0x00, 0x00,     EFI_HII_GIBT_GLYPH,
    0x1D,          // Cell width in pixels.
    0x00,
    0x48,          // Cell height in pixels.
    0x00,
    0x03,          // Horizontal offset from cell boundary to start of glyph.
    0x00,
    0x01,          // Vertical offset from cell boundary to start of glyph.
    0x00,
    0x1E,          // Number of pixels to the right to advance to next glyph.
    0x00,
    0x00, 0x00, 0x1F, 0xF0,          // Character: 'f' (0x0066)
    0x00, 0x00, 0xFF, 0xF8, 
    0x00, 0x01, 0xFF, 0xF8, 
    0x00, 0x07, 0xFF, 0xF8, 
    0x00, 0x0F, 0xFF, 0xF8, 
    0x00, 0x1F, 0xFF, 0xF8, 
    0x00, 0x1F, 0xF8, 0x08, 
    0x00, 0x3F, 0xE0, 0x00, 
    0x00, 0x3F, 0xC0, 0x00, 
    0x00, 0x7F, 0x80, 0x00, 
    0x00, 0x7F, 0x80, 0x00, 
    0x00, 0x7F, 0x80, 0x00, 
    0x00, 0xFF, 0x00, 0x00, 
    0x00, 0xFF, 0x00, 0x00, 
    0x00, 0xFF, 0x00, 0x00, 
    0x00, 0xFF, 0x00, 0x00, 
    0x00, 0xFF, 0x00, 0x00, 
    0x00, 0xFF, 0x00, 0x00, 
    0x00, 0xFF, 0x00, 0x00, 
    0x00, 0xFF, 0x00, 0x00, 
    0x00, 0xFF, 0x00, 0x00, 
    0x00, 0xFF, 0x00, 0x00, 
    0x00, 0xFF, 0x00, 0x00, 
    0x00, 0xFF, 0x00, 0x00, 
    0xFF, 0xFF, 0xFF, 0xE0, 
    0xFF, 0xFF, 0xFF, 0xE0, 
    0xFF, 0xFF, 0xFF, 0xE0, 
    0xFF, 0xFF, 0xFF, 0xE0, 
    0xFF, 0xFF, 0xFF, 0xE0, 
    0xFF, 0xFF, 0xFF, 0xE0, 
    0x00, 0xFF, 0x00, 0x00, 
    0x00, 0xFF, 0x00, 0x00, 
    0x00, 0xFF, 0x00, 0x00, 
    0x00, 0xFF, 0x00, 0x00, 
    0x00, 0xFF, 0x00, 0x00, 
    0x00, 0xFF, 0x00, 0x00, 
    0x00, 0xFF, 0x00, 0x00, 
    0x00, 0xFF, 0x00, 0x00, 
    0x00, 0xFF, 0x00, 0x00, 
    0x00, 0xFF, 0x00, 0x00, 
    0x00, 0xFF, 0x00, 0x00, 
    0x00, 0xFF, 0x00, 0x00, 
    0x00, 0xFF, 0x00, 0x00, 
    0x00, 0xFF, 0x00, 0x00, 
    0x00, 0xFF, 0x00, 0x00, 
    0x00, 0xFF, 0x00, 0x00, 
    0x00, 0xFF, 0x00, 0x00, 
    0x00, 0xFF, 0x00, 0x00, 
    0x00, 0xFF, 0x00, 0x00, 
    0x00, 0xFF, 0x00, 0x00, 
    0x00, 0xFF, 0x00, 0x00, 
    0x00, 0xFF, 0x00, 0x00, 
    0x00, 0xFF, 0x00, 0x00, 
    0x00, 0xFF, 0x00, 0x00, 
    0x00, 0xFF, 0x00, 0x00, 
    0x00, 0xFF, 0x00, 0x00, 
    0x00, 0xFF, 0x00, 0x00, 
    0x00, 0xFF, 0x00, 0x00, 
    0x00, 0xFF, 0x00, 0x00, 
    0x00, 0xFF, 0x00, 0x00, 
    0x00, 0xFF, 0x00, 0x00, 
    0x00, 0xFF, 0x00, 0x00, 
    0x00, 0xFF, 0x00, 0x00, 
    0x00, 0xFF, 0x00, 0x00, 
    0x00, 0xFF, 0x00, 0x00, 
    0x00, 0xFF, 0x00, 0x00, 
    0x00, 0xFF, 0x00, 0x00, 
    0x00, 0xFF, 0x00, 0x00, 
    0x00, 0xFF, 0x00, 0x00, 
    0x00, 0xFF, 0x00, 0x00, 
    0x00, 0xFF, 0x00, 0x00, 
    0x00, 0xFF, 0x00, 0x00, 
    EFI_HII_GIBT_GLYPH,
    0x2D,          // Cell width in pixels.
    0x00,
    0x48,          // Cell height in pixels.
    0x00,
    0x05,          // Horizontal offset from cell boundary to start of glyph.
    0x00,
    0xEA,          // Vertical offset from cell boundary to start of glyph.
    0xFF,
    0x39,          // Number of pixels to the right to advance to next glyph.
    0x00,
    0x00, 0x00, 0x7F, 0xE0, 0x00, 0x00,          // Character: 'g' (0x0067)
    0x00, 0x03, 0xFF, 0xFC, 0x07, 0xF8, 
    0x00, 0x0F, 0xFF, 0xFF, 0x07, 0xF8, 
    0x00, 0x3F, 0xFF, 0xFF, 0x87, 0xF8, 
    0x00, 0x7F, 0xFF, 0xFF, 0xE7, 0xF8, 
    0x00, 0xFF, 0xFF, 0xFF, 0xE7, 0xF8, 
    0x01, 0xFF, 0xE0, 0x1F, 0xF7, 0xF8, 
    0x03, 0xFF, 0x80, 0x03, 0xFF, 0xF8, 
    0x07, 0xFE, 0x00, 0x01, 0xFF, 0xF8, 
    0x0F, 0xFC, 0x00, 0x00, 0xFF, 0xF8, 
    0x0F, 0xF8, 0x00, 0x00, 0x7F, 0xF8, 
    0x1F, 0xF0, 0x00, 0x00, 0x3F, 0xF8, 
    0x1F, 0xE0, 0x00, 0x00, 0x1F, 0xF8, 
    0x3F, 0xE0, 0x00, 0x00, 0x1F, 0xF8, 
    0x3F, 0xC0, 0x00, 0x00, 0x0F, 0xF8, 
    0x3F, 0xC0, 0x00, 0x00, 0x0F, 0xF8, 
    0x7F, 0x80, 0x00, 0x00, 0x07, 0xF8, 
    0x7F, 0x80, 0x00, 0x00, 0x07, 0xF8, 
    0x7F, 0x80, 0x00, 0x00, 0x07, 0xF8, 
    0x7F, 0x80, 0x00, 0x00, 0x07, 0xF8, 
    0xFF, 0x00, 0x00, 0x00, 0x07, 0xF8, 
    0xFF, 0x00, 0x00, 0x00, 0x07, 0xF8, 
    0xFF, 0x00, 0x00, 0x00, 0x07, 0xF8, 
    0xFF, 0x00, 0x00, 0x00, 0x07, 0xF8, 
    0xFF, 0x00, 0x00, 0x00, 0x07, 0xF8, 
    0xFF, 0x00, 0x00, 0x00, 0x07, 0xF8, 
    0xFF, 0x00, 0x00, 0x00, 0x07, 0xF8, 
    0xFF, 0x00, 0x00, 0x00, 0x07, 0xF8, 
    0xFF, 0x00, 0x00, 0x00, 0x07, 0xF8, 
    0xFF, 0x00, 0x00, 0x00, 0x07, 0xF8, 
    0xFF, 0x00, 0x00, 0x00, 0x07, 0xF8, 
    0xFF, 0x80, 0x00, 0x00, 0x07, 0xF8, 
    0xFF, 0x80, 0x00, 0x00, 0x0F, 0xF8, 
    0x7F, 0x80, 0x00, 0x00, 0x0F, 0xF8, 
    0x7F, 0x80, 0x00, 0x00, 0x0F, 0xF8, 
    0x7F, 0xC0, 0x00, 0x00, 0x1F, 0xF8, 
    0x7F, 0xC0, 0x00, 0x00, 0x1F, 0xF8, 
    0x3F, 0xE0, 0x00, 0x00, 0x3F, 0xF8, 
    0x3F, 0xE0, 0x00, 0x00, 0x3F, 0xF8, 
    0x1F, 0xF0, 0x00, 0x00, 0x7F, 0xF8, 
    0x1F, 0xF8, 0x00, 0x00, 0xFF, 0xF8, 
    0x0F, 0xFC, 0x00, 0x01, 0xFF, 0xF8, 
    0x07, 0xFF, 0x00, 0x07, 
    0xF7, 0xF8, 0x07, 0xFF, 0xC0, 0x3F, 
    0xE7, 0xF8, 0x03, 0xFF, 0xFF, 0xFF, 
    0xC7, 0xF8, 0x01, 0xFF, 0xFF, 0xFF, 
    0x87, 0xF8, 0x00, 0x7F, 0xFF, 0xFF, 
    0x07, 0xF8, 0x00, 0x3F, 0xFF, 0xFC, 
    0x07, 0xF8, 0x00, 0x0F, 0xFF, 0xF0, 
    0x07, 0xF8, 0x00, 0x01, 0xFF, 0x80, 
    0x07, 0xF8, 0x00, 0x00, 0x00, 0x00, 
    0x07, 0xF8, 0x00, 0x00, 0x00, 0x00, 
    0x07, 0xF8, 0x00, 0x00, 0x00, 0x00, 
    0x07, 0xF0, 0x00, 0x00, 0x00, 0x00, 
    0x0F, 0xF0, 0x00, 0x00, 0x00, 0x00, 
    0x0F, 0xF0, 0x00, 0x00, 0x00, 0x00, 
    0x0F, 0xF0, 0x00, 0x00, 0x00, 0x00, 
    0x1F, 0xF0, 0x00, 0x00, 0x00, 0x00, 
    0x1F, 0xE0, 0x00, 0x00, 0x00, 0x00, 
    0x3F, 0xE0, 0x00, 0x00, 0x00, 0x00, 
    0x3F, 0xC0, 0x00, 0x00, 0x00, 0x00, 
    0x7F, 0xC0, 0x00, 0x00, 0x00, 0x00, 
    0xFF, 0x80, 0x10, 0x00, 0x00, 0x01, 
    0xFF, 0x80, 0x1C, 0x00, 0x00, 0x03, 
    0xFF, 0x00, 0x1F, 0x80, 0x00, 0x0F, 
    0xFE, 0x00, 0x1F, 0xF8, 0x00, 0xFF, 
    0xFC, 0x00, 0x1F, 0xFF, 0xFF, 0xFF, 
    0xF8, 0x00, 0x1F, 0xFF, 0xFF, 0xFF, 
    0xF0, 0x00, 0x1F, 0xFF, 0xFF, 0xFF, 
    0xC0, 0x00, 0x0F, 0xFF, 0xFF, 0xFF, 
    0x00, 0x00, 0x01, 0xFF, 0xFF, 0xFC, 
    0x00, 0x00, 0x00, 0x0F, 0xFF, 0xC0, 
    0x00, 0x00,     EFI_HII_GIBT_GLYPH,
    0x28,          // Cell width in pixels.
    0x00,
    0x47,          // Cell height in pixels.
    0x00,
    0x08,          // Horizontal offset from cell boundary to start of glyph.
    0x00,
    0x01,          // Vertical offset from cell boundary to start of glyph.
    0x00,
    0x36,          // Number of pixels to the right to advance to next glyph.
    0x00,
    0xFF, 0x00, 0x00, 0x00, 0x00,          // Character: 'h' (0x0068)
    0xFF, 0x00, 0x00, 0x00, 0x00, 
    0xFF, 0x00, 0x00, 0x00, 0x00, 
    0xFF, 0x00, 0x00, 0x00, 0x00, 
    0xFF, 0x00, 0x00, 0x00, 0x00, 
    0xFF, 0x00, 0x00, 0x00, 0x00, 
    0xFF, 0x00, 0x00, 0x00, 0x00, 
    0xFF, 0x00, 0x00, 0x00, 0x00, 
    0xFF, 0x00, 0x00, 0x00, 0x00, 
    0xFF, 0x00, 0x00, 0x00, 0x00, 
    0xFF, 0x00, 0x00, 0x00, 0x00, 
    0xFF, 0x00, 0x00, 0x00, 0x00, 
    0xFF, 0x00, 0x00, 0x00, 0x00, 
    0xFF, 0x00, 0x00, 0x00, 0x00, 
    0xFF, 0x00, 0x00, 0x00, 0x00, 
    0xFF, 0x00, 0x00, 0x00, 0x00, 
    0xFF, 0x00, 0x00, 0x00, 0x00, 
    0xFF, 0x00, 0x00, 0x00, 0x00, 
    0xFF, 0x00, 0x00, 0x00, 0x00, 
    0xFF, 0x00, 0x00, 0x00, 0x00, 
    0xFF, 0x00, 0x00, 0x00, 0x00, 
    0xFF, 0x00, 0x00, 0x00, 0x00, 
    0xFF, 0x00, 0x1F, 0xF8, 0x00, 
    0xFF, 0x00, 0xFF, 0xFF, 0x00, 
    0xFF, 0x03, 0xFF, 0xFF, 0x80, 
    0xFF, 0x07, 0xFF, 0xFF, 0xE0, 
    0xFF, 0x0F, 0xFF, 0xFF, 0xF0, 
    0xFF, 0x1F, 0xFF, 0xFF, 0xF0, 
    0xFF, 0x3F, 0xC0, 0x7F, 0xF8, 
    0xFF, 0x7E, 0x00, 0x1F, 0xFC, 
    0xFF, 0xFC, 0x00, 0x0F, 0xFC, 
    0xFF, 0xF8, 0x00, 0x07, 0xFE, 
    0xFF, 0xF0, 0x00, 0x03, 0xFE, 
    0xFF, 0xE0, 0x00, 0x03, 0xFE, 
    0xFF, 0xC0, 0x00, 0x01, 0xFE, 
    0xFF, 0xC0, 0x00, 0x01, 0xFF, 
    0xFF, 0x80, 0x00, 0x01, 0xFF, 
    0xFF, 0x80, 0x00, 0x00, 0xFF, 
    0xFF, 0x80, 0x00, 0x00, 0xFF, 
    0xFF, 0x00, 0x00, 0x00, 0xFF, 
    0xFF, 0x00, 0x00, 0x00, 0xFF, 
    0xFF, 0x00, 0x00, 0x00, 0xFF, 
    0xFF, 0x00, 0x00, 0x00, 0xFF, 
    0xFF, 0x00, 0x00, 0x00, 0xFF, 
    0xFF, 0x00, 0x00, 0x00, 0xFF, 
    0xFF, 0x00, 0x00, 0x00, 0xFF, 
    0xFF, 0x00, 0x00, 0x00, 0xFF, 
    0xFF, 0x00, 0x00, 0x00, 0xFF, 
    0xFF, 0x00, 0x00, 0x00, 0xFF, 
    0xFF, 0x00, 0x00, 0x00, 0xFF, 
    0xFF, 0x00, 0x00, 0x00, 0xFF, 
    0xFF, 
    0x00, 0x00, 0x00, 0xFF, 0xFF, 
    0x00, 0x00, 0x00, 0xFF, 0xFF, 
    0x00, 0x00, 0x00, 0xFF, 0xFF, 
    0x00, 0x00, 0x00, 0xFF, 0xFF, 
    0x00, 0x00, 0x00, 0xFF, 0xFF, 
    0x00, 0x00, 0x00, 0xFF, 0xFF, 
    0x00, 0x00, 0x00, 0xFF, 0xFF, 
    0x00, 0x00, 0x00, 0xFF, 0xFF, 
    0x00, 0x00, 0x00, 0xFF, 0xFF, 
    0x00, 0x00, 0x00, 0xFF, 0xFF, 
    0x00, 0x00, 0x00, 0xFF, 0xFF, 
    0x00, 0x00, 0x00, 0xFF, 0xFF, 
    0x00, 0x00, 0x00, 0xFF, 0xFF, 
    0x00, 0x00, 0x00, 0xFF, 0xFF, 
    0x00, 0x00, 0x00, 0xFF, 0xFF, 
    0x00, 0x00, 0x00, 0xFF, 0xFF, 
    0x00, 0x00, 0x00, 0xFF, 0xFF, 
    0x00, 0x00, 0x00, 0xFF, 0xFF, 
    0x00, 0x00, 0x00, 0xFF, 0xFF, 
    0x00, 0x00, 0x00, 0xFF,     EFI_HII_GIBT_GLYPH,
    0x0A,          // Cell width in pixels.
    0x00,
    0x46,          // Cell height in pixels.
    0x00,
    0x07,          // Horizontal offset from cell boundary to start of glyph.
    0x00,
    0x01,          // Vertical offset from cell boundary to start of glyph.
    0x00,
    0x17,          // Number of pixels to the right to advance to next glyph.
    0x00,
    0x1E, 0x00,          // Character: 'i' (0x0069)
    0x7F, 0x80, 
    0x7F, 0x80, 
    0xFF, 0xC0, 
    0xFF, 0xC0, 
    0xFF, 0xC0, 
    0xFF, 0xC0, 
    0x7F, 0x80, 
    0x7F, 0x80, 
    0x1E, 0x00, 
    0x00, 0x00, 
    0x00, 0x00, 
    0x00, 0x00, 
    0x00, 0x00, 
    0x00, 0x00, 
    0x00, 0x00, 
    0x00, 0x00, 
    0x00, 0x00, 
    0x00, 0x00, 
    0x00, 0x00, 
    0x00, 0x00, 
    0x00, 0x00, 
    0x7F, 0x80, 
    0x7F, 0x80, 
    0x7F, 0x80, 
    0x7F, 0x80, 
    0x7F, 0x80, 
    0x7F, 0x80, 
    0x7F, 0x80, 
    0x7F, 0x80, 
    0x7F, 0x80, 
    0x7F, 0x80, 
    0x7F, 0x80, 
    0x7F, 0x80, 
    0x7F, 0x80, 
    0x7F, 0x80, 
    0x7F, 0x80, 
    0x7F, 0x80, 
    0x7F, 0x80, 
    0x7F, 0x80, 
    0x7F, 0x80, 
    0x7F, 0x80, 
    0x7F, 0x80, 
    0x7F, 0x80, 
    0x7F, 0x80, 
    0x7F, 0x80, 
    0x7F, 0x80, 
    0x7F, 0x80, 
    0x7F, 0x80, 
    0x7F, 0x80, 
    0x7F, 0x80, 
    0x7F, 0x80, 
    0x7F, 0x80, 
    0x7F, 0x80, 
    0x7F, 0x80, 
    0x7F, 0x80, 
    0x7F, 0x80, 
    0x7F, 0x80, 
    0x7F, 0x80, 
    0x7F, 0x80, 
    0x7F, 0x80, 
    0x7F, 0x80, 
    0x7F, 0x80, 
    0x7F, 0x80, 
    0x7F, 0x80, 
    0x7F, 0x80, 
    0x7F, 0x80, 
    0x7F, 0x80, 
    0x7F, 0x80, 
    0x7F, 0x80, 
    EFI_HII_GIBT_GLYPH,
    0x1A,          // Cell width in pixels.
    0x00,
    0x5D,          // Cell height in pixels.
    0x00,
    0x00,          // Horizontal offset from cell boundary to start of glyph.
    0x00,
    0xEA,          // Vertical offset from cell boundary to start of glyph.
    0xFF,
    0x20,          // Number of pixels to the right to advance to next glyph.
    0x00,
    0x00, 0x00, 0x1E, 0x00,          // Character: 'j' (0x006A)
    0x00, 0x00, 0x7F, 0x80, 
    0x00, 0x00, 0x7F, 0x80, 
    0x00, 0x00, 0xFF, 0xC0, 
    0x00, 0x00, 0xFF, 0xC0, 
    0x00, 0x00, 0xFF, 0xC0, 
    0x00, 0x00, 0xFF, 0xC0, 
    0x00, 0x00, 0x7F, 0x80, 
    0x00, 0x00, 0x7F, 0x80, 
    0x00, 0x00, 0x1E, 0x00, 
    0x00, 0x00, 0x00, 0x00, 
    0x00, 0x00, 0x00, 0x00, 
    0x00, 0x00, 0x00, 0x00, 
    0x00, 0x00, 0x00, 0x00, 
    0x00, 0x00, 0x00, 0x00, 
    0x00, 0x00, 0x00, 0x00, 
    0x00, 0x00, 0x00, 0x00, 
    0x00, 0x00, 0x00, 0x00, 
    0x00, 0x00, 0x00, 0x00, 
    0x00, 0x00, 0x00, 0x00, 
    0x00, 0x00, 0x00, 0x00, 
    0x00, 0x00, 0x00, 0x00, 
    0x00, 0x00, 0x7F, 0x80, 
    0x00, 0x00, 0x7F, 0x80, 
    0x00, 0x00, 0x7F, 0x80, 
    0x00, 0x00, 0x7F, 0x80, 
    0x00, 0x00, 0x7F, 0x80, 
    0x00, 0x00, 0x7F, 0x80, 
    0x00, 0x00, 0x7F, 0x80, 
    0x00, 0x00, 0x7F, 0x80, 
    0x00, 0x00, 0x7F, 0x80, 
    0x00, 0x00, 0x7F, 0x80, 
    0x00, 0x00, 0x7F, 0x80, 
    0x00, 0x00, 0x7F, 0x80, 
    0x00, 0x00, 0x7F, 0x80, 
    0x00, 0x00, 0x7F, 0x80, 
    0x00, 0x00, 0x7F, 0x80, 
    0x00, 0x00, 0x7F, 0x80, 
    0x00, 0x00, 0x7F, 0x80, 
    0x00, 0x00, 0x7F, 0x80, 
    0x00, 0x00, 0x7F, 0x80, 
    0x00, 0x00, 0x7F, 0x80, 
    0x00, 0x00, 0x7F, 0x80, 
    0x00, 0x00, 0x7F, 0x80, 
    0x00, 0x00, 0x7F, 0x80, 
    0x00, 0x00, 0x7F, 0x80, 
    0x00, 0x00, 0x7F, 0x80, 
    0x00, 0x00, 0x7F, 0x80, 
    0x00, 0x00, 0x7F, 0x80, 
    0x00, 0x00, 0x7F, 0x80, 
    0x00, 0x00, 0x7F, 0x80, 
    0x00, 0x00, 0x7F, 0x80, 
    0x00, 0x00, 0x7F, 0x80, 
    0x00, 0x00, 0x7F, 0x80, 
    0x00, 0x00, 0x7F, 0x80, 
    0x00, 0x00, 0x7F, 0x80, 
    0x00, 0x00, 0x7F, 0x80, 
    0x00, 0x00, 0x7F, 0x80, 
    0x00, 0x00, 0x7F, 0x80, 
    0x00, 0x00, 0x7F, 0x80, 
    0x00, 0x00, 0x7F, 0x80, 
    0x00, 0x00, 0x7F, 0x80, 
    0x00, 0x00, 0x7F, 0x80, 
    0x00, 0x00, 0x7F, 0x80, 
    0x00, 0x00, 0x7F, 0x80, 
    0x00, 0x00, 0x7F, 0x80, 
    0x00, 0x00, 0x7F, 0x80, 
    0x00, 0x00, 0x7F, 0x80, 
    0x00, 0x00, 0x7F, 0x80, 
    0x00, 0x00, 0x7F, 0x80, 
    0x00, 0x00, 0x7F, 0x80, 
    0x00, 0x00, 0x7F, 0x80, 
    0x00, 0x00, 0x7F, 0x80, 
    0x00, 0x00, 0x7F, 0x80, 
    0x00, 0x00, 0x7F, 0x80, 
    0x00, 0x00, 0x7F, 0x00, 
    0x00, 0x00, 0x7F, 0x00, 
    0x00, 0x00, 0xFF, 0x00, 
    0x00, 0x00, 0xFF, 0x00, 
    0x00, 0x00, 0xFF, 0x00, 
    0x00, 0x01, 0xFE, 0x00, 
    0x00, 0x01, 0xFE, 0x00, 
    0x00, 0x01, 0xFE, 0x00, 
    0x00, 0x03, 0xFC, 0x00, 
    0x00, 0x07, 0xFC, 0x00, 
    0x80, 0x0F, 0xF8, 0x00, 
    0xE0, 0x3F, 0xF0, 0x00, 
    0xFF, 0xFF, 0xE0, 0x00, 
    0xFF, 0xFF, 0xE0, 0x00, 
    0xFF, 0xFF, 0x80, 0x00, 
    0xFF, 0xFF, 0x00, 0x00, 
    0xFF, 0xFC, 0x00, 0x00, 
    0x1F, 0xE0, 0x00, 0x00, 
    EFI_HII_GIBT_GLYPH,
    0x28,          // Cell width in pixels.
    0x00,
    0x47,          // Cell height in pixels.
    0x00,
    0x08,          // Horizontal offset from cell boundary to start of glyph.
    0x00,
    0x01,          // Vertical offset from cell boundary to start of glyph.
    0x00,
    0x30,          // Number of pixels to the right to advance to next glyph.
    0x00,
    0xFF, 0x00, 0x00, 0x00, 0x00,          // Character: 'k' (0x006B)
    0xFF, 0x00, 0x00, 0x00, 0x00, 
    0xFF, 0x00, 0x00, 0x00, 0x00, 
    0xFF, 0x00, 0x00, 0x00, 0x00, 
    0xFF, 0x00, 0x00, 0x00, 0x00, 
    0xFF, 0x00, 0x00, 0x00, 0x00, 
    0xFF, 0x00, 0x00, 0x00, 0x00, 
    0xFF, 0x00, 0x00, 0x00, 0x00, 
    0xFF, 0x00, 0x00, 0x00, 0x00, 
    0xFF, 0x00, 0x00, 0x00, 0x00, 
    0xFF, 0x00, 0x00, 0x00, 0x00, 
    0xFF, 0x00, 0x00, 0x00, 0x00, 
    0xFF, 0x00, 0x00, 0x00, 0x00, 
    0xFF, 0x00, 0x00, 0x00, 0x00, 
    0xFF, 0x00, 0x00, 0x00, 0x00, 
    0xFF, 0x00, 0x00, 0x00, 0x00, 
    0xFF, 0x00, 0x00, 0x00, 0x00, 
    0xFF, 0x00, 0x00, 0x00, 0x00, 
    0xFF, 0x00, 0x00, 0x00, 0x00, 
    0xFF, 0x00, 0x00, 0x00, 0x00, 
    0xFF, 0x00, 0x00, 0x00, 0x00, 
    0xFF, 0x00, 0x00, 0x00, 0x00, 
    0xFF, 0x00, 0x00, 0x00, 0x00, 
    0xFF, 0x00, 0x00, 0x1F, 0xFC, 
    0xFF, 0x00, 0x00, 0x1F, 0xF8, 
    0xFF, 0x00, 0x00, 0x3F, 0xF0, 
    0xFF, 0x00, 0x00, 0x7F, 0xE0, 
    0xFF, 0x00, 0x00, 0xFF, 0xC0, 
    0xFF, 0x00, 0x01, 0xFF, 0x80, 
    0xFF, 0x00, 0x03, 0xFF, 0x00, 
    0xFF, 0x00, 0x07, 0xFE, 0x00, 
    0xFF, 0x00, 0x0F, 0xFC, 0x00, 
    0xFF, 0x00, 0x1F, 0xF8, 0x00, 
    0xFF, 0x00, 0x3F, 0xF0, 0x00, 
    0xFF, 0x00, 0x3F, 0xE0, 0x00, 
    0xFF, 0x00, 0x7F, 0xC0, 0x00, 
    0xFF, 0x00, 0xFF, 0x80, 0x00, 
    0xFF, 0x01, 0xFF, 0x00, 0x00, 
    0xFF, 0x03, 0xFE, 0x00, 0x00, 
    0xFF, 0x07, 0xFC, 0x00, 0x00, 
    0xFF, 0x0F, 0xF8, 0x00, 0x00, 
    0xFF, 0x1F, 0xF8, 0x00, 0x00, 
    0xFF, 0x3F, 0xF0, 0x00, 0x00, 
    0xFF, 0x3F, 0xE0, 0x00, 0x00, 
    0xFF, 0x7F, 0xC0, 0x00, 0x00, 
    0xFF, 0xFF, 0x80, 0x00, 0x00, 
    0xFF, 0xFF, 0x00, 0x00, 0x00, 
    0xFF, 0xFF, 0x80, 0x00, 0x00, 
    0xFF, 0x7F, 0xC0, 0x00, 0x00, 
    0xFF, 0x3F, 0xE0, 0x00, 0x00, 
    0xFF, 0x1F, 0xF0, 0x00, 0x00, 
    0xFF, 
    0x1F, 0xF8, 0x00, 0x00, 0xFF, 
    0x0F, 0xFC, 0x00, 0x00, 0xFF, 
    0x07, 0xFE, 0x00, 0x00, 0xFF, 
    0x03, 0xFF, 0x00, 0x00, 0xFF, 
    0x01, 0xFF, 0x80, 0x00, 0xFF, 
    0x00, 0xFF, 0xC0, 0x00, 0xFF, 
    0x00, 0x7F, 0xE0, 0x00, 0xFF, 
    0x00, 0x3F, 0xF0, 0x00, 0xFF, 
    0x00, 0x1F, 0xF8, 0x00, 0xFF, 
    0x00, 0x0F, 0xFC, 0x00, 0xFF, 
    0x00, 0x07, 0xFE, 0x00, 0xFF, 
    0x00, 0x07, 0xFF, 0x00, 0xFF, 
    0x00, 0x03, 0xFF, 0x80, 0xFF, 
    0x00, 0x01, 0xFF, 0xC0, 0xFF, 
    0x00, 0x00, 0xFF, 0xE0, 0xFF, 
    0x00, 0x00, 0x7F, 0xF0, 0xFF, 
    0x00, 0x00, 0x3F, 0xF8, 0xFF, 
    0x00, 0x00, 0x1F, 0xFC, 0xFF, 
    0x00, 0x00, 0x0F, 0xFE, 0xFF, 
    0x00, 0x00, 0x07, 0xFF,     EFI_HII_GIBT_GLYPH,
    0x08,          // Cell width in pixels.
    0x00,
    0x47,          // Cell height in pixels.
    0x00,
    0x08,          // Horizontal offset from cell boundary to start of glyph.
    0x00,
    0x01,          // Vertical offset from cell boundary to start of glyph.
    0x00,
    0x17,          // Number of pixels to the right to advance to next glyph.
    0x00,
    0xFF,          // Character: 'l' (0x006C)
    0xFF, 
    0xFF, 
    0xFF, 
    0xFF, 
    0xFF, 
    0xFF, 
    0xFF, 
    0xFF, 
    0xFF, 
    0xFF, 
    0xFF, 
    0xFF, 
    0xFF, 
    0xFF, 
    0xFF, 
    0xFF, 
    0xFF, 
    0xFF, 
    0xFF, 
    0xFF, 
    0xFF, 
    0xFF, 
    0xFF, 
    0xFF, 
    0xFF, 
    0xFF, 
    0xFF, 
    0xFF, 
    0xFF, 
    0xFF, 
    0xFF, 
    0xFF, 
    0xFF, 
    0xFF, 
    0xFF, 
    0xFF, 
    0xFF, 
    0xFF, 
    0xFF, 
    0xFF, 
    0xFF, 
    0xFF, 
    0xFF, 
    0xFF, 
    0xFF, 
    0xFF, 
    0xFF, 
    0xFF, 
    0xFF, 
    0xFF, 
    0xFF, 
    0xFF, 
    0xFF, 
    0xFF, 
    0xFF, 
    0xFF, 
    0xFF, 
    0xFF, 
    0xFF, 
    0xFF, 
    0xFF, 
    0xFF, 
    0xFF, 
    0xFF, 
    0xFF, 
    0xFF, 
    0xFF, 
    0xFF, 
    0xFF, 
    0xFF, 
    EFI_HII_GIBT_GLYPH,
    0x44,          // Cell width in pixels.
    0x00,
    0x31,          // Cell height in pixels.
    0x00,
    0x08,          // Horizontal offset from cell boundary to start of glyph.
    0x00,
    0x01,          // Vertical offset from cell boundary to start of glyph.
    0x00,
    0x53,          // Number of pixels to the right to advance to next glyph.
    0x00,
    0x00, 0x00, 0x3F, 0xE0, 0x00, 0x00, 0xFF, 0x80, 0x00,          // Character: 'm' (0x006D)
    0xFF, 0x00, 0xFF, 0xFC, 0x00, 0x07, 0xFF, 0xF0, 0x00, 
    0xFF, 0x03, 0xFF, 0xFE, 0x00, 0x1F, 0xFF, 0xFC, 0x00, 
    0xFF, 0x0F, 0xFF, 0xFF, 0x80, 0x7F, 0xFF, 0xFE, 0x00, 
    0xFF, 0x1F, 0xFF, 0xFF, 0xC0, 0xFF, 0xFF, 0xFF, 0x00, 
    0xFF, 0x3F, 0xFF, 0xFF, 0xC1, 0xFF, 0xFF, 0xFF, 0x80, 
    0xFF, 0x7F, 0x01, 0xFF, 0xE3, 0xFC, 0x07, 0xFF, 0x80, 
    0xFF, 0x7C, 0x00, 0x7F, 0xF3, 0xF0, 0x01, 0xFF, 0xC0, 
    0xFF, 0xF8, 0x00, 0x3F, 0xF7, 0xE0, 0x00, 0x7F, 0xC0, 
    0xFF, 0xF0, 0x00, 0x1F, 0xFF, 0xC0, 0x00, 0x3F, 0xE0, 
    0xFF, 0xE0, 0x00, 0x0F, 0xFF, 0x80, 0x00, 0x3F, 0xE0, 
    0xFF, 0xC0, 0x00, 0x0F, 0xFF, 0x80, 0x00, 0x1F, 0xE0, 
    0xFF, 0xC0, 0x00, 0x07, 0xFF, 0x00, 0x00, 0x1F, 0xE0, 
    0xFF, 0x80, 0x00, 0x07, 0xFF, 0x00, 0x00, 0x1F, 0xF0, 
    0xFF, 0x80, 0x00, 0x07, 0xFE, 0x00, 0x00, 0x1F, 0xF0, 
    0xFF, 0x80, 0x00, 0x03, 0xFE, 0x00, 0x00, 0x0F, 0xF0, 
    0xFF, 0x00, 0x00, 0x03, 0xFE, 0x00, 0x00, 0x0F, 0xF0, 
    0xFF, 0x00, 0x00, 0x03, 0xFC, 0x00, 0x00, 0x0F, 0xF0, 
    0xFF, 0x00, 0x00, 0x03, 0xFC, 0x00, 0x00, 0x0F, 0xF0, 
    0xFF, 0x00, 0x00, 0x03, 0xFC, 0x00, 0x00, 0x0F, 0xF0, 
    0xFF, 0x00, 0x00, 0x03, 0xFC, 0x00, 0x00, 0x0F, 0xF0, 
    0xFF, 0x00, 0x00, 0x03, 0xFC, 0x00, 0x00, 0x0F, 0xF0, 
    0xFF, 0x00, 0x00, 0x03, 0xFC, 0x00, 0x00, 0x0F, 0xF0, 
    0xFF, 0x00, 0x00, 0x03, 0xFC, 0x00, 0x00, 0x0F, 0xF0, 
    0xFF, 0x00, 0x00, 0x03, 0xFC, 0x00, 0x00, 0x0F, 0xF0, 
    0xFF, 0x00, 0x00, 0x03, 0xFC, 0x00, 0x00, 0x0F, 0xF0, 
    0xFF, 0x00, 0x00, 0x03, 0xFC, 0x00, 0x00, 0x0F, 0xF0, 
    0xFF, 0x00, 0x00, 0x03, 0xFC, 0x00, 0x00, 0x0F, 0xF0, 
    0xFF, 0x00, 0x00, 0x03, 
    0xFC, 0x00, 0x00, 0x0F, 0xF0, 0xFF, 0x00, 0x00, 0x03, 
    0xFC, 0x00, 0x00, 0x0F, 0xF0, 0xFF, 0x00, 0x00, 0x03, 
    0xFC, 0x00, 0x00, 0x0F, 0xF0, 0xFF, 0x00, 0x00, 0x03, 
    0xFC, 0x00, 0x00, 0x0F, 0xF0, 0xFF, 0x00, 0x00, 0x03, 
    0xFC, 0x00, 0x00, 0x0F, 0xF0, 0xFF, 0x00, 0x00, 0x03, 
    0xFC, 0x00, 0x00, 0x0F, 0xF0, 0xFF, 0x00, 0x00, 0x03, 
    0xFC, 0x00, 0x00, 0x0F, 0xF0, 0xFF, 0x00, 0x00, 0x03, 
    0xFC, 0x00, 0x00, 0x0F, 0xF0, 0xFF, 0x00, 0x00, 0x03, 
    0xFC, 0x00, 0x00, 0x0F, 0xF0, 0xFF, 0x00, 0x00, 0x03, 
    0xFC, 0x00, 0x00, 0x0F, 0xF0, 0xFF, 0x00, 0x00, 0x03, 
    0xFC, 0x00, 0x00, 0x0F, 0xF0, 0xFF, 0x00, 0x00, 0x03, 
    0xFC, 0x00, 0x00, 0x0F, 0xF0, 0xFF, 0x00, 0x00, 0x03, 
    0xFC, 0x00, 0x00, 0x0F, 0xF0, 0xFF, 0x00, 0x00, 0x03, 
    0xFC, 0x00, 0x00, 0x0F, 0xF0, 0xFF, 0x00, 0x00, 0x03, 
    0xFC, 0x00, 0x00, 0x0F, 0xF0, 0xFF, 0x00, 0x00, 0x03, 
    0xFC, 0x00, 0x00, 0x0F, 0xF0, 0xFF, 0x00, 0x00, 0x03, 
    0xFC, 0x00, 0x00, 0x0F, 0xF0, 0xFF, 0x00, 0x00, 0x03, 
    0xFC, 0x00, 0x00, 0x0F, 0xF0, 0xFF, 0x00, 0x00, 0x03, 
    0xFC, 0x00, 0x00, 0x0F, 0xF0, 0xFF, 0x00, 0x00, 0x03, 
    0xFC, 0x00, 0x00, 0x0F, 0xF0, 0xFF, 0x00, 0x00, 0x03, 
    0xFC, 0x00, 0x00, 0x0F, 0xF0,     EFI_HII_GIBT_GLYPH,
    0x28,          // Cell width in pixels.
    0x00,
    0x31,          // Cell height in pixels.
    0x00,
    0x08,          // Horizontal offset from cell boundary to start of glyph.
    0x00,
    0x01,          // Vertical offset from cell boundary to start of glyph.
    0x00,
    0x36,          // Number of pixels to the right to advance to next glyph.
    0x00,
    0x00, 0x00, 0x1F, 0xF0, 0x00,          // Character: 'n' (0x006E)
    0xFF, 0x00, 0xFF, 0xFE, 0x00, 
    0xFF, 0x03, 0xFF, 0xFF, 0x80, 
    0xFF, 0x07, 0xFF, 0xFF, 0xC0, 
    0xFF, 0x0F, 0xFF, 0xFF, 0xE0, 
    0xFF, 0x1F, 0xFF, 0xFF, 0xF0, 
    0xFF, 0x3F, 0x80, 0x7F, 0xF8, 
    0xFF, 0x7E, 0x00, 0x1F, 0xF8, 
    0xFF, 0xFC, 0x00, 0x0F, 0xFC, 
    0xFF, 0xF0, 0x00, 0x07, 0xFC, 
    0xFF, 0xF0, 0x00, 0x03, 0xFE, 
    0xFF, 0xE0, 0x00, 0x03, 0xFE, 
    0xFF, 0xC0, 0x00, 0x01, 0xFE, 
    0xFF, 0xC0, 0x00, 0x01, 0xFE, 
    0xFF, 0x80, 0x00, 0x01, 0xFF, 
    0xFF, 0x80, 0x00, 0x01, 0xFF, 
    0xFF, 0x80, 0x00, 0x00, 0xFF, 
    0xFF, 0x00, 0x00, 0x00, 0xFF, 
    0xFF, 0x00, 0x00, 0x00, 0xFF, 
    0xFF, 0x00, 0x00, 0x00, 0xFF, 
    0xFF, 0x00, 0x00, 0x00, 0xFF, 
    0xFF, 0x00, 0x00, 0x00, 0xFF, 
    0xFF, 0x00, 0x00, 0x00, 0xFF, 
    0xFF, 0x00, 0x00, 0x00, 0xFF, 
    0xFF, 0x00, 0x00, 0x00, 0xFF, 
    0xFF, 0x00, 0x00, 0x00, 0xFF, 
    0xFF, 0x00, 0x00, 0x00, 0xFF, 
    0xFF, 0x00, 0x00, 0x00, 0xFF, 
    0xFF, 0x00, 0x00, 0x00, 0xFF, 
    0xFF, 0x00, 0x00, 0x00, 0xFF, 
    0xFF, 0x00, 0x00, 0x00, 0xFF, 
    0xFF, 0x00, 0x00, 0x00, 0xFF, 
    0xFF, 0x00, 0x00, 0x00, 0xFF, 
    0xFF, 0x00, 0x00, 0x00, 0xFF, 
    0xFF, 0x00, 0x00, 0x00, 0xFF, 
    0xFF, 0x00, 0x00, 0x00, 0xFF, 
    0xFF, 0x00, 0x00, 0x00, 0xFF, 
    0xFF, 0x00, 0x00, 0x00, 0xFF, 
    0xFF, 0x00, 0x00, 0x00, 0xFF, 
    0xFF, 0x00, 0x00, 0x00, 0xFF, 
    0xFF, 0x00, 0x00, 0x00, 0xFF, 
    0xFF, 0x00, 0x00, 0x00, 0xFF, 
    0xFF, 0x00, 0x00, 0x00, 0xFF, 
    0xFF, 0x00, 0x00, 0x00, 0xFF, 
    0xFF, 0x00, 0x00, 0x00, 0xFF, 
    0xFF, 0x00, 0x00, 0x00, 0xFF, 
    0xFF, 0x00, 0x00, 0x00, 0xFF, 
    0xFF, 0x00, 0x00, 0x00, 0xFF, 
    0xFF, 0x00, 0x00, 0x00, 0xFF, 
    EFI_HII_GIBT_GLYPH,
    0x2F,          // Cell width in pixels.
    0x00,
    0x32,          // Cell height in pixels.
    0x00,
    0x05,          // Horizontal offset from cell boundary to start of glyph.
    0x00,
    0x00,          // Vertical offset from cell boundary to start of glyph.
    0x00,
    0x38,          // Number of pixels to the right to advance to next glyph.
    0x00,
    0x00, 0x00, 0x1F, 0xFC, 0x00, 0x00,          // Character: 'o' (0x006F)
    0x00, 0x01, 0xFF, 0xFF, 0x80, 0x00, 
    0x00, 0x0F, 0xFF, 0xFF, 0xF0, 0x00, 
    0x00, 0x1F, 0xFF, 0xFF, 0xF8, 0x00, 
    0x00, 0x7F, 0xFF, 0xFF, 0xFE, 0x00, 
    0x00, 0xFF, 0xFF, 0xFF, 0xFF, 0x00, 
    0x01, 0xFF, 0xF0, 0x0F, 0xFF, 0x80, 
    0x03, 0xFF, 0x80, 0x01, 0xFF, 0xC0, 
    0x07, 0xFE, 0x00, 0x00, 0xFF, 0xE0, 
    0x0F, 0xFC, 0x00, 0x00, 0x3F, 0xE0, 
    0x0F, 0xF8, 0x00, 0x00, 0x1F, 0xF0, 
    0x1F, 0xF0, 0x00, 0x00, 0x1F, 0xF0, 
    0x1F, 0xE0, 0x00, 0x00, 0x0F, 0xF8, 
    0x3F, 0xE0, 0x00, 0x00, 0x07, 0xF8, 
    0x3F, 0xC0, 0x00, 0x00, 0x07, 0xFC, 
    0x7F, 0xC0, 0x00, 0x00, 0x03, 0xFC, 
    0x7F, 0x80, 0x00, 0x00, 0x03, 0xFC, 
    0x7F, 0x80, 0x00, 0x00, 0x03, 0xFC, 
    0x7F, 0x80, 0x00, 0x00, 0x03, 0xFC, 
    0xFF, 0x80, 0x00, 0x00, 0x01, 0xFE, 
    0xFF, 0x00, 0x00, 0x00, 0x01, 0xFE, 
    0xFF, 0x00, 0x00, 0x00, 0x01, 0xFE, 
    0xFF, 0x00, 0x00, 0x00, 0x01, 0xFE, 
    0xFF, 0x00, 0x00, 0x00, 0x01, 0xFE, 
    0xFF, 0x00, 0x00, 0x00, 0x01, 0xFE, 
    0xFF, 0x00, 0x00, 0x00, 0x01, 0xFE, 
    0xFF, 0x00, 0x00, 0x00, 0x01, 0xFE, 
    0xFF, 0x00, 0x00, 0x00, 0x01, 0xFE, 
    0xFF, 0x00, 0x00, 0x00, 0x01, 0xFE, 
    0xFF, 0x00, 0x00, 0x00, 0x01, 0xFE, 
    0xFF, 0x00, 0x00, 0x00, 0x01, 0xFE, 
    0x7F, 0x80, 0x00, 0x00, 0x03, 0xFC, 
    0x7F, 0x80, 0x00, 0x00, 0x03, 0xFC, 
    0x7F, 0x80, 0x00, 0x00, 0x03, 0xFC, 
    0x7F, 0xC0, 0x00, 0x00, 0x03, 0xFC, 
    0x3F, 0xC0, 0x00, 0x00, 0x07, 0xF8, 
    0x3F, 0xE0, 0x00, 0x00, 0x07, 0xF8, 
    0x3F, 0xE0, 0x00, 0x00, 0x0F, 0xF0, 
    0x1F, 0xF0, 0x00, 0x00, 0x0F, 0xF0, 
    0x1F, 0xF8, 0x00, 0x00, 0x1F, 0xE0, 
    0x0F, 0xFC, 0x00, 0x00, 0x3F, 0xE0, 
    0x07, 0xFE, 0x00, 0x00, 0x7F, 0xC0, 
    0x03, 0xFF, 0x80, 0x01, 
    0xFF, 0x80, 0x01, 0xFF, 0xF0, 0x0F, 
    0xFF, 0x00, 0x00, 0xFF, 0xFF, 0xFF, 
    0xFE, 0x00, 0x00, 0x7F, 0xFF, 0xFF, 
    0xFC, 0x00, 0x00, 0x3F, 0xFF, 0xFF, 
    0xF0, 0x00, 0x00, 0x0F, 0xFF, 0xFF, 
    0xE0, 0x00, 0x00, 0x03, 0xFF, 0xFF, 
    0x00, 0x00, 0x00, 0x00, 0x3F, 0xF8, 
    0x00, 0x00,     EFI_HII_GIBT_GLYPH,
    0x2C,          // Cell width in pixels.
    0x00,
    0x47,          // Cell height in pixels.
    0x00,
    0x08,          // Horizontal offset from cell boundary to start of glyph.
    0x00,
    0xEB,          // Vertical offset from cell boundary to start of glyph.
    0xFF,
    0x38,          // Number of pixels to the right to advance to next glyph.
    0x00,
    0x00, 0x00, 0x0F, 0xF8, 0x00, 0x00,          // Character: 'p' (0x0070)
    0xFF, 0x00, 0x7F, 0xFF, 0x00, 0x00, 
    0xFF, 0x01, 0xFF, 0xFF, 0xC0, 0x00, 
    0xFF, 0x07, 0xFF, 0xFF, 0xF0, 0x00, 
    0xFF, 0x0F, 0xFF, 0xFF, 0xF8, 0x00, 
    0xFF, 0x1F, 0xFF, 0xFF, 0xFC, 0x00, 
    0xFF, 0x3F, 0xE0, 0x3F, 0xFE, 0x00, 
    0xFF, 0x7F, 0x00, 0x07, 0xFF, 0x00, 
    0xFF, 0x7C, 0x00, 0x03, 0xFF, 0x00, 
    0xFF, 0xF8, 0x00, 0x01, 0xFF, 0x80, 
    0xFF, 0xF0, 0x00, 0x00, 0xFF, 0x80, 
    0xFF, 0xE0, 0x00, 0x00, 0x7F, 0xC0, 
    0xFF, 0xE0, 0x00, 0x00, 0x3F, 0xC0, 
    0xFF, 0xC0, 0x00, 0x00, 0x3F, 0xE0, 
    0xFF, 0xC0, 0x00, 0x00, 0x1F, 0xE0, 
    0xFF, 0x80, 0x00, 0x00, 0x1F, 0xE0, 
    0xFF, 0x80, 0x00, 0x00, 0x1F, 0xE0, 
    0xFF, 0x80, 0x00, 0x00, 0x1F, 0xF0, 
    0xFF, 0x00, 0x00, 0x00, 0x0F, 0xF0, 
    0xFF, 0x00, 0x00, 0x00, 0x0F, 0xF0, 
    0xFF, 0x00, 0x00, 0x00, 0x0F, 0xF0, 
    0xFF, 0x00, 0x00, 0x00, 0x0F, 0xF0, 
    0xFF, 0x00, 0x00, 0x00, 0x0F, 0xF0, 
    0xFF, 0x00, 0x00, 0x00, 0x0F, 0xF0, 
    0xFF, 0x00, 0x00, 0x00, 0x0F, 0xF0, 
    0xFF, 0x00, 0x00, 0x00, 0x0F, 0xF0, 
    0xFF, 0x00, 0x00, 0x00, 0x0F, 0xF0, 
    0xFF, 0x00, 0x00, 0x00, 0x0F, 0xF0, 
    0xFF, 0x00, 0x00, 0x00, 0x0F, 0xF0, 
    0xFF, 0x00, 0x00, 0x00, 0x0F, 0xF0, 
    0xFF, 0x00, 0x00, 0x00, 0x1F, 0xE0, 
    0xFF, 0x00, 0x00, 0x00, 0x1F, 0xE0, 
    0xFF, 0x00, 0x00, 0x00, 0x1F, 0xE0, 
    0xFF, 0x00, 0x00, 0x00, 0x1F, 0xE0, 
    0xFF, 0x80, 0x00, 0x00, 0x3F, 0xE0, 
    0xFF, 0x80, 0x00, 0x00, 0x3F, 0xC0, 
    0xFF, 0xC0, 0x00, 0x00, 0x7F, 0xC0, 
    0xFF, 0xC0, 0x00, 0x00, 0x7F, 0x80, 
    0xFF, 0xE0, 0x00, 0x00, 0xFF, 0x80, 
    0xFF, 0xF0, 0x00, 0x01, 0xFF, 0x00, 
    0xFF, 0xF8, 0x00, 0x03, 0xFF, 0x00, 
    0xFF, 0xFC, 0x00, 0x07, 0xFE, 0x00, 
    0xFF, 0xFE, 0x00, 0x0F, 
    0xFC, 0x00, 0xFF, 0x7F, 0xC0, 0x7F, 
    0xFC, 0x00, 0xFF, 0x3F, 0xFF, 0xFF, 
    0xF8, 0x00, 0xFF, 0x1F, 0xFF, 0xFF, 
    0xF0, 0x00, 0xFF, 0x0F, 0xFF, 0xFF, 
    0xC0, 0x00, 0xFF, 0x07, 0xFF, 0xFF, 
    0x80, 0x00, 0xFF, 0x01, 0xFF, 0xFE, 
    0x00, 0x00, 0xFF, 0x00, 0x3F, 0xE0, 
    0x00, 0x00, 0xFF, 0x00, 0x00, 0x00, 
    0x00, 0x00, 0xFF, 0x00, 0x00, 0x00, 
    0x00, 0x00, 0xFF, 0x00, 0x00, 0x00, 
    0x00, 0x00, 0xFF, 0x00, 0x00, 0x00, 
    0x00, 0x00, 0xFF, 0x00, 0x00, 0x00, 
    0x00, 0x00, 0xFF, 0x00, 0x00, 0x00, 
    0x00, 0x00, 0xFF, 0x00, 0x00, 0x00, 
    0x00, 0x00, 0xFF, 0x00, 0x00, 0x00, 
    0x00, 0x00, 0xFF, 0x00, 0x00, 0x00, 
    0x00, 0x00, 0xFF, 0x00, 0x00, 0x00, 
    0x00, 0x00, 0xFF, 0x00, 0x00, 0x00, 
    0x00, 0x00, 0xFF, 0x00, 0x00, 0x00, 
    0x00, 0x00, 0xFF, 0x00, 0x00, 0x00, 
    0x00, 0x00, 0xFF, 0x00, 0x00, 0x00, 
    0x00, 0x00, 0xFF, 0x00, 0x00, 0x00, 
    0x00, 0x00, 0xFF, 0x00, 0x00, 0x00, 
    0x00, 0x00, 0xFF, 0x00, 0x00, 0x00, 
    0x00, 0x00, 0xFF, 0x00, 0x00, 0x00, 
    0x00, 0x00, 0xFF, 0x00, 0x00, 0x00, 
    0x00, 0x00, 0xFF, 0x00, 0x00, 0x00, 
    0x00, 0x00, 0xFF, 0x00, 0x00, 0x00, 
    0x00, 0x00,     EFI_HII_GIBT_GLYPH,
    0x2D,          // Cell width in pixels.
    0x00,
    0x47,          // Cell height in pixels.
    0x00,
    0x05,          // Horizontal offset from cell boundary to start of glyph.
    0x00,
    0xEB,          // Vertical offset from cell boundary to start of glyph.
    0xFF,
    0x39,          // Number of pixels to the right to advance to next glyph.
    0x00,
    0x00, 0x00, 0x7F, 0xE0, 0x00, 0x00,          // Character: 'q' (0x0071)
    0x00, 0x03, 0xFF, 0xFC, 0x07, 0xF8, 
    0x00, 0x0F, 0xFF, 0xFF, 0x07, 0xF8, 
    0x00, 0x3F, 0xFF, 0xFF, 0xC7, 0xF8, 
    0x00, 0x7F, 0xFF, 0xFF, 0xE7, 0xF8, 
    0x00, 0xFF, 0xFF, 0xFF, 0xF7, 0xF8, 
    0x01, 0xFF, 0xE0, 0x1F, 0xF7, 0xF8, 
    0x03, 0xFF, 0x00, 0x03, 0xFF, 0xF8, 
    0x07, 0xFE, 0x00, 0x01, 0xFF, 0xF8, 
    0x0F, 0xFC, 0x00, 0x00, 0xFF, 0xF8, 
    0x0F, 0xF8, 0x00, 0x00, 0x7F, 0xF8, 
    0x1F, 0xF0, 0x00, 0x00, 0x3F, 0xF8, 
    0x1F, 0xE0, 0x00, 0x00, 0x1F, 0xF8, 
    0x3F, 0xE0, 0x00, 0x00, 0x1F, 0xF8, 
    0x3F, 0xC0, 0x00, 0x00, 0x0F, 0xF8, 
    0x7F, 0xC0, 0x00, 0x00, 0x0F, 0xF8, 
    0x7F, 0x80, 0x00, 0x00, 0x07, 0xF8, 
    0x7F, 0x80, 0x00, 0x00, 0x07, 0xF8, 
    0x7F, 0x80, 0x00, 0x00, 0x07, 0xF8, 
    0x7F, 0x80, 0x00, 0x00, 0x07, 0xF8, 
    0xFF, 0x00, 0x00, 0x00, 0x07, 0xF8, 
    0xFF, 0x00, 0x00, 0x00, 0x07, 0xF8, 
    0xFF, 0x00, 0x00, 0x00, 0x07, 0xF8, 
    0xFF, 0x00, 0x00, 0x00, 0x07, 0xF8, 
    0xFF, 0x00, 0x00, 0x00, 0x07, 0xF8, 
    0xFF, 0x00, 0x00, 0x00, 0x07, 0xF8, 
    0xFF, 0x00, 0x00, 0x00, 0x07, 0xF8, 
    0xFF, 0x00, 0x00, 0x00, 0x07, 0xF8, 
    0xFF, 0x00, 0x00, 0x00, 0x07, 0xF8, 
    0xFF, 0x00, 0x00, 0x00, 0x07, 0xF8, 
    0xFF, 0x00, 0x00, 0x00, 0x07, 0xF8, 
    0xFF, 0x00, 0x00, 0x00, 0x07, 0xF8, 
    0x7F, 0x80, 0x00, 0x00, 0x0F, 0xF8, 
    0x7F, 0x80, 0x00, 0x00, 0x0F, 0xF8, 
    0x7F, 0x80, 0x00, 0x00, 0x0F, 0xF8, 
    0x7F, 0xC0, 0x00, 0x00, 0x1F, 0xF8, 
    0x3F, 0xC0, 0x00, 0x00, 0x1F, 0xF8, 
    0x3F, 0xE0, 0x00, 0x00, 0x3F, 0xF8, 
    0x3F, 0xE0, 0x00, 0x00, 0x3F, 0xF8, 
    0x1F, 0xF0, 0x00, 0x00, 0x7F, 0xF8, 
    0x1F, 0xF8, 0x00, 0x00, 0xFF, 0xF8, 
    0x0F, 0xFC, 0x00, 0x01, 0xFF, 0xF8, 
    0x07, 0xFF, 0x00, 0x07, 
    0xF7, 0xF8, 0x07, 0xFF, 0xC0, 0x3F, 
    0xE7, 0xF8, 0x03, 0xFF, 0xFF, 0xFF, 
    0xC7, 0xF8, 0x01, 0xFF, 0xFF, 0xFF, 
    0x87, 0xF8, 0x00, 0x7F, 0xFF, 0xFF, 
    0x07, 0xF8, 0x00, 0x3F, 0xFF, 0xFE, 
    0x07, 0xF8, 0x00, 0x0F, 0xFF, 0xF8, 
    0x07, 0xF8, 0x00, 0x01, 0xFF, 0x80, 
    0x07, 0xF8, 0x00, 0x00, 0x00, 0x00, 
    0x07, 0xF8, 0x00, 0x00, 0x00, 0x00, 
    0x07, 0xF8, 0x00, 0x00, 0x00, 0x00, 
    0x07, 0xF8, 0x00, 0x00, 0x00, 0x00, 
    0x07, 0xF8, 0x00, 0x00, 0x00, 0x00, 
    0x07, 0xF8, 0x00, 0x00, 0x00, 0x00, 
    0x07, 0xF8, 0x00, 0x00, 0x00, 0x00, 
    0x07, 0xF8, 0x00, 0x00, 0x00, 0x00, 
    0x07, 0xF8, 0x00, 0x00, 0x00, 0x00, 
    0x07, 0xF8, 0x00, 0x00, 0x00, 0x00, 
    0x07, 0xF8, 0x00, 0x00, 0x00, 0x00, 
    0x07, 0xF8, 0x00, 0x00, 0x00, 0x00, 
    0x07, 0xF8, 0x00, 0x00, 0x00, 0x00, 
    0x07, 0xF8, 0x00, 0x00, 0x00, 0x00, 
    0x07, 0xF8, 0x00, 0x00, 0x00, 0x00, 
    0x07, 0xF8, 0x00, 0x00, 0x00, 0x00, 
    0x07, 0xF8, 0x00, 0x00, 0x00, 0x00, 
    0x07, 0xF8, 0x00, 0x00, 0x00, 0x00, 
    0x07, 0xF8, 0x00, 0x00, 0x00, 0x00, 
    0x07, 0xF8, 0x00, 0x00, 0x00, 0x00, 
    0x07, 0xF8, 0x00, 0x00, 0x00, 0x00, 
    0x07, 0xF8,     EFI_HII_GIBT_GLYPH,
    0x18,          // Cell width in pixels.
    0x00,
    0x31,          // Cell height in pixels.
    0x00,
    0x08,          // Horizontal offset from cell boundary to start of glyph.
    0x00,
    0x01,          // Vertical offset from cell boundary to start of glyph.
    0x00,
    0x21,          // Number of pixels to the right to advance to next glyph.
    0x00,
    0x00, 0x00, 0x7F,          // Character: 'r' (0x0072)
    0xFF, 0x01, 0xFF, 
    0xFF, 0x07, 0xFF, 
    0xFF, 0x0F, 0xFF, 
    0xFF, 0x1F, 0xFF, 
    0xFF, 0x1F, 0xFF, 
    0xFF, 0x3F, 0xFF, 
    0xFF, 0x7F, 0x03, 
    0xFF, 0x7C, 0x01, 
    0xFF, 0x78, 0x00, 
    0xFF, 0xF0, 0x00, 
    0xFF, 0xE0, 0x00, 
    0xFF, 0xE0, 0x00, 
    0xFF, 0xC0, 0x00, 
    0xFF, 0xC0, 0x00, 
    0xFF, 0x80, 0x00, 
    0xFF, 0x80, 0x00, 
    0xFF, 0x80, 0x00, 
    0xFF, 0x00, 0x00, 
    0xFF, 0x00, 0x00, 
    0xFF, 0x00, 0x00, 
    0xFF, 0x00, 0x00, 
    0xFF, 0x00, 0x00, 
    0xFF, 0x00, 0x00, 
    0xFF, 0x00, 0x00, 
    0xFF, 0x00, 0x00, 
    0xFF, 0x00, 0x00, 
    0xFF, 0x00, 0x00, 
    0xFF, 0x00, 0x00, 
    0xFF, 0x00, 0x00, 
    0xFF, 0x00, 0x00, 
    0xFF, 0x00, 0x00, 
    0xFF, 0x00, 0x00, 
    0xFF, 0x00, 0x00, 
    0xFF, 0x00, 0x00, 
    0xFF, 0x00, 0x00, 
    0xFF, 0x00, 0x00, 
    0xFF, 0x00, 0x00, 
    0xFF, 0x00, 0x00, 
    0xFF, 0x00, 0x00, 
    0xFF, 0x00, 0x00, 
    0xFF, 0x00, 0x00, 
    0xFF, 0x00, 0x00, 
    0xFF, 0x00, 0x00, 
    0xFF, 0x00, 0x00, 
    0xFF, 0x00, 0x00, 
    0xFF, 0x00, 0x00, 
    0xFF, 0x00, 0x00, 
    0xFF, 0x00, 0x00, 
    EFI_HII_GIBT_GLYPH,
    0x20,          // Cell width in pixels.
    0x00,
    0x32,          // Cell height in pixels.
    0x00,
    0x05,          // Horizontal offset from cell boundary to start of glyph.
    0x00,
    0x00,          // Vertical offset from cell boundary to start of glyph.
    0x00,
    0x29,          // Number of pixels to the right to advance to next glyph.
    0x00,
    0x00, 0x07, 0xFF, 0x80,          // Character: 's' (0x0073)
    0x00, 0x3F, 0xFF, 0xF8, 
    0x01, 0xFF, 0xFF, 0xFC, 
    0x03, 0xFF, 0xFF, 0xFC, 
    0x0F, 0xFF, 0xFF, 0xFC, 
    0x1F, 0xFF, 0xFF, 0xFC, 
    0x1F, 0xFC, 0x01, 0xFC, 
    0x3F, 0xE0, 0x00, 0x1C, 
    0x7F, 0xC0, 0x00, 0x04, 
    0x7F, 0x80, 0x00, 0x00, 
    0xFF, 0x80, 0x00, 0x00, 
    0xFF, 0x00, 0x00, 0x00, 
    0xFF, 0x00, 0x00, 0x00, 
    0xFF, 0x00, 0x00, 0x00, 
    0xFF, 0x00, 0x00, 0x00, 
    0xFF, 0x00, 0x00, 0x00, 
    0xFF, 0x80, 0x00, 0x00, 
    0xFF, 0xC0, 0x00, 0x00, 
    0x7F, 0xE0, 0x00, 0x00, 
    0x7F, 0xF0, 0x00, 0x00, 
    0x3F, 0xFC, 0x00, 0x00, 
    0x1F, 0xFF, 0x80, 0x00, 
    0x0F, 0xFF, 0xE0, 0x00, 
    0x07, 0xFF, 0xFC, 0x00, 
    0x03, 0xFF, 0xFF, 0x00, 
    0x00, 0xFF, 0xFF, 0xC0, 
    0x00, 0x3F, 0xFF, 0xE0, 
    0x00, 0x0F, 0xFF, 0xF0, 
    0x00, 0x01, 0xFF, 0xF8, 
    0x00, 0x00, 0x3F, 0xFC, 
    0x00, 0x00, 0x0F, 0xFE, 
    0x00, 0x00, 0x07, 0xFE, 
    0x00, 0x00, 0x03, 0xFF, 
    0x00, 0x00, 0x01, 0xFF, 
    0x00, 0x00, 0x00, 0xFF, 
    0x00, 0x00, 0x00, 0xFF, 
    0x00, 0x00, 0x00, 0xFF, 
    0x00, 0x00, 0x00, 0xFF, 
    0x00, 0x00, 0x00, 0xFF, 
    0x80, 0x00, 0x00, 0xFF, 
    0xC0, 0x00, 0x01, 0xFE, 
    0xF0, 0x00, 0x03, 0xFE, 
    0xFC, 0x00, 0x07, 0xFC, 
    0xFF, 0x80, 0x1F, 0xFC, 
    0xFF, 0xFF, 0xFF, 0xF8, 
    0xFF, 0xFF, 0xFF, 0xF0, 
    0xFF, 0xFF, 0xFF, 0xC0, 
    0x7F, 0xFF, 0xFF, 0x80, 
    0x1F, 0xFF, 0xFC, 0x00, 
    0x01, 0xFF, 0xE0, 0x00, 
    EFI_HII_GIBT_GLYPH,
    0x1C,          // Cell width in pixels.
    0x00,
    0x3F,          // Cell height in pixels.
    0x00,
    0x02,          // Horizontal offset from cell boundary to start of glyph.
    0x00,
    0x00,          // Vertical offset from cell boundary to start of glyph.
    0x00,
    0x21,          // Number of pixels to the right to advance to next glyph.
    0x00,
    0x00, 0x03, 0x00, 0x00,          // Character: 't' (0x0074)
    0x00, 0x1F, 0x00, 0x00, 
    0x00, 0xFF, 0x00, 0x00, 
    0x00, 0xFF, 0x00, 0x00, 
    0x00, 0xFF, 0x00, 0x00, 
    0x00, 0xFF, 0x00, 0x00, 
    0x00, 0xFF, 0x00, 0x00, 
    0x00, 0xFF, 0x00, 0x00, 
    0x00, 0xFF, 0x00, 0x00, 
    0x00, 0xFF, 0x00, 0x00, 
    0x00, 0xFF, 0x00, 0x00, 
    0x00, 0xFF, 0x00, 0x00, 
    0x00, 0xFF, 0x00, 0x00, 
    0x00, 0xFF, 0x00, 0x00, 
    0xFF, 0xFF, 0xFF, 0xF0, 
    0xFF, 0xFF, 0xFF, 0xF0, 
    0xFF, 0xFF, 0xFF, 0xF0, 
    0xFF, 0xFF, 0xFF, 0xF0, 
    0xFF, 0xFF, 0xFF, 0xF0, 
    0xFF, 0xFF, 0xFF, 0xF0, 
    0x00, 0xFF, 0x00, 0x00, 
    0x00, 0xFF, 0x00, 0x00, 
    0x00, 0xFF, 0x00, 0x00, 
    0x00, 0xFF, 0x00, 0x00, 
    0x00, 0xFF, 0x00, 0x00, 
    0x00, 0xFF, 0x00, 0x00, 
    0x00, 0xFF, 0x00, 0x00, 
    0x00, 0xFF, 0x00, 0x00, 
    0x00, 0xFF, 0x00, 0x00, 
    0x00, 0xFF, 0x00, 0x00, 
    0x00, 0xFF, 0x00, 0x00, 
    0x00, 0xFF, 0x00, 0x00, 
    0x00, 0xFF, 0x00, 0x00, 
    0x00, 0xFF, 0x00, 0x00, 
    0x00, 0xFF, 0x00, 0x00, 
    0x00, 0xFF, 0x00, 0x00, 
    0x00, 0xFF, 0x00, 0x00, 
    0x00, 0xFF, 0x00, 0x00, 
    0x00, 0xFF, 0x00, 0x00, 
    0x00, 0xFF, 0x00, 0x00, 
    0x00, 0xFF, 0x00, 0x00, 
    0x00, 0xFF, 0x00, 0x00, 
    0x00, 0xFF, 0x00, 0x00, 
    0x00, 0xFF, 0x00, 0x00, 
    0x00, 0xFF, 0x00, 0x00, 
    0x00, 0xFF, 0x00, 0x00, 
    0x00, 0xFF, 0x00, 0x00, 
    0x00, 0xFF, 0x00, 0x00, 
    0x00, 0xFF, 0x00, 0x00, 
    0x00, 0xFF, 0x00, 0x00, 
    0x00, 0xFF, 0x00, 0x00, 
    0x00, 0xFF, 0x00, 0x00, 
    0x00, 0xFF, 0x80, 0x00, 
    0x00, 0xFF, 0x80, 0x00, 
    0x00, 0x7F, 0x80, 0x00, 
    0x00, 0x7F, 0xC0, 0x10, 
    0x00, 0x7F, 0xF0, 0x30, 
    0x00, 0x3F, 0xFF, 0xF0, 
    0x00, 0x3F, 0xFF, 0xF0, 
    0x00, 0x1F, 0xFF, 0xF0, 
    0x00, 0x0F, 0xFF, 0xF0, 
    0x00, 0x03, 0xFF, 0xF0, 
    0x00, 0x00, 0xFF, 0x80, 
    EFI_HII_GIBT_GLYPH,
    0x28,          // Cell width in pixels.
    0x00,
    0x31,          // Cell height in pixels.
    0x00,
    0x07,          // Horizontal offset from cell boundary to start of glyph.
    0x00,
    0x00,          // Vertical offset from cell boundary to start of glyph.
    0x00,
    0x36,          // Number of pixels to the right to advance to next glyph.
    0x00,
    0xFF, 0x00, 0x00, 0x00, 0xFF,          // Character: 'u' (0x0075)
    0xFF, 0x00, 0x00, 0x00, 0xFF, 
    0xFF, 0x00, 0x00, 0x00, 0xFF, 
    0xFF, 0x00, 0x00, 0x00, 0xFF, 
    0xFF, 0x00, 0x00, 0x00, 0xFF, 
    0xFF, 0x00, 0x00, 0x00, 0xFF, 
    0xFF, 0x00, 0x00, 0x00, 0xFF, 
    0xFF, 0x00, 0x00, 0x00, 0xFF, 
    0xFF, 0x00, 0x00, 0x00, 0xFF, 
    0xFF, 0x00, 0x00, 0x00, 0xFF, 
    0xFF, 0x00, 0x00, 0x00, 0xFF, 
    0xFF, 0x00, 0x00, 0x00, 0xFF, 
    0xFF, 0x00, 0x00, 0x00, 0xFF, 
    0xFF, 0x00, 0x00, 0x00, 0xFF, 
    0xFF, 0x00, 0x00, 0x00, 0xFF, 
    0xFF, 0x00, 0x00, 0x00, 0xFF, 
    0xFF, 0x00, 0x00, 0x00, 0xFF, 
    0xFF, 0x00, 0x00, 0x00, 0xFF, 
    0xFF, 0x00, 0x00, 0x00, 0xFF, 
    0xFF, 0x00, 0x00, 0x00, 0xFF, 
    0xFF, 0x00, 0x00, 0x00, 0xFF, 
    0xFF, 0x00, 0x00, 0x00, 0xFF, 
    0xFF, 0x00, 0x00, 0x00, 0xFF, 
    0xFF, 0x00, 0x00, 0x00, 0xFF, 
    0xFF, 0x00, 0x00, 0x00, 0xFF, 
    0xFF, 0x00, 0x00, 0x00, 0xFF, 
    0xFF, 0x00, 0x00, 0x00, 0xFF, 
    0xFF, 0x00, 0x00, 0x00, 0xFF, 
    0xFF, 0x00, 0x00, 0x00, 0xFF, 
    0xFF, 0x00, 0x00, 0x00, 0xFF, 
    0xFF, 0x00, 0x00, 0x00, 0xFF, 
    0xFF, 0x00, 0x00, 0x00, 0xFF, 
    0xFF, 0x00, 0x00, 0x00, 0xFF, 
    0xFF, 0x80, 0x00, 0x01, 0xFF, 
    0xFF, 0x80, 0x00, 0x01, 0xFF, 
    0x7F, 0x80, 0x00, 0x01, 0xFF, 
    0x7F, 0x80, 0x00, 0x03, 0xFF, 
    0x7F, 0xC0, 0x00, 0x07, 0xFF, 
    0x7F, 0xC0, 0x00, 0x07, 0xFF, 
    0x3F, 0xE0, 0x00, 0x0F, 0xFF, 
    0x3F, 0xF0, 0x00, 0x1F, 0xFF, 
    0x1F, 0xF8, 0x00, 0x7E, 0xFF, 
    0x1F, 0xFF, 0x01, 0xFE, 0xFF, 
    0x0F, 0xFF, 0xFF, 0xFC, 0xFF, 
    0x07, 0xFF, 0xFF, 0xF8, 0xFF, 
    0x03, 0xFF, 0xFF, 0xF0, 0xFF, 
    0x01, 0xFF, 0xFF, 0xC0, 0xFF, 
    0x00, 0x7F, 0xFF, 0x80, 0xFF, 
    0x00, 0x0F, 0xFC, 0x00, 0x00, 
    EFI_HII_GIBT_GLYPH,
    0x2D,          // Cell width in pixels.
    0x00,
    0x30,          // Cell height in pixels.
    0x00,
    0x01,          // Horizontal offset from cell boundary to start of glyph.
    0x00,
    0x01,          // Vertical offset from cell boundary to start of glyph.
    0x00,
    0x2E,          // Number of pixels to the right to advance to next glyph.
    0x00,
    0xFF, 0x80, 0x00, 0x00, 0x07, 0xF8,          // Character: 'v' (0x0076)
    0x7F, 0x80, 0x00, 0x00, 0x0F, 0xF0, 
    0x7F, 0x80, 0x00, 0x00, 0x0F, 0xF0, 
    0x7F, 0xC0, 0x00, 0x00, 0x0F, 0xF0, 
    0x3F, 0xC0, 0x00, 0x00, 0x1F, 0xE0, 
    0x3F, 0xC0, 0x00, 0x00, 0x1F, 0xE0, 
    0x3F, 0xE0, 0x00, 0x00, 0x1F, 0xC0, 
    0x1F, 0xE0, 0x00, 0x00, 0x3F, 0xC0, 
    0x1F, 0xE0, 0x00, 0x00, 0x3F, 0xC0, 
    0x0F, 0xF0, 0x00, 0x00, 0x7F, 0x80, 
    0x0F, 0xF0, 0x00, 0x00, 0x7F, 0x80, 
    0x0F, 0xF0, 0x00, 0x00, 0x7F, 0x00, 
    0x07, 0xF8, 0x00, 0x00, 0xFF, 0x00, 
    0x07, 0xF8, 0x00, 0x00, 0xFF, 0x00, 
    0x03, 0xFC, 0x00, 0x00, 0xFE, 0x00, 
    0x03, 0xFC, 0x00, 0x01, 0xFE, 0x00, 
    0x03, 0xFC, 0x00, 0x01, 0xFC, 0x00, 
    0x01, 0xFE, 0x00, 0x03, 0xFC, 0x00, 
    0x01, 0xFE, 0x00, 0x03, 0xFC, 0x00, 
    0x01, 0xFE, 0x00, 0x03, 0xF8, 0x00, 
    0x00, 0xFF, 0x00, 0x07, 0xF8, 0x00, 
    0x00, 0xFF, 0x00, 0x07, 0xF0, 0x00, 
    0x00, 0x7F, 0x00, 0x07, 0xF0, 0x00, 
    0x00, 0x7F, 0x80, 0x0F, 0xF0, 0x00, 
    0x00, 0x7F, 0x80, 0x0F, 0xE0, 0x00, 
    0x00, 0x3F, 0x80, 0x0F, 0xE0, 0x00, 
    0x00, 0x3F, 0xC0, 0x1F, 0xC0, 0x00, 
    0x00, 0x3F, 0xC0, 0x1F, 0xC0, 0x00, 
    0x00, 0x1F, 0xC0, 0x3F, 0xC0, 0x00, 
    0x00, 0x1F, 0xE0, 0x3F, 0x80, 0x00, 
    0x00, 0x0F, 0xE0, 0x3F, 0x80, 0x00, 
    0x00, 0x0F, 0xF0, 0x7F, 0x00, 0x00, 
    0x00, 0x0F, 0xF0, 0x7F, 0x00, 0x00, 
    0x00, 0x07, 0xF0, 0x7F, 0x00, 0x00, 
    0x00, 0x07, 0xF8, 0xFE, 0x00, 0x00, 
    0x00, 0x07, 0xF8, 0xFE, 0x00, 0x00, 
    0x00, 0x03, 0xF8, 0xFC, 0x00, 0x00, 
    0x00, 0x03, 0xFD, 0xFC, 0x00, 0x00, 
    0x00, 0x01, 0xFD, 0xFC, 0x00, 0x00, 
    0x00, 0x01, 0xFD, 0xF8, 0x00, 0x00, 
    0x00, 0x01, 0xFD, 0xF8, 0x00, 0x00, 
    0x00, 0x00, 0xFD, 0xF0, 0x00, 0x00, 
    0x00, 0x00, 0xFF, 0xF0, 
    0x00, 0x00, 0x00, 0x00, 0x7F, 0xF0, 
    0x00, 0x00, 0x00, 0x00, 0x7F, 0xE0, 
    0x00, 0x00, 0x00, 0x00, 0x7F, 0xE0, 
    0x00, 0x00, 0x00, 0x00, 0x3F, 0xC0, 
    0x00, 0x00, 0x00, 0x00, 0x3F, 0xC0, 
    0x00, 0x00,     EFI_HII_GIBT_GLYPH,
    0x43,          // Cell width in pixels.
    0x00,
    0x30,          // Cell height in pixels.
    0x00,
    0x01,          // Horizontal offset from cell boundary to start of glyph.
    0x00,
    0x01,          // Vertical offset from cell boundary to start of glyph.
    0x00,
    0x45,          // Number of pixels to the right to advance to next glyph.
    0x00,
    0xFF, 0x00, 0x00, 0x01, 0xFC, 0x00, 0x00, 0x1F, 0xE0,          // Character: 'w' (0x0077)
    0xFF, 0x00, 0x00, 0x03, 0xFC, 0x00, 0x00, 0x1F, 0xE0, 
    0x7F, 0x80, 0x00, 0x03, 0xFE, 0x00, 0x00, 0x1F, 0xC0, 
    0x7F, 0x80, 0x00, 0x03, 0xFE, 0x00, 0x00, 0x3F, 0xC0, 
    0x7F, 0x80, 0x00, 0x07, 0xFE, 0x00, 0x00, 0x3F, 0xC0, 
    0x3F, 0xC0, 0x00, 0x07, 0xFE, 0x00, 0x00, 0x3F, 0x80, 
    0x3F, 0xC0, 0x00, 0x07, 0xFF, 0x00, 0x00, 0x3F, 0x80, 
    0x3F, 0xC0, 0x00, 0x07, 0xFF, 0x00, 0x00, 0x7F, 0x80, 
    0x1F, 0xC0, 0x00, 0x0F, 0xFF, 0x00, 0x00, 0x7F, 0x00, 
    0x1F, 0xE0, 0x00, 0x0F, 0xFF, 0x00, 0x00, 0x7F, 0x00, 
    0x1F, 0xE0, 0x00, 0x0F, 0xFF, 0x80, 0x00, 0x7F, 0x00, 
    0x1F, 0xE0, 0x00, 0x1F, 0xBF, 0x80, 0x00, 0xFF, 0x00, 
    0x0F, 0xE0, 0x00, 0x1F, 0x9F, 0x80, 0x00, 0xFE, 0x00, 
    0x0F, 0xF0, 0x00, 0x1F, 0x9F, 0xC0, 0x00, 0xFE, 0x00, 
    0x0F, 0xF0, 0x00, 0x3F, 0x9F, 0xC0, 0x00, 0xFE, 0x00, 
    0x07, 0xF0, 0x00, 0x3F, 0x1F, 0xC0, 0x01, 0xFC, 0x00, 
    0x07, 0xF8, 0x00, 0x3F, 0x0F, 0xC0, 0x01, 0xFC, 0x00, 
    0x07, 0xF8, 0x00, 0x3F, 0x0F, 0xE0, 0x01, 0xFC, 0x00, 
    0x03, 0xF8, 0x00, 0x7E, 0x0F, 0xE0, 0x03, 0xF8, 0x00, 
    0x03, 0xF8, 0x00, 0x7E, 0x0F, 0xE0, 0x03, 0xF8, 0x00, 
    0x03, 0xFC, 0x00, 0x7E, 0x07, 0xF0, 0x03, 0xF8, 0x00, 
    0x03, 0xFC, 0x00, 0xFC, 0x07, 0xF0, 0x03, 0xF8, 0x00, 
    0x01, 0xFC, 0x00, 0xFC, 0x07, 0xF0, 0x07, 0xF0, 0x00, 
    0x01, 0xFE, 0x00, 0xFC, 0x03, 0xF0, 0x07, 0xF0, 0x00, 
    0x01, 0xFE, 0x01, 0xF8, 0x03, 0xF8, 0x07, 0xF0, 0x00, 
    0x00, 0xFE, 0x01, 0xF8, 0x03, 0xF8, 0x07, 0xE0, 0x00, 
    0x00, 0xFE, 0x01, 0xF8, 0x01, 0xF8, 0x0F, 0xE0, 0x00, 
    0x00, 0xFF, 0x03, 0xF8, 0x01, 0xF8, 0x0F, 0xE0, 0x00, 
    0x00, 0x7F, 0x03, 0xF0, 
    0x01, 0xFC, 0x0F, 0xC0, 0x00, 0x00, 0x7F, 0x03, 0xF0, 
    0x01, 0xFC, 0x1F, 0xC0, 0x00, 0x00, 0x7F, 0x03, 0xF0, 
    0x00, 0xFC, 0x1F, 0xC0, 0x00, 0x00, 0x3F, 0x87, 0xE0, 
    0x00, 0xFE, 0x1F, 0xC0, 0x00, 0x00, 0x3F, 0x87, 0xE0, 
    0x00, 0xFE, 0x1F, 0x80, 0x00, 0x00, 0x3F, 0x87, 0xE0, 
    0x00, 0x7E, 0x3F, 0x80, 0x00, 0x00, 0x3F, 0xCF, 0xC0, 
    0x00, 0x7E, 0x3F, 0x80, 0x00, 0x00, 0x1F, 0xCF, 0xC0, 
    0x00, 0x7F, 0x3F, 0x00, 0x00, 0x00, 0x1F, 0xCF, 0xC0, 
    0x00, 0x7F, 0x3F, 0x00, 0x00, 0x00, 0x1F, 0xDF, 0x80, 
    0x00, 0x3F, 0x7F, 0x00, 0x00, 0x00, 0x0F, 0xDF, 0x80, 
    0x00, 0x3F, 0x7E, 0x00, 0x00, 0x00, 0x0F, 0xFF, 0x80, 
    0x00, 0x3F, 0x7E, 0x00, 0x00, 0x00, 0x0F, 0xFF, 0x80, 
    0x00, 0x1F, 0xFE, 0x00, 0x00, 0x00, 0x07, 0xFF, 0x00, 
    0x00, 0x1F, 0xFE, 0x00, 0x00, 0x00, 0x07, 0xFF, 0x00, 
    0x00, 0x1F, 0xFC, 0x00, 0x00, 0x00, 0x07, 0xFF, 0x00, 
    0x00, 0x1F, 0xFC, 0x00, 0x00, 0x00, 0x07, 0xFE, 0x00, 
    0x00, 0x0F, 0xFC, 0x00, 0x00, 0x00, 0x03, 0xFE, 0x00, 
    0x00, 0x0F, 0xF8, 0x00, 0x00, 0x00, 0x03, 0xFE, 0x00, 
    0x00, 0x0F, 0xF8, 0x00, 0x00, 0x00, 0x03, 0xFC, 0x00, 
    0x00, 0x07, 0xF8, 0x00, 0x00,     EFI_HII_GIBT_GLYPH,
    0x2A,          // Cell width in pixels.
    0x00,
    0x30,          // Cell height in pixels.
    0x00,
    0x01,          // Horizontal offset from cell boundary to start of glyph.
    0x00,
    0x01,          // Vertical offset from cell boundary to start of glyph.
    0x00,
    0x2C,          // Number of pixels to the right to advance to next glyph.
    0x00,
    0x7F, 0xC0, 0x00, 0x00, 0x7F, 0xC0,          // Character: 'x' (0x0078)
    0x3F, 0xE0, 0x00, 0x00, 0x7F, 0x80, 
    0x3F, 0xE0, 0x00, 0x00, 0xFF, 0x80, 
    0x1F, 0xF0, 0x00, 0x00, 0xFF, 0x00, 
    0x0F, 0xF0, 0x00, 0x01, 0xFE, 0x00, 
    0x0F, 0xF8, 0x00, 0x03, 0xFE, 0x00, 
    0x07, 0xFC, 0x00, 0x03, 0xFC, 0x00, 
    0x03, 0xFC, 0x00, 0x07, 0xF8, 0x00, 
    0x03, 0xFE, 0x00, 0x07, 0xF8, 0x00, 
    0x01, 0xFE, 0x00, 0x0F, 0xF0, 0x00, 
    0x01, 0xFF, 0x00, 0x1F, 0xE0, 0x00, 
    0x00, 0xFF, 0x00, 0x1F, 0xE0, 0x00, 
    0x00, 0x7F, 0x80, 0x3F, 0xC0, 0x00, 
    0x00, 0x7F, 0xC0, 0x7F, 0x80, 0x00, 
    0x00, 0x3F, 0xC0, 0x7F, 0x80, 0x00, 
    0x00, 0x1F, 0xE0, 0xFF, 0x00, 0x00, 
    0x00, 0x1F, 0xE0, 0xFE, 0x00, 0x00, 
    0x00, 0x0F, 0xF1, 0xFE, 0x00, 0x00, 
    0x00, 0x07, 0xF3, 0xFC, 0x00, 0x00, 
    0x00, 0x07, 0xFB, 0xF8, 0x00, 0x00, 
    0x00, 0x03, 0xFF, 0xF8, 0x00, 0x00, 
    0x00, 0x03, 0xFF, 0xF0, 0x00, 0x00, 
    0x00, 0x01, 0xFF, 0xE0, 0x00, 0x00, 
    0x00, 0x00, 0xFF, 0xE0, 0x00, 0x00, 
    0x00, 0x00, 0xFF, 0xC0, 0x00, 0x00, 
    0x00, 0x00, 0xFF, 0xE0, 0x00, 0x00, 
    0x00, 0x01, 0xFF, 0xF0, 0x00, 0x00, 
    0x00, 0x03, 0xFF, 0xF0, 0x00, 0x00, 
    0x00, 0x03, 0xFF, 0xF8, 0x00, 0x00, 
    0x00, 0x07, 0xFB, 0xFC, 0x00, 0x00, 
    0x00, 0x0F, 0xF3, 0xFC, 0x00, 0x00, 
    0x00, 0x1F, 0xE1, 0xFE, 0x00, 0x00, 
    0x00, 0x1F, 0xE1, 0xFF, 0x00, 0x00, 
    0x00, 0x3F, 0xC0, 0xFF, 0x00, 0x00, 
    0x00, 0x7F, 0x80, 0x7F, 0x80, 0x00, 
    0x00, 0x7F, 0x80, 0x7F, 0xC0, 0x00, 
    0x00, 0xFF, 0x00, 0x3F, 0xC0, 0x00, 
    0x01, 0xFF, 0x00, 0x3F, 0xE0, 0x00, 
    0x01, 0xFE, 0x00, 0x1F, 0xF0, 0x00, 
    0x03, 0xFC, 0x00, 0x0F, 0xF0, 0x00, 
    0x07, 0xFC, 0x00, 0x0F, 0xF8, 0x00, 
    0x07, 0xF8, 0x00, 0x07, 0xFC, 0x00, 
    0x0F, 0xF0, 0x00, 0x03, 
    0xFC, 0x00, 0x1F, 0xF0, 0x00, 0x03, 
    0xFE, 0x00, 0x3F, 0xE0, 0x00, 0x01, 
    0xFF, 0x00, 0x3F, 0xE0, 0x00, 0x01, 
    0xFF, 0x00, 0x7F, 0xC0, 0x00, 0x00, 
    0xFF, 0x80, 0xFF, 0x80, 0x00, 0x00, 
    0x7F, 0xC0,     EFI_HII_GIBT_GLYPH,
    0x2D,          // Cell width in pixels.
    0x00,
    0x47,          // Cell height in pixels.
    0x00,
    0x01,          // Horizontal offset from cell boundary to start of glyph.
    0x00,
    0xEA,          // Vertical offset from cell boundary to start of glyph.
    0xFF,
    0x2E,          // Number of pixels to the right to advance to next glyph.
    0x00,
    0xFF, 0x80, 0x00, 0x00, 0x07, 0xF8,          // Character: 'y' (0x0079)
    0x7F, 0x80, 0x00, 0x00, 0x0F, 0xF0, 
    0x7F, 0x80, 0x00, 0x00, 0x0F, 0xF0, 
    0x7F, 0xC0, 0x00, 0x00, 0x0F, 0xF0, 
    0x3F, 0xC0, 0x00, 0x00, 0x1F, 0xE0, 
    0x3F, 0xC0, 0x00, 0x00, 0x1F, 0xE0, 
    0x1F, 0xE0, 0x00, 0x00, 0x1F, 0xC0, 
    0x1F, 0xE0, 0x00, 0x00, 0x3F, 0xC0, 
    0x1F, 0xE0, 0x00, 0x00, 0x3F, 0xC0, 
    0x0F, 0xF0, 0x00, 0x00, 0x3F, 0x80, 
    0x0F, 0xF0, 0x00, 0x00, 0x7F, 0x80, 
    0x0F, 0xF8, 0x00, 0x00, 0x7F, 0x00, 
    0x07, 0xF8, 0x00, 0x00, 0xFF, 0x00, 
    0x07, 0xF8, 0x00, 0x00, 0xFF, 0x00, 
    0x03, 0xFC, 0x00, 0x00, 0xFE, 0x00, 
    0x03, 0xFC, 0x00, 0x01, 0xFE, 0x00, 
    0x03, 0xFC, 0x00, 0x01, 0xFE, 0x00, 
    0x01, 0xFE, 0x00, 0x01, 0xFC, 0x00, 
    0x01, 0xFE, 0x00, 0x03, 0xFC, 0x00, 
    0x00, 0xFE, 0x00, 0x03, 0xF8, 0x00, 
    0x00, 0xFF, 0x00, 0x03, 0xF8, 0x00, 
    0x00, 0xFF, 0x00, 0x07, 0xF8, 0x00, 
    0x00, 0x7F, 0x00, 0x07, 0xF0, 0x00, 
    0x00, 0x7F, 0x80, 0x0F, 0xF0, 0x00, 
    0x00, 0x7F, 0x80, 0x0F, 0xE0, 0x00, 
    0x00, 0x3F, 0x80, 0x0F, 0xE0, 0x00, 
    0x00, 0x3F, 0xC0, 0x1F, 0xE0, 0x00, 
    0x00, 0x1F, 0xC0, 0x1F, 0xC0, 0x00, 
    0x00, 0x1F, 0xC0, 0x1F, 0xC0, 0x00, 
    0x00, 0x1F, 0xE0, 0x3F, 0x80, 0x00, 
    0x00, 0x0F, 0xE0, 0x3F, 0x80, 0x00, 
    0x00, 0x0F, 0xE0, 0x3F, 0x80, 0x00, 
    0x00, 0x07, 0xF0, 0x7F, 0x00, 0x00, 
    0x00, 0x07, 0xF0, 0x7F, 0x00, 0x00, 
    0x00, 0x07, 0xF8, 0xFE, 0x00, 0x00, 
    0x00, 0x03, 0xF8, 0xFE, 0x00, 0x00, 
    0x00, 0x03, 0xF8, 0xFE, 0x00, 0x00, 
    0x00, 0x01, 0xFD, 0xFC, 0x00, 0x00, 
    0x00, 0x01, 0xFD, 0xFC, 0x00, 0x00, 
    0x00, 0x01, 0xFD, 0xF8, 0x00, 0x00, 
    0x00, 0x00, 0xFD, 0xF8, 0x00, 0x00, 
    0x00, 0x00, 0xFF, 0xF8, 0x00, 0x00, 
    0x00, 0x00, 0xFF, 0xF0, 
    0x00, 0x00, 0x00, 0x00, 0x7F, 0xF0, 
    0x00, 0x00, 0x00, 0x00, 0x7F, 0xF0, 
    0x00, 0x00, 0x00, 0x00, 0x3F, 0xE0, 
    0x00, 0x00, 0x00, 0x00, 0x3F, 0xE0, 
    0x00, 0x00, 0x00, 0x00, 0x3F, 0xC0, 
    0x00, 0x00, 0x00, 0x00, 0x3F, 0xC0, 
    0x00, 0x00, 0x00, 0x00, 0x3F, 0xC0, 
    0x00, 0x00, 0x00, 0x00, 0x3F, 0x80, 
    0x00, 0x00, 0x00, 0x00, 0x7F, 0x80, 
    0x00, 0x00, 0x00, 0x00, 0x7F, 0x00, 
    0x00, 0x00, 0x00, 0x00, 0xFF, 0x00, 
    0x00, 0x00, 0x00, 0x00, 0xFF, 0x00, 
    0x00, 0x00, 0x00, 0x00, 0xFE, 0x00, 
    0x00, 0x00, 0x00, 0x01, 0xFE, 0x00, 
    0x00, 0x00, 0x00, 0x01, 0xFC, 0x00, 
    0x00, 0x00, 0x00, 0x01, 0xFC, 0x00, 
    0x00, 0x00, 0x00, 0x03, 0xFC, 0x00, 
    0x00, 0x00, 0x00, 0x03, 0xF8, 0x00, 
    0x00, 0x00, 0x00, 0x07, 0xF0, 0x00, 
    0x00, 0x00, 0x00, 0x0F, 0xF0, 0x00, 
    0x00, 0x00, 0x00, 0x1F, 0xE0, 0x00, 
    0x00, 0x00, 0x20, 0x7F, 0xE0, 0x00, 
    0x00, 0x00, 0x3F, 0xFF, 0xC0, 0x00, 
    0x00, 0x00, 0x3F, 0xFF, 0x80, 0x00, 
    0x00, 0x00, 0x3F, 0xFF, 0x00, 0x00, 
    0x00, 0x00, 0x3F, 0xFE, 0x00, 0x00, 
    0x00, 0x00, 0x3F, 0xF8, 0x00, 0x00, 
    0x00, 0x00, 0x3F, 0xE0, 0x00, 0x00, 
    0x00, 0x00,     EFI_HII_GIBT_GLYPH,
    0x27,          // Cell width in pixels.
    0x00,
    0x30,          // Cell height in pixels.
    0x00,
    0x02,          // Horizontal offset from cell boundary to start of glyph.
    0x00,
    0x01,          // Vertical offset from cell boundary to start of glyph.
    0x00,
    0x2B,          // Number of pixels to the right to advance to next glyph.
    0x00,
    0x1F, 0xFF, 0xFF, 0xFF, 0xFE,          // Character: 'z' (0x007A)
    0x1F, 0xFF, 0xFF, 0xFF, 0xFE, 
    0x1F, 0xFF, 0xFF, 0xFF, 0xFE, 
    0x1F, 0xFF, 0xFF, 0xFF, 0xFC, 
    0x1F, 0xFF, 0xFF, 0xFF, 0xF8, 
    0x1F, 0xFF, 0xFF, 0xFF, 0xF8, 
    0x00, 0x00, 0x00, 0x0F, 0xF0, 
    0x00, 0x00, 0x00, 0x1F, 0xE0, 
    0x00, 0x00, 0x00, 0x3F, 0xC0, 
    0x00, 0x00, 0x00, 0x7F, 0xC0, 
    0x00, 0x00, 0x00, 0x7F, 0x80, 
    0x00, 0x00, 0x00, 0xFF, 0x00, 
    0x00, 0x00, 0x01, 0xFF, 0x00, 
    0x00, 0x00, 0x01, 0xFE, 0x00, 
    0x00, 0x00, 0x03, 0xFC, 0x00, 
    0x00, 0x00, 0x07, 0xFC, 0x00, 
    0x00, 0x00, 0x07, 0xF8, 0x00, 
    0x00, 0x00, 0x0F, 0xF0, 0x00, 
    0x00, 0x00, 0x1F, 0xE0, 0x00, 
    0x00, 0x00, 0x3F, 0xE0, 0x00, 
    0x00, 0x00, 0x3F, 0xC0, 0x00, 
    0x00, 0x00, 0x7F, 0x80, 0x00, 
    0x00, 0x00, 0xFF, 0x80, 0x00, 
    0x00, 0x00, 0xFF, 0x00, 0x00, 
    0x00, 0x01, 0xFE, 0x00, 0x00, 
    0x00, 0x03, 0xFE, 0x00, 0x00, 
    0x00, 0x03, 0xFC, 0x00, 0x00, 
    0x00, 0x07, 0xF8, 0x00, 0x00, 
    0x00, 0x0F, 0xF8, 0x00, 0x00, 
    0x00, 0x1F, 0xF0, 0x00, 0x00, 
    0x00, 0x1F, 0xE0, 0x00, 0x00, 
    0x00, 0x3F, 0xC0, 0x00, 0x00, 
    0x00, 0x7F, 0xC0, 0x00, 0x00, 
    0x00, 0x7F, 0x80, 0x00, 0x00, 
    0x00, 0xFF, 0x00, 0x00, 0x00, 
    0x01, 0xFF, 0x00, 0x00, 0x00, 
    0x01, 0xFE, 0x00, 0x00, 0x00, 
    0x03, 0xFC, 0x00, 0x00, 0x00, 
    0x07, 0xFC, 0x00, 0x00, 0x00, 
    0x0F, 0xF8, 0x00, 0x00, 0x00, 
    0x0F, 0xF0, 0x00, 0x00, 0x00, 
    0x1F, 0xE0, 0x00, 0x00, 0x00, 
    0x3F, 0xFF, 0xFF, 0xFF, 0xFE, 
    0x3F, 0xFF, 0xFF, 0xFF, 0xFE, 
    0x7F, 0xFF, 0xFF, 0xFF, 0xFE, 
    0xFF, 0xFF, 0xFF, 0xFF, 0xFE, 
    0xFF, 0xFF, 0xFF, 0xFF, 0xFE, 
    0xFF, 0xFF, 0xFF, 0xFF, 0xFE, 
    EFI_HII_GIBT_GLYPH,
    0x15,          // Cell width in pixels.
    0x00,
    0x52,          // Cell height in pixels.
    0x00,
    0x05,          // Horizontal offset from cell boundary to start of glyph.
    0x00,
    0xF2,          // Vertical offset from cell boundary to start of glyph.
    0xFF,
    0x1D,          // Number of pixels to the right to advance to next glyph.
    0x00,
    0x00, 0x00, 0x78,          // Character: '{' (0x007B)
    0x00, 0x03, 0xF8, 
    0x00, 0x0F, 0xF8, 
    0x00, 0x1F, 0xF8, 
    0x00, 0x3F, 0xF8, 
    0x00, 0x7F, 0xF8, 
    0x00, 0x7F, 0xC0, 
    0x00, 0xFF, 0x80, 
    0x00, 0xFF, 0x00, 
    0x00, 0xFE, 0x00, 
    0x01, 0xFE, 0x00, 
    0x01, 0xFC, 0x00, 
    0x01, 0xFC, 0x00, 
    0x01, 0xFC, 0x00, 
    0x01, 0xFC, 0x00, 
    0x01, 0xFC, 0x00, 
    0x01, 0xFC, 0x00, 
    0x01, 0xFC, 0x00, 
    0x01, 0xFC, 0x00, 
    0x01, 0xFC, 0x00, 
    0x01, 0xFC, 0x00, 
    0x01, 0xFC, 0x00, 
    0x01, 0xFC, 0x00, 
    0x01, 0xFC, 0x00, 
    0x01, 0xFC, 0x00, 
    0x01, 0xFC, 0x00, 
    0x01, 0xFC, 0x00, 
    0x01, 0xFC, 0x00, 
    0x01, 0xFC, 0x00, 
    0x01, 0xFC, 0x00, 
    0x01, 0xFC, 0x00, 
    0x01, 0xFC, 0x00, 
    0x03, 0xFC, 0x00, 
    0x03, 0xF8, 0x00, 
    0x03, 0xF8, 0x00, 
    0x07, 0xF8, 0x00, 
    0x0F, 0xF0, 0x00, 
    0x3F, 0xE0, 0x00, 
    0xFF, 0xC0, 0x00, 
    0xFF, 0x80, 0x00, 
    0xFE, 0x00, 0x00, 
    0xFF, 0x80, 0x00, 
    0xFF, 0xE0, 0x00, 
    0x3F, 0xF0, 0x00, 
    0x0F, 0xF0, 0x00, 
    0x07, 0xF8, 0x00, 
    0x03, 0xF8, 0x00, 
    0x03, 0xF8, 0x00, 
    0x03, 0xFC, 0x00, 
    0x01, 0xFC, 0x00, 
    0x01, 0xFC, 0x00, 
    0x01, 0xFC, 0x00, 
    0x01, 0xFC, 0x00, 
    0x01, 0xFC, 0x00, 
    0x01, 0xFC, 0x00, 
    0x01, 0xFC, 0x00, 
    0x01, 0xFC, 0x00, 
    0x01, 0xFC, 0x00, 
    0x01, 0xFC, 0x00, 
    0x01, 0xFC, 0x00, 
    0x01, 0xFC, 0x00, 
    0x01, 0xFC, 0x00, 
    0x01, 0xFC, 0x00, 
    0x01, 0xFC, 0x00, 
    0x01, 0xFC, 0x00, 
    0x01, 0xFC, 0x00, 
    0x01, 0xFC, 0x00, 
    0x01, 0xFC, 0x00, 
    0x01, 0xFC, 0x00, 
    0x01, 0xFC, 0x00, 
    0x01, 0xFC, 0x00, 
    0x01, 0xFE, 0x00, 
    0x00, 0xFE, 0x00, 
    0x00, 0xFE, 0x00, 
    0x00, 0xFF, 0x00, 
    0x00, 0x7F, 0xC0, 
    0x00, 0x7F, 0xF8, 
    0x00, 0x3F, 0xF8, 
    0x00, 0x1F, 0xF8, 
    0x00, 0x0F, 0xF8, 
    0x00, 0x03, 0xF8, 
    0x00, 0x00, 0x78, 
    EFI_HII_GIBT_GLYPH,
    0x07,          // Cell width in pixels.
    0x00,
    0x60,          // Cell height in pixels.
    0x00,
    0x08,          // Horizontal offset from cell boundary to start of glyph.
    0x00,
    0xEA,          // Vertical offset from cell boundary to start of glyph.
    0xFF,
    0x17,          // Number of pixels to the right to advance to next glyph.
    0x00,
    0xFE,          // Character: '|' (0x007C)
    0xFE, 
    0xFE, 
    0xFE, 
    0xFE, 
    0xFE, 
    0xFE, 
    0xFE, 
    0xFE, 
    0xFE, 
    0xFE, 
    0xFE, 
    0xFE, 
    0xFE, 
    0xFE, 
    0xFE, 
    0xFE, 
    0xFE, 
    0xFE, 
    0xFE, 
    0xFE, 
    0xFE, 
    0xFE, 
    0xFE, 
    0xFE, 
    0xFE, 
    0xFE, 
    0xFE, 
    0xFE, 
    0xFE, 
    0xFE, 
    0xFE, 
    0xFE, 
    0xFE, 
    0xFE, 
    0xFE, 
    0xFE, 
    0xFE, 
    0xFE, 
    0xFE, 
    0xFE, 
    0xFE, 
    0xFE, 
    0xFE, 
    0xFE, 
    0xFE, 
    0xFE, 
    0xFE, 
    0xFE, 
    0xFE, 
    0xFE, 
    0xFE, 
    0xFE, 
    0xFE, 
    0xFE, 
    0xFE, 
    0xFE, 
    0xFE, 
    0xFE, 
    0xFE, 
    0xFE, 
    0xFE, 
    0xFE, 
    0xFE, 
    0xFE, 
    0xFE, 
    0xFE, 
    0xFE, 
    0xFE, 
    0xFE, 
    0xFE, 
    0xFE, 
    0xFE, 
    0xFE, 
    0xFE, 
    0xFE, 
    0xFE, 
    0xFE, 
    0xFE, 
    0xFE, 
    0xFE, 
    0xFE, 
    0xFE, 
    0xFE, 
    0xFE, 
    0xFE, 
    0xFE, 
    0xFE, 
    0xFE, 
    0xFE, 
    0xFE, 
    0xFE, 
    0xFE, 
    0xFE, 
    0xFE, 
    0xFE, 
    EFI_HII_GIBT_GLYPH,
    0x16,          // Cell width in pixels.
    0x00,
    0x52,          // Cell height in pixels.
    0x00,
    0x03,          // Horizontal offset from cell boundary to start of glyph.
    0x00,
    0xF2,          // Vertical offset from cell boundary to start of glyph.
    0xFF,
    0x1D,          // Number of pixels to the right to advance to next glyph.
    0x00,
    0xF8, 0x00, 0x00,          // Character: '}' (0x007D)
    0xFF, 0x00, 0x00, 
    0xFF, 0xC0, 0x00, 
    0xFF, 0xE0, 0x00, 
    0xFF, 0xF0, 0x00, 
    0xFF, 0xF8, 0x00, 
    0x1F, 0xF8, 0x00, 
    0x07, 0xFC, 0x00, 
    0x03, 0xFC, 0x00, 
    0x01, 0xFC, 0x00, 
    0x01, 0xFE, 0x00, 
    0x00, 0xFE, 0x00, 
    0x00, 0xFE, 0x00, 
    0x00, 0xFE, 0x00, 
    0x00, 0xFE, 0x00, 
    0x00, 0xFE, 0x00, 
    0x00, 0xFE, 0x00, 
    0x00, 0xFE, 0x00, 
    0x00, 0xFE, 0x00, 
    0x00, 0xFE, 0x00, 
    0x00, 0xFE, 0x00, 
    0x00, 0xFE, 0x00, 
    0x00, 0xFE, 0x00, 
    0x00, 0xFE, 0x00, 
    0x00, 0xFE, 0x00, 
    0x00, 0xFE, 0x00, 
    0x00, 0xFE, 0x00, 
    0x00, 0xFE, 0x00, 
    0x00, 0xFE, 0x00, 
    0x00, 0xFE, 0x00, 
    0x00, 0xFE, 0x00, 
    0x00, 0xFE, 0x00, 
    0x00, 0xFF, 0x00, 
    0x00, 0x7F, 0x00, 
    0x00, 0x7F, 0x00, 
    0x00, 0x7F, 0x80, 
    0x00, 0x3F, 0xC0, 
    0x00, 0x1F, 0xF0, 
    0x00, 0x0F, 0xFC, 
    0x00, 0x07, 0xFC, 
    0x00, 0x01, 0xFC, 
    0x00, 0x07, 0xFC, 
    0x00, 0x1F, 0xFC, 
    0x00, 0x3F, 0xF0, 
    0x00, 0x3F, 0xC0, 
    0x00, 0x7F, 0x80, 
    0x00, 0x7F, 0x00, 
    0x00, 0x7F, 0x00, 
    0x00, 0xFF, 0x00, 
    0x00, 0xFE, 0x00, 
    0x00, 0xFE, 0x00, 
    0x00, 0xFE, 0x00, 
    0x00, 0xFE, 0x00, 
    0x00, 0xFE, 0x00, 
    0x00, 0xFE, 0x00, 
    0x00, 0xFE, 0x00, 
    0x00, 0xFE, 0x00, 
    0x00, 0xFE, 0x00, 
    0x00, 0xFE, 0x00, 
    0x00, 0xFE, 0x00, 
    0x00, 0xFE, 0x00, 
    0x00, 0xFE, 0x00, 
    0x00, 0xFE, 0x00, 
    0x00, 0xFE, 0x00, 
    0x00, 0xFE, 0x00, 
    0x00, 0xFE, 0x00, 
    0x00, 0xFE, 0x00, 
    0x00, 0xFE, 0x00, 
    0x00, 0xFE, 0x00, 
    0x00, 0xFE, 0x00, 
    0x00, 0xFE, 0x00, 
    0x01, 0xFE, 0x00, 
    0x01, 0xFC, 0x00, 
    0x03, 0xFC, 0x00, 
    0x07, 0xFC, 0x00, 
    0x1F, 0xF8, 0x00, 
    0xFF, 0xF8, 0x00, 
    0xFF, 0xF0, 0x00, 
    0xFF, 0xE0, 0x00, 
    0xFF, 0xC0, 0x00, 
    0xFF, 0x00, 0x00, 
    0xF8, 0x00, 0x00, 
    EFI_HII_GIBT_GLYPH,
    0x2E,          // Cell width in pixels.
    0x00,
    0x0E,          // Cell height in pixels.
    0x00,
    0x0A,          // Horizontal offset from cell boundary to start of glyph.
    0x00,
    0x16,          // Vertical offset from cell boundary to start of glyph.
    0x00,
    0x42,          // Number of pixels to the right to advance to next glyph.
    0x00,
    0x00, 0x7F, 0x80, 0x00, 0x00, 0xFC,          // Character: '~' (0x007E)
    0x01, 0xFF, 0xF0, 0x00, 0x00, 0xFC, 
    0x07, 0xFF, 0xFC, 0x00, 0x00, 0xFC, 
    0x0F, 0xFF, 0xFF, 0x00, 0x01, 0xFC, 
    0x1F, 0xFF, 0xFF, 0x80, 0x01, 0xF8, 
    0x3F, 0xFF, 0xFF, 0xE0, 0x03, 0xF8, 
    0x3F, 0xC0, 0xFF, 0xF8, 0x03, 0xF8, 
    0x7F, 0x00, 0x3F, 0xFE, 0x0F, 0xF0, 
    0x7E, 0x00, 0x0F, 0xFF, 0xFF, 0xF0, 
    0x7E, 0x00, 0x07, 0xFF, 0xFF, 0xE0, 
    0xFE, 0x00, 0x01, 0xFF, 0xFF, 0xC0, 
    0xFC, 0x00, 0x00, 0xFF, 0xFF, 0x80, 
    0xFC, 0x00, 0x00, 0x1F, 0xFE, 0x00, 
    0xFC, 0x00, 0x00, 0x07, 0xF8, 0x00, 
    EFI_HII_GIBT_SKIP2,                    // Skip 8099 Unicode characters.
    0xA3,
    0x1F,
    EFI_HII_GIBT_GLYPH,
    0x18,          // Cell width in pixels.
    0x00,
    0x18,          // Cell height in pixels.
    0x00,
    0x08,          // Horizontal offset from cell boundary to start of glyph.
    0x00,
    0x14,          // Vertical offset from cell boundary to start of glyph.
    0x00,
    0x27,          // Number of pixels to the right to advance to next glyph.
    0x00,
    0x00, 0x7F, 0x00,          // Character: '•' (0x2022)
    0x03, 0xFF, 0xC0, 
    0x07, 0xFF, 0xE0, 
    0x0F, 0xFF, 0xF0, 
    0x1F, 0xFF, 0xF8, 
    0x3F, 0xFF, 0xFC, 
    0x7F, 0xFF, 0xFE, 
    0x7F, 0xFF, 0xFE, 
    0x7F, 0xFF, 0xFE, 
    0xFF, 0xFF, 0xFF, 
    0xFF, 0xFF, 0xFF, 
    0xFF, 0xFF, 0xFF, 
    0xFF, 0xFF, 0xFF, 
    0xFF, 0xFF, 0xFF, 
    0xFF, 0xFF, 0xFF, 
    0xFF, 0xFF, 0xFF, 
    0x7F, 0xFF, 0xFE, 
    0x7F, 0xFF, 0xFE, 
    0x3F, 0xFF, 0xFC, 
    0x1F, 0xFF, 0xF8, 
    0x0F, 0xFF, 0xF8, 
    0x07, 0xFF, 0xE0, 
    0x03, 0xFF, 0xC0, 
    0x00, 0x7F, 0x00, 
    EFI_HII_GIBT_SKIP2,                    // Skip 365 Unicode characters.
    0x6D,
    0x01,
    EFI_HII_GIBT_GLYPH,
    0x41,          // Cell width in pixels.
    0x00,
    0x1F,          // Cell height in pixels.
    0x00,
    0x07,          // Horizontal offset from cell boundary to start of glyph.
    0x00,
    0x0E,          // Vertical offset from cell boundary to start of glyph.
    0x00,
    0x53,          // Number of pixels to the right to advance to next glyph.
    0x00,
    0x00, 0x00, 0x00, 0x00, 0x00, 0x00, 0x00, 0x00, 0x00,          // Character: '←' (0x2190)
    0x00, 0x02, 0x00, 0x00, 0x00, 0x00, 0x00, 0x00, 0x00, 
    0x00, 0x06, 0x00, 0x00, 0x00, 0x00, 0x00, 0x00, 0x00, 
    0x00, 0x0E, 0x00, 0x00, 0x00, 0x00, 0x00, 0x00, 0x00, 
    0x00, 0x1E, 0x00, 0x00, 0x00, 0x00, 0x00, 0x00, 0x00, 
    0x00, 0x3E, 0x00, 0x00, 0x00, 0x00, 0x00, 0x00, 0x00, 
    0x00, 0x7E, 0x00, 0x00, 0x00, 0x00, 0x00, 0x00, 0x00, 
    0x00, 0xFE, 0x00, 0x00, 0x00, 0x00, 0x00, 0x00, 0x00, 
    0x01, 0xFC, 0x00, 0x00, 0x00, 0x00, 0x00, 0x00, 0x00, 
    0x03, 0xF8, 0x00, 0x00, 0x00, 0x00, 0x00, 0x00, 0x00, 
    0x07, 0xF0, 0x00, 0x00, 0x00, 0x00, 0x00, 0x00, 0x00, 
    0x0F, 0xE0, 0x00, 0x00, 0x00, 0x00, 0x00, 0x00, 0x00, 
    0x1F, 0xC0, 0x00, 0x00, 0x00, 0x00, 0x00, 0x00, 0x00, 
    0x3F, 0xFF, 0xFF, 0xFF, 0xFF, 0xFF, 0xFF, 0xFF, 0x80, 
    0x7F, 0xFF, 0xFF, 0xFF, 0xFF, 0xFF, 0xFF, 0xFF, 0x80, 
    0xFF, 0xFF, 0xFF, 0xFF, 0xFF, 0xFF, 0xFF, 0xFF, 0x80, 
    0xFF, 0xFF, 0xFF, 0xFF, 0xFF, 0xFF, 0xFF, 0xFF, 0x80, 
    0x7F, 0xFF, 0xFF, 0xFF, 0xFF, 0xFF, 0xFF, 0xFF, 0x80, 
    0x3F, 0xFF, 0xFF, 0xFF, 0xFF, 0xFF, 0xFF, 0xFF, 0x80, 
    0x1F, 0xC0, 0x00, 0x00, 0x00, 0x00, 0x00, 0x00, 0x00, 
    0x0F, 0xE0, 0x00, 0x00, 0x00, 0x00, 0x00, 0x00, 0x00, 
    0x07, 0xF0, 0x00, 0x00, 0x00, 0x00, 0x00, 0x00, 0x00, 
    0x03, 0xF8, 0x00, 0x00, 0x00, 0x00, 0x00, 0x00, 0x00, 
    0x01, 0xFC, 0x00, 0x00, 0x00, 0x00, 0x00, 0x00, 0x00, 
    0x00, 0xFE, 0x00, 0x00, 0x00, 0x00, 0x00, 0x00, 0x00, 
    0x00, 0x7E, 0x00, 0x00, 0x00, 0x00, 0x00, 0x00, 0x00, 
    0x00, 0x3E, 0x00, 0x00, 0x00, 0x00, 0x00, 0x00, 0x00, 
    0x00, 0x1E, 0x00, 0x00, 0x00, 0x00, 0x00, 0x00, 0x00, 
    0x00, 0x0E, 0x00, 0x00, 
    0x00, 0x00, 0x00, 0x00, 0x00, 0x00, 0x06, 0x00, 0x00, 
    0x00, 0x00, 0x00, 0x00, 0x00, 0x00, 0x02, 0x00, 0x00, 
    0x00, 0x00, 0x00, 0x00, 0x00,     EFI_HII_GIBT_GLYPH,
    0x1F,          // Cell width in pixels.
    0x00,
    0x41,          // Cell height in pixels.
    0x00,
    0x07,          // Horizontal offset from cell boundary to start of glyph.
    0x00,
    0x00,          // Vertical offset from cell boundary to start of glyph.
    0x00,
    0x2D,          // Number of pixels to the right to advance to next glyph.
    0x00,
    0x00, 0x01, 0x00, 0x00,          // Character: '↑' (0x2191)
    0x00, 0x03, 0x80, 0x00, 
    0x00, 0x07, 0xC0, 0x00, 
    0x00, 0x0F, 0xE0, 0x00, 
    0x00, 0x1F, 0xF0, 0x00, 
    0x00, 0x3F, 0xF8, 0x00, 
    0x00, 0x7F, 0xFC, 0x00, 
    0x00, 0xFF, 0xFF, 0x00, 
    0x01, 0xFF, 0xFF, 0x80, 
    0x03, 0xFF, 0xFF, 0xC0, 
    0x07, 0xEF, 0xEF, 0xE0, 
    0x0F, 0xCF, 0xE7, 0xF0, 
    0x1F, 0x8F, 0xE3, 0xF8, 
    0x3F, 0x0F, 0xE1, 0xFC, 
    0x7E, 0x0F, 0xE0, 0xFE, 
    0x00, 0x0F, 0xE0, 0x00, 
    0x00, 0x0F, 0xE0, 0x00, 
    0x00, 0x0F, 0xE0, 0x00, 
    0x00, 0x0F, 0xE0, 0x00, 
    0x00, 0x0F, 0xE0, 0x00, 
    0x00, 0x0F, 0xE0, 0x00, 
    0x00, 0x0F, 0xE0, 0x00, 
    0x00, 0x0F, 0xE0, 0x00, 
    0x00, 0x0F, 0xE0, 0x00, 
    0x00, 0x0F, 0xE0, 0x00, 
    0x00, 0x0F, 0xE0, 0x00, 
    0x00, 0x0F, 0xE0, 0x00, 
    0x00, 0x0F, 0xE0, 0x00, 
    0x00, 0x0F, 0xE0, 0x00, 
    0x00, 0x0F, 0xE0, 0x00, 
    0x00, 0x0F, 0xE0, 0x00, 
    0x00, 0x0F, 0xE0, 0x00, 
    0x00, 0x0F, 0xE0, 0x00, 
    0x00, 0x0F, 0xE0, 0x00, 
    0x00, 0x0F, 0xE0, 0x00, 
    0x00, 0x0F, 0xE0, 0x00, 
    0x00, 0x0F, 0xE0, 0x00, 
    0x00, 0x0F, 0xE0, 0x00, 
    0x00, 0x0F, 0xE0, 0x00, 
    0x00, 0x0F, 0xE0, 0x00, 
    0x00, 0x0F, 0xE0, 0x00, 
    0x00, 0x0F, 0xE0, 0x00, 
    0x00, 0x0F, 0xE0, 0x00, 
    0x00, 0x0F, 0xE0, 0x00, 
    0x00, 0x0F, 0xE0, 0x00, 
    0x00, 0x0F, 0xE0, 0x00, 
    0x00, 0x0F, 0xE0, 0x00, 
    0x00, 0x0F, 0xE0, 0x00, 
    0x00, 0x0F, 0xE0, 0x00, 
    0x00, 0x0F, 0xE0, 0x00, 
    0x00, 0x0F, 0xE0, 0x00, 
    0x00, 0x0F, 0xE0, 0x00, 
    0x00, 0x0F, 0xE0, 0x00, 
    0x00, 0x0F, 0xE0, 0x00, 
    0x00, 0x0F, 0xE0, 0x00, 
    0x00, 0x0F, 0xE0, 0x00, 
    0x00, 0x0F, 0xE0, 0x00, 
    0x00, 0x0F, 0xE0, 0x00, 
    0x00, 0x0F, 0xE0, 0x00, 
    0x00, 0x0F, 0xE0, 0x00, 
    0x00, 0x0F, 0xE0, 0x00, 
    0x00, 0x0F, 0xE0, 0x00, 
    0x00, 0x0F, 0xE0, 0x00, 
    0x00, 0x0F, 0xE0, 0x00, 
    0x00, 0x0F, 0xE0, 0x00, 
    EFI_HII_GIBT_GLYPH,
    0x41,          // Cell width in pixels.
    0x00,
    0x1F,          // Cell height in pixels.
    0x00,
    0x0B,          // Horizontal offset from cell boundary to start of glyph.
    0x00,
    0x0E,          // Vertical offset from cell boundary to start of glyph.
    0x00,
    0x53,          // Number of pixels to the right to advance to next glyph.
    0x00,
    0x00, 0x00, 0x00, 0x00, 0x00, 0x00, 0x00, 0x00, 0x00,          // Character: '→' (0x2192)
    0x00, 0x00, 0x00, 0x00, 0x00, 0x00, 0x20, 0x00, 0x00, 
    0x00, 0x00, 0x00, 0x00, 0x00, 0x00, 0x30, 0x00, 0x00, 
    0x00, 0x00, 0x00, 0x00, 0x00, 0x00, 0x38, 0x00, 0x00, 
    0x00, 0x00, 0x00, 0x00, 0x00, 0x00, 0x3C, 0x00, 0x00, 
    0x00, 0x00, 0x00, 0x00, 0x00, 0x00, 0x3E, 0x00, 0x00, 
    0x00, 0x00, 0x00, 0x00, 0x00, 0x00, 0x3F, 0x00, 0x00, 
    0x00, 0x00, 0x00, 0x00, 0x00, 0x00, 0x3F, 0x80, 0x00, 
    0x00, 0x00, 0x00, 0x00, 0x00, 0x00, 0x1F, 0xC0, 0x00, 
    0x00, 0x00, 0x00, 0x00, 0x00, 0x00, 0x0F, 0xE0, 0x00, 
    0x00, 0x00, 0x00, 0x00, 0x00, 0x00, 0x07, 0xF0, 0x00, 
    0x00, 0x00, 0x00, 0x00, 0x00, 0x00, 0x03, 0xF8, 0x00, 
    0x00, 0x00, 0x00, 0x00, 0x00, 0x00, 0x01, 0xFC, 0x00, 
    0xFF, 0xFF, 0xFF, 0xFF, 0xFF, 0xFF, 0xFF, 0xFE, 0x00, 
    0xFF, 0xFF, 0xFF, 0xFF, 0xFF, 0xFF, 0xFF, 0xFF, 0x00, 
    0xFF, 0xFF, 0xFF, 0xFF, 0xFF, 0xFF, 0xFF, 0xFF, 0x80, 
    0xFF, 0xFF, 0xFF, 0xFF, 0xFF, 0xFF, 0xFF, 0xFF, 0x80, 
    0xFF, 0xFF, 0xFF, 0xFF, 0xFF, 0xFF, 0xFF, 0xFF, 0x00, 
    0xFF, 0xFF, 0xFF, 0xFF, 0xFF, 0xFF, 0xFF, 0xFE, 0x00, 
    0x00, 0x00, 0x00, 0x00, 0x00, 0x00, 0x01, 0xFC, 0x00, 
    0x00, 0x00, 0x00, 0x00, 0x00, 0x00, 0x03, 0xF8, 0x00, 
    0x00, 0x00, 0x00, 0x00, 0x00, 0x00, 0x07, 0xF0, 0x00, 
    0x00, 0x00, 0x00, 0x00, 0x00, 0x00, 0x0F, 0xE0, 0x00, 
    0x00, 0x00, 0x00, 0x00, 0x00, 0x00, 0x1F, 0xC0, 0x00, 
    0x00, 0x00, 0x00, 0x00, 0x00, 0x00, 0x3F, 0x80, 0x00, 
    0x00, 0x00, 0x00, 0x00, 0x00, 0x00, 0x3F, 0x00, 0x00, 
    0x00, 0x00, 0x00, 0x00, 0x00, 0x00, 0x3E, 0x00, 0x00, 
    0x00, 0x00, 0x00, 0x00, 0x00, 0x00, 0x3C, 0x00, 0x00, 
    0x00, 0x00, 0x00, 0x00, 
    0x00, 0x00, 0x38, 0x00, 0x00, 0x00, 0x00, 0x00, 0x00, 
    0x00, 0x00, 0x30, 0x00, 0x00, 0x00, 0x00, 0x00, 0x00, 
    0x00, 0x00, 0x20, 0x00, 0x00,     EFI_HII_GIBT_GLYPH,
    0x1F,          // Cell width in pixels.
    0x00,
    0x41,          // Cell height in pixels.
    0x00,
    0x07,          // Horizontal offset from cell boundary to start of glyph.
    0x00,
    0x01,          // Vertical offset from cell boundary to start of glyph.
    0x00,
    0x2D,          // Number of pixels to the right to advance to next glyph.
    0x00,
    0x00, 0x0F, 0xE0, 0x00,          // Character: '↓' (0x2193)
    0x00, 0x0F, 0xE0, 0x00, 
    0x00, 0x0F, 0xE0, 0x00, 
    0x00, 0x0F, 0xE0, 0x00, 
    0x00, 0x0F, 0xE0, 0x00, 
    0x00, 0x0F, 0xE0, 0x00, 
    0x00, 0x0F, 0xE0, 0x00, 
    0x00, 0x0F, 0xE0, 0x00, 
    0x00, 0x0F, 0xE0, 0x00, 
    0x00, 0x0F, 0xE0, 0x00, 
    0x00, 0x0F, 0xE0, 0x00, 
    0x00, 0x0F, 0xE0, 0x00, 
    0x00, 0x0F, 0xE0, 0x00, 
    0x00, 0x0F, 0xE0, 0x00, 
    0x00, 0x0F, 0xE0, 0x00, 
    0x00, 0x0F, 0xE0, 0x00, 
    0x00, 0x0F, 0xE0, 0x00, 
    0x00, 0x0F, 0xE0, 0x00, 
    0x00, 0x0F, 0xE0, 0x00, 
    0x00, 0x0F, 0xE0, 0x00, 
    0x00, 0x0F, 0xE0, 0x00, 
    0x00, 0x0F, 0xE0, 0x00, 
    0x00, 0x0F, 0xE0, 0x00, 
    0x00, 0x0F, 0xE0, 0x00, 
    0x00, 0x0F, 0xE0, 0x00, 
    0x00, 0x0F, 0xE0, 0x00, 
    0x00, 0x0F, 0xE0, 0x00, 
    0x00, 0x0F, 0xE0, 0x00, 
    0x00, 0x0F, 0xE0, 0x00, 
    0x00, 0x0F, 0xE0, 0x00, 
    0x00, 0x0F, 0xE0, 0x00, 
    0x00, 0x0F, 0xE0, 0x00, 
    0x00, 0x0F, 0xE0, 0x00, 
    0x00, 0x0F, 0xE0, 0x00, 
    0x00, 0x0F, 0xE0, 0x00, 
    0x00, 0x0F, 0xE0, 0x00, 
    0x00, 0x0F, 0xE0, 0x00, 
    0x00, 0x0F, 0xE0, 0x00, 
    0x00, 0x0F, 0xE0, 0x00, 
    0x00, 0x0F, 0xE0, 0x00, 
    0x00, 0x0F, 0xE0, 0x00, 
    0x00, 0x0F, 0xE0, 0x00, 
    0x00, 0x0F, 0xE0, 0x00, 
    0x00, 0x0F, 0xE0, 0x00, 
    0x00, 0x0F, 0xE0, 0x00, 
    0x00, 0x0F, 0xE0, 0x00, 
    0x00, 0x0F, 0xE0, 0x00, 
    0x00, 0x0F, 0xE0, 0x00, 
    0x00, 0x0F, 0xE0, 0x00, 
    0x00, 0x0F, 0xE0, 0x00, 
    0x7E, 0x0F, 0xE0, 0xFE, 
    0x3F, 0x0F, 0xE1, 0xFC, 
    0x1F, 0x8F, 0xE3, 0xF8, 
    0x0F, 0xCF, 0xE7, 0xF0, 
    0x07, 0xEF, 0xEF, 0xE0, 
    0x03, 0xFF, 0xFF, 0xC0, 
    0x01, 0xFF, 0xFF, 0x80, 
    0x00, 0xFF, 0xFF, 0x00, 
    0x00, 0x7F, 0xFC, 0x00, 
    0x00, 0x3F, 0xF8, 0x00, 
    0x00, 0x1F, 0xF0, 0x00, 
    0x00, 0x0F, 0xE0, 0x00, 
    0x00, 0x07, 0xC0, 0x00, 
    0x00, 0x03, 0x80, 0x00, 
    0x00, 0x01, 0x00, 0x00, 
    EFI_HII_GIBT_SKIP2,                    // Skip 407 Unicode characters.
    0x97,
    0x01,
    EFI_HII_GIBT_GLYPH,
    0x4F,          // Cell width in pixels.
    0x00,
    0x32,          // Cell height in pixels.
    0x00,
    0x05,          // Horizontal offset from cell boundary to start of glyph.
    0x00,
    0x01,          // Vertical offset from cell boundary to start of glyph.
    0x00,
    0x5C,          // Number of pixels to the right to advance to next glyph.
    0x00,
    0x00, 0x00, 0x00, 0xFF, 0xFF, 0xFF, 0xFF, 0xFF, 0xFF, 0xFE,          // Character: '⌫' (0x232B)
    0x00, 0x00, 0x01, 0xFF, 0xFF, 0xFF, 0xFF, 0xFF, 0xFF, 0xFE, 
    0x00, 0x00, 0x03, 0xFF, 0xFF, 0xFF, 0xFF, 0xFF, 0xFF, 0xFE, 
    0x00, 0x00, 0x07, 0xFF, 0xFF, 0xFF, 0xFF, 0xFF, 0xFF, 0xFE, 
    0x00, 0x00, 0x0F, 0xDF, 0xC0, 0x00, 0x00, 0x00, 0x0F, 0xFE, 
    0x00, 0x00, 0x1F, 0x8F, 0xE0, 0x00, 0x00, 0x00, 0x1F, 0xBE, 
    0x00, 0x00, 0x3F, 0x07, 0xF0, 0x00, 0x00, 0x00, 0x3F, 0x3E, 
    0x00, 0x00, 0x7E, 0x03, 0xF8, 0x00, 0x00, 0x00, 0x7E, 0x3E, 
    0x00, 0x00, 0xFC, 0x01, 0xFC, 0x00, 0x00, 0x00, 0xFC, 0x3E, 
    0x00, 0x01, 0xF8, 0x00, 0xFE, 0x00, 0x00, 0x01, 0xF8, 0x3E, 
    0x00, 0x03, 0xF0, 0x00, 0x7F, 0x00, 0x00, 0x03, 0xF0, 0x3E, 
    0x00, 0x07, 0xE0, 0x00, 0x3F, 0x80, 0x00, 0x07, 0xE0, 0x3E, 
    0x00, 0x0F, 0xC0, 0x00, 0x1F, 0xC0, 0x00, 0x0F, 0xC0, 0x3E, 
    0x00, 0x1F, 0x80, 0x00, 0x0F, 0xE0, 0x00, 0x1F, 0x80, 0x3E, 
    0x00, 0x3F, 0x00, 0x00, 0x07, 0xF0, 0x00, 0x3F, 0x00, 0x3E, 
    0x00, 0x7F, 0x00, 0x00, 0x03, 0xF8, 0x00, 0x7E, 0x00, 0x3E, 
    0x00, 0xFE, 0x00, 0x00, 0x01, 0xFC, 0x00, 0xFC, 0x00, 0x3E, 
    0x01, 0xFC, 0x00, 0x00, 0x00, 0xFE, 0x01, 0xF8, 0x00, 0x3E, 
    0x03, 0xF8, 0x00, 0x00, 0x00, 0x7F, 0x03, 0xF0, 0x00, 0x3E, 
    0x07, 0xF0, 0x00, 0x00, 0x00, 0x3F, 0x87, 0xE0, 0x00, 0x3E, 
    0x0F, 0xE0, 0x00, 0x00, 0x00, 0x1F, 0xCF, 0xC0, 0x00, 0x3E, 
    0x1F, 0xC0, 0x00, 0x00, 0x00, 0x0F, 0xFF, 0x80, 0x00, 0x3E, 
    0x3F, 0x80, 0x00, 0x00, 0x00, 0x07, 0xFF, 0x00, 0x00, 0x3E, 
    0x7F, 0x00, 0x00, 0x00, 0x00, 0x03, 0xFE, 0x00, 0x00, 0x3E, 
    0xFE, 0x00, 0x00, 0x00, 0x00, 0x01, 0xFC, 0x00, 0x00, 0x3E, 
    0xFE, 0x00, 0x00, 0x00, 0x00, 0x01, 
    0xFE, 0x00, 0x00, 0x3E, 0x7F, 0x00, 0x00, 0x00, 0x00, 0x03, 
    0xFF, 0x00, 0x00, 0x3E, 0x3F, 0x80, 0x00, 0x00, 0x00, 0x07, 
    0xFF, 0x80, 0x00, 0x3E, 0x1F, 0xC0, 0x00, 0x00, 0x00, 0x0F, 
    0xDF, 0xC0, 0x00, 0x3E, 0x0F, 0xE0, 0x00, 0x00, 0x00, 0x1F, 
    0x8F, 0xE0, 0x00, 0x3E, 0x07, 0xF0, 0x00, 0x00, 0x00, 0x3F, 
    0x07, 0xF0, 0x00, 0x3E, 0x03, 0xF8, 0x00, 0x00, 0x00, 0x7E, 
    0x03, 0xF8, 0x00, 0x3E, 0x01, 0xFC, 0x00, 0x00, 0x00, 0xFC, 
    0x01, 0xFC, 0x00, 0x3E, 0x00, 0xFE, 0x00, 0x00, 0x01, 0xF8, 
    0x00, 0xFE, 0x00, 0x3E, 0x00, 0x7F, 0x00, 0x00, 0x03, 0xF0, 
    0x00, 0x7F, 0x00, 0x3E, 0x00, 0x3F, 0x80, 0x00, 0x07, 0xE0, 
    0x00, 0x3F, 0x80, 0x3E, 0x00, 0x1F, 0xC0, 0x00, 0x0F, 0xC0, 
    0x00, 0x1F, 0xC0, 0x3E, 0x00, 0x0F, 0xE0, 0x00, 0x1F, 0x80, 
    0x00, 0x0F, 0xE0, 0x3E, 0x00, 0x07, 0xF0, 0x00, 0x3F, 0x00, 
    0x00, 0x07, 0xF0, 0x3E, 0x00, 0x03, 0xF8, 0x00, 0x7E, 0x00, 
    0x00, 0x03, 0xF8, 0x3E, 0x00, 0x01, 0xFC, 0x00, 0xFC, 0x00, 
    0x00, 0x01, 0xFC, 0x3E, 0x00, 0x00, 0xFE, 0x01, 0xF8, 0x00, 
    0x00, 0x00, 0xFE, 0x3E, 0x00, 0x00, 0x7F, 0x03, 0xF0, 0x00, 
    0x00, 0x00, 0x7F, 0x3E, 0x00, 0x00, 0x3F, 0x87, 0xE0, 0x00, 
    0x00, 0x00, 0x3F, 0xBE, 0x00, 0x00, 0x1F, 0xCF, 0xC0, 0x00, 
    0x00, 0x00, 0x1F, 0xFE, 0x00, 0x00, 0x0F, 0xFF, 0xFF, 0xFF, 
    0xFF, 0xFF, 0xFF, 0xFE, 0x00, 0x00, 0x07, 0xFF, 0xFF, 0xFF, 
    0xFF, 0xFF, 0xFF, 0xFE, 0x00, 0x00, 0x03, 0xFF, 0xFF, 0xFF, 
    0xFF, 0xFF, 0xFF, 0xFE, 0x00, 0x00, 0x01, 0xFF, 0xFF, 0xFF, 
    0xFF, 0xFF, 0xFF, 0xFE, 0x00, 0x00, 0x00, 0xFF, 0xFF, 0xFF, 
    0xFF, 0xFF, 0xFF, 0xFE,     EFI_HII_GIBT_SKIP2,                    // Skip 162 Unicode characters.
    0xA2,
    0x00,
    EFI_HII_GIBT_GLYPH,
    0x50,          // Cell width in pixels.
    0x00,
    0x53,          // Cell height in pixels.
    0x00,
    0x03,          // Horizontal offset from cell boundary to start of glyph.
    0x00,
    0xFA,          // Vertical offset from cell boundary to start of glyph.
    0xFF,
    0x60,          // Number of pixels to the right to advance to next glyph.
    0x00,
    0x00, 0x00, 0x00, 0x00, 0x00, 0x00, 0x3F, 0xFF, 0xFF, 0xFF,          // Character: '⏎' (0x23CE)
    0x00, 0x00, 0x00, 0x00, 0x00, 0x00, 0x3F, 0xFF, 0xFF, 0xFF, 
    0x00, 0x00, 0x00, 0x00, 0x00, 0x00, 0x3F, 0xFF, 0xFF, 0xFF, 
    0x00, 0x00, 0x00, 0x00, 0x00, 0x00, 0x3F, 0xFF, 0xFF, 0xFF, 
    0x00, 0x00, 0x00, 0x00, 0x00, 0x00, 0x3F, 0xFF, 0xFF, 0xFF, 
    0x00, 0x00, 0x00, 0x00, 0x00, 0x00, 0x3F, 0x00, 0x00, 0x3F, 
    0x00, 0x00, 0x00, 0x00, 0x00, 0x00, 0x3F, 0x00, 0x00, 0x3F, 
    0x00, 0x00, 0x00, 0x00, 0x00, 0x00, 0x3F, 0x00, 0x00, 0x3F, 
    0x00, 0x00, 0x00, 0x00, 0x00, 0x00, 0x3F, 0x00, 0x00, 0x3F, 
    0x00, 0x00, 0x00, 0x00, 0x00, 0x00, 0x3F, 0x00, 0x00, 0x3F, 
    0x00, 0x00, 0x00, 0x00, 0x00, 0x00, 0x3F, 0x00, 0x00, 0x3F, 
    0x00, 0x00, 0x00, 0x00, 0x00, 0x00, 0x3F, 0x00, 0x00, 0x3F, 
    0x00, 0x00, 0x00, 0x00, 0x00, 0x00, 0x3F, 0x00, 0x00, 0x3F, 
    0x00, 0x00, 0x00, 0x00, 0x00, 0x00, 0x3F, 0x00, 0x00, 0x3F, 
    0x00, 0x00, 0x00, 0x00, 0x00, 0x00, 0x3F, 0x00, 0x00, 0x3F, 
    0x00, 0x00, 0x00, 0x00, 0x00, 0x00, 0x3F, 0x00, 0x00, 0x3F, 
    0x00, 0x00, 0x00, 0x00, 0x00, 0x00, 0x3F, 0x00, 0x00, 0x3F, 
    0x00, 0x00, 0x00, 0x00, 0x00, 0x00, 0x3F, 0x00, 0x00, 0x3F, 
    0x00, 0x00, 0x00, 0x00, 0x00, 0x00, 0x3F, 0x00, 0x00, 0x3F, 
    0x00, 0x00, 0x00, 0x00, 0x00, 0x00, 0x3F, 0x00, 0x00, 0x3F, 
    0x00, 0x00, 0x00, 0x00, 0x80, 0x00, 0x3F, 0x00, 0x00, 0x3F, 
    0x00, 0x00, 0x00, 0x01, 0x80, 0x00, 0x3F, 0x00, 0x00, 0x3F, 
    0x00, 0x00, 0x00, 0x03, 0x80, 0x00, 0x3F, 0x00, 0x00, 0x3F, 
    0x00, 0x00, 0x00, 0x07, 0x80, 0x00, 0x3F, 0x00, 0x00, 0x3F, 
    0x00, 0x00, 0x00, 0x0F, 0x80, 0x00, 0x3F, 0x00, 0x00, 0x3F, 
    0x00, 0x00, 0x00, 0x1F, 0x80, 0x00, 
    0x3F, 0x00, 0x00, 0x3F, 0x00, 0x00, 0x00, 0x3F, 0x80, 0x00, 
    0x3F, 0x00, 0x00, 0x3F, 0x00, 0x00, 0x00, 0x7F, 0x80, 0x00, 
    0x3F, 0x00, 0x00, 0x3F, 0x00, 0x00, 0x00, 0xFF, 0x80, 0x00, 
    0x3F, 0x00, 0x00, 0x3F, 0x00, 0x00, 0x01, 0xFF, 0x80, 0x00, 
    0x3F, 0x00, 0x00, 0x3F, 0x00, 0x00, 0x07, 0xFF, 0x80, 0x00, 
    0x3F, 0x00, 0x00, 0x3F, 0x00, 0x00, 0x0F, 0xFF, 0x80, 0x00, 
    0x3F, 0x00, 0x00, 0x3F, 0x00, 0x00, 0x1F, 0xCF, 0x80, 0x00, 
    0x3F, 0x00, 0x00, 0x3F, 0x00, 0x00, 0x3F, 0x8F, 0x80, 0x00, 
    0x3F, 0x00, 0x00, 0x3F, 0x00, 0x00, 0x7F, 0x0F, 0x80, 0x00, 
    0x3F, 0x00, 0x00, 0x3F, 0x00, 0x00, 0xFE, 0x0F, 0x80, 0x00, 
    0x7E, 0x00, 0x00, 0x3F, 0x00, 0x01, 0xFC, 0x0F, 0x80, 0x00, 
    0xFE, 0x00, 0x00, 0x3F, 0x00, 0x03, 0xF8, 0x0F, 0xFF, 0xFF, 
    0xFC, 0x00, 0x00, 0x3F, 0x00, 0x07, 0xF0, 0x0F, 0xFF, 0xFF, 
    0xFC, 0x00, 0x00, 0x3F, 0x00, 0x0F, 0xE0, 0x0F, 0xFF, 0xFF, 
    0xF8, 0x00, 0x00, 0x3F, 0x00, 0x1F, 0xC0, 0x0F, 0xFF, 0xFF, 
    0xE0, 0x00, 0x00, 0x3F, 0x00, 0x3F, 0x80, 0x0F, 0xFF, 0xFF, 
    0x80, 0x00, 0x00, 0x3F, 0x00, 0x7F, 0x00, 0x00, 0x00, 0x00, 
    0x00, 0x00, 0x00, 0x3F, 0x00, 0xFE, 0x00, 0x00, 0x00, 0x00, 
    0x00, 0x00, 0x00, 0x3F, 0x03, 0xFC, 0x00, 0x00, 0x00, 0x00, 
    0x00, 0x00, 0x00, 0x3F, 0x07, 0xF8, 0x00, 0x00, 0x00, 0x00, 
    0x00, 0x00, 0x00, 0x3F, 0x0F, 0xE0, 0x00, 0x00, 0x00, 0x00, 
    0x00, 0x00, 0x00, 0x3F, 0x1F, 0xC0, 0x00, 0x00, 0x00, 0x00, 
    0x00, 0x00, 0x00, 0x3F, 0x3F, 0x80, 0x00, 0x00, 0x00, 0x00, 
    0x00, 0x00, 0x00, 0x3F, 0x7F, 0x00, 0x00, 0x00, 0x00, 0x00, 
    0x00, 0x00, 0x00, 0x3F, 0xFE, 0x00, 0x00, 0x00, 0x00, 0x00, 
    0x00, 0x00, 0x00, 0x3F, 0xFE, 0x00, 
    0x00, 0x00, 0x00, 0x00, 0x00, 0x00, 0x00, 0x3F, 0x7F, 0x00, 
    0x00, 0x00, 0x00, 0x00, 0x00, 0x00, 0x00, 0x3F, 0x3F, 0x80, 
    0x00, 0x00, 0x00, 0x00, 0x00, 0x00, 0x00, 0x3F, 0x1F, 0xC0, 
    0x00, 0x00, 0x00, 0x00, 0x00, 0x00, 0x00, 0x3F, 0x0F, 0xE0, 
    0x00, 0x00, 0x00, 0x00, 0x00, 0x00, 0x00, 0x7F, 0x07, 0xF0, 
    0x00, 0x00, 0x00, 0x00, 0x00, 0x00, 0x00, 0x7E, 0x03, 0xF8, 
    0x00, 0x00, 0x00, 0x00, 0x00, 0x00, 0x00, 0xFE, 0x01, 0xFE, 
    0x00, 0x00, 0x00, 0x00, 0x00, 0x00, 0x01, 0xFE, 0x00, 0xFF, 
    0x00, 0x00, 0x00, 0x00, 0x00, 0x00, 0x03, 0xFC, 0x00, 0x3F, 
    0x80, 0x00, 0x00, 0x00, 0x00, 0x00, 0x1F, 0xF8, 0x00, 0x1F, 
    0xC0, 0x0F, 0xFF, 0xFF, 0xFF, 0xFF, 0xFF, 0xF0, 0x00, 0x0F, 
    0xE0, 0x0F, 0xFF, 0xFF, 0xFF, 0xFF, 0xFF, 0xE0, 0x00, 0x07, 
    0xF0, 0x0F, 0xFF, 0xFF, 0xFF, 0xFF, 0xFF, 0xC0, 0x00, 0x03, 
    0xF8, 0x0F, 0xFF, 0xFF, 0xFF, 0xFF, 0xFF, 0x00, 0x00, 0x01, 
    0xFC, 0x0F, 0xFF, 0xFF, 0xFF, 0xFF, 0xFC, 0x00, 0x00, 0x00, 
    0xFE, 0x0F, 0x80, 0x00, 0x00, 0x00, 0x00, 0x00, 0x00, 0x00, 
    0x7F, 0x0F, 0x80, 0x00, 0x00, 0x00, 0x00, 0x00, 0x00, 0x00, 
    0x3F, 0x8F, 0x80, 0x00, 0x00, 0x00, 0x00, 0x00, 0x00, 0x00, 
    0x1F, 0xCF, 0x80, 0x00, 0x00, 0x00, 0x00, 0x00, 0x00, 0x00, 
    0x0F, 0xEF, 0x80, 0x00, 0x00, 0x00, 0x00, 0x00, 0x00, 0x00, 
    0x07, 0xFF, 0x80, 0x00, 0x00, 0x00, 0x00, 0x00, 0x00, 0x00, 
    0x03, 0xFF, 0x80, 0x00, 0x00, 0x00, 0x00, 0x00, 0x00, 0x00, 
    0x01, 0xFF, 0x80, 0x00, 0x00, 0x00, 0x00, 0x00, 0x00, 0x00, 
    0x00, 0x7F, 0x80, 0x00, 0x00, 0x00, 0x00, 0x00, 0x00, 0x00, 
    0x00, 0x3F, 0x80, 0x00, 0x00, 0x00, 0x00, 0x00, 0x00, 0x00, 
    0x00, 0x1F, 0x80, 0x00, 0x00, 0x00, 
    0x00, 0x00, 0x00, 0x00, 0x00, 0x0F, 0x80, 0x00, 0x00, 0x00, 
    0x00, 0x00, 0x00, 0x00, 0x00, 0x07, 0x80, 0x00, 0x00, 0x00, 
    0x00, 0x00, 0x00, 0x00, 0x00, 0x03, 0x80, 0x00, 0x00, 0x00, 
    0x00, 0x00, 0x00, 0x00, 0x00, 0x01, 0x80, 0x00, 0x00, 0x00, 
    0x00, 0x00, 0x00, 0x00, 0x00, 0x00, 0x80, 0x00, 0x00, 0x00, 
    0x00, 0x00, 0x00, 0x00, 0x00, 0x00, 0x00, 0x00, 0x00, 0x00, 
    0x00, 0x00,     EFI_HII_GIBT_SKIP2,                    // Skip 468 Unicode characters.
    0xD4,
    0x01,
    EFI_HII_GIBT_GLYPH,
    0x26,          // Cell width in pixels.
    0x00,
    0x26,          // Cell height in pixels.
    0x00,
    0x05,          // Horizontal offset from cell boundary to start of glyph.
    0x00,
    0x10,          // Vertical offset from cell boundary to start of glyph.
    0x00,
    0x30,          // Number of pixels to the right to advance to next glyph.
    0x00,
    0xFF, 0xFF, 0xFF, 0xFF, 0xFC,          // Character: '▣' (0x25A3)
    0xFF, 0xFF, 0xFF, 0xFF, 0xFC, 
    0xFF, 0xFF, 0xFF, 0xFF, 0xFC, 
    0xE0, 0x00, 0x00, 0x00, 0x1C, 
    0xE0, 0x00, 0x00, 0x00, 0x1C, 
    0xE0, 0x00, 0x00, 0x00, 0x1C, 
    0xE0, 0x00, 0x00, 0x00, 0x1C, 
    0xE0, 0x00, 0x00, 0x00, 0x1C, 
    0xE0, 0x00, 0x00, 0x00, 0x1C, 
    0xE0, 0x00, 0x00, 0x00, 0x1C, 
    0xE0, 0x3F, 0xFF, 0xF0, 0x1C, 
    0xE0, 0x3F, 0xFF, 0xF0, 0x1C, 
    0xE0, 0x3F, 0xFF, 0xF0, 0x1C, 
    0xE0, 0x3F, 0xFF, 0xF0, 0x1C, 
    0xE0, 0x3F, 0xFF, 0xF0, 0x1C, 
    0xE0, 0x3F, 0xFF, 0xF0, 0x1C, 
    0xE0, 0x3F, 0xFF, 0xF0, 0x1C, 
    0xE0, 0x3F, 0xFF, 0xF0, 0x1C, 
    0xE0, 0x3F, 0xFF, 0xF0, 0x1C, 
    0xE0, 0x3F, 0xFF, 0xF0, 0x1C, 
    0xE0, 0x3F, 0xFF, 0xF0, 0x1C, 
    0xE0, 0x3F, 0xFF, 0xF0, 0x1C, 
    0xE0, 0x3F, 0xFF, 0xF0, 0x1C, 
    0xE0, 0x3F, 0xFF, 0xF0, 0x1C, 
    0xE0, 0x3F, 0xFF, 0xF0, 0x1C, 
    0xE0, 0x3F, 0xFF, 0xF0, 0x1C, 
    0xE0, 0x3F, 0xFF, 0xF0, 0x1C, 
    0xE0, 0x00, 0x00, 0x00, 0x1C, 
    0xE0, 0x00, 0x00, 0x00, 0x1C, 
    0xE0, 0x00, 0x00, 0x00, 0x1C, 
    0xE0, 0x00, 0x00, 0x00, 0x1C, 
    0xE0, 0x00, 0x00, 0x00, 0x1C, 
    0xE0, 0x00, 0x00, 0x00, 0x1C, 
    0xE0, 0x00, 0x00, 0x00, 0x1C, 
    0xE0, 0x00, 0x00, 0x00, 0x1C, 
    0xFF, 0xFF, 0xFF, 0xFF, 0xFC, 
    0xFF, 0xFF, 0xFF, 0xFF, 0xFC, 
    0xFF, 0xFF, 0xFF, 0xFF, 0xFC, 
    EFI_HII_GIBT_SKIP2,                    // Skip 369 Unicode characters.
    0x71,
    0x01,
    EFI_HII_GIBT_GLYPH,
    0x44,          // Cell width in pixels.
    0x00,
    0x43,          // Cell height in pixels.
    0x00,
    0x0E,          // Horizontal offset from cell boundary to start of glyph.
    0x00,
    0x02,          // Vertical offset from cell boundary to start of glyph.
    0x00,
    0x60,          // Number of pixels to the right to advance to next glyph.
    0x00,
    0x02, 0x00, 0x00, 0x00, 0x00, 0x00, 0x00, 0x04, 0x00,          // Character: '✕' (0x2715)
    0x07, 0x00, 0x00, 0x00, 0x00, 0x00, 0x00, 0x0E, 0x00, 
    0x0F, 0x80, 0x00, 0x00, 0x00, 0x00, 0x00, 0x1F, 0x00, 
    0x1F, 0xC0, 0x00, 0x00, 0x00, 0x00, 0x00, 0x3F, 0x80, 
    0x3F, 0xE0, 0x00, 0x00, 0x00, 0x00, 0x00, 0x7F, 0xC0, 
    0x7F, 0xF0, 0x00, 0x00, 0x00, 0x00, 0x00, 0xFF, 0xE0, 
    0x7F, 0xF8, 0x00, 0x00, 0x00, 0x00, 0x01, 0xFF, 0xE0, 
    0x3F, 0xFC, 0x00, 0x00, 0x00, 0x00, 0x03, 0xFF, 0xC0, 
    0x1F, 0xFE, 0x00, 0x00, 0x00, 0x00, 0x07, 0xFF, 0x80, 
    0x0F, 0xFF, 0x00, 0x00, 0x00, 0x00, 0x0F, 0xFF, 0x00, 
    0x07, 0xFF, 0x80, 0x00, 0x00, 0x00, 0x1F, 0xFE, 0x00, 
    0x03, 0xFF, 0xC0, 0x00, 0x00, 0x00, 0x3F, 0xFC, 0x00, 
    0x01, 0xFF, 0xE0, 0x00, 0x00, 0x00, 0x7F, 0xF8, 0x00, 
    0x00, 0xFF, 0xF0, 0x00, 0x00, 0x00, 0xFF, 0xF0, 0x00, 
    0x00, 0x7F, 0xF8, 0x00, 0x00, 0x01, 0xFF, 0xE0, 0x00, 
    0x00, 0x3F, 0xFC, 0x00, 0x00, 0x03, 0xFF, 0xC0, 0x00, 
    0x00, 0x1F, 0xFE, 0x00, 0x00, 0x07, 0xFF, 0x80, 0x00, 
    0x00, 0x0F, 0xFF, 0x00, 0x00, 0x0F, 0xFF, 0x00, 0x00, 
    0x00, 0x07, 0xFF, 0x80, 0x00, 0x1F, 0xFE, 0x00, 0x00, 
    0x00, 0x03, 0xFF, 0xC0, 0x00, 0x3F, 0xFC, 0x00, 0x00, 
    0x00, 0x01, 0xFF, 0xE0, 0x00, 0x7F, 0xF8, 0x00, 0x00, 
    0x00, 0x00, 0xFF, 0xF0, 0x00, 0xFF, 0xF0, 0x00, 0x00, 
    0x00, 0x00, 0x7F, 0xF8, 0x01, 0xFF, 0xE0, 0x00, 0x00, 
    0x00, 0x00, 0x3F, 0xFC, 0x03, 0xFF, 0xC0, 0x00, 0x00, 
    0x00, 0x00, 0x1F, 0xFE, 0x07, 0xFF, 0x80, 0x00, 0x00, 
    0x00, 0x00, 0x0F, 0xFF, 0x0F, 0xFF, 0x00, 0x00, 0x00, 
    0x00, 0x00, 0x07, 0xFF, 0x9F, 0xFE, 0x00, 0x00, 0x00, 
    0x00, 0x00, 0x03, 0xFF, 0xFF, 0xFC, 0x00, 0x00, 0x00, 
    0x00, 0x00, 0x01, 0xFF, 
    0xFF, 0xF8, 0x00, 0x00, 0x00, 0x00, 0x00, 0x00, 0xFF, 
    0xFF, 0xF0, 0x00, 0x00, 0x00, 0x00, 0x00, 0x00, 0x7F, 
    0xFF, 0xE0, 0x00, 0x00, 0x00, 0x00, 0x00, 0x00, 0x3F, 
    0xFF, 0xC0, 0x00, 0x00, 0x00, 0x00, 0x00, 0x00, 0x1F, 
    0xFF, 0x80, 0x00, 0x00, 0x00, 0x00, 0x00, 0x00, 0x0F, 
    0xFF, 0x00, 0x00, 0x00, 0x00, 0x00, 0x00, 0x00, 0x1F, 
    0xFF, 0x80, 0x00, 0x00, 0x00, 0x00, 0x00, 0x00, 0x3F, 
    0xFF, 0xC0, 0x00, 0x00, 0x00, 0x00, 0x00, 0x00, 0x7F, 
    0xFF, 0xE0, 0x00, 0x00, 0x00, 0x00, 0x00, 0x00, 0xFF, 
    0xFF, 0xF0, 0x00, 0x00, 0x00, 0x00, 0x00, 0x01, 0xFF, 
    0xFF, 0xF8, 0x00, 0x00, 0x00, 0x00, 0x00, 0x03, 0xFF, 
    0xFF, 0xFC, 0x00, 0x00, 0x00, 0x00, 0x00, 0x07, 0xFF, 
    0x9F, 0xFE, 0x00, 0x00, 0x00, 0x00, 0x00, 0x0F, 0xFF, 
    0x0F, 0xFF, 0x00, 0x00, 0x00, 0x00, 0x00, 0x1F, 0xFE, 
    0x07, 0xFF, 0x80, 0x00, 0x00, 0x00, 0x00, 0x3F, 0xFC, 
    0x03, 0xFF, 0xC0, 0x00, 0x00, 0x00, 0x00, 0x7F, 0xF8, 
    0x01, 0xFF, 0xE0, 0x00, 0x00, 0x00, 0x00, 0xFF, 0xF0, 
    0x00, 0xFF, 0xF0, 0x00, 0x00, 0x00, 0x01, 0xFF, 0xE0, 
    0x00, 0x7F, 0xF8, 0x00, 0x00, 0x00, 0x03, 0xFF, 0xC0, 
    0x00, 0x3F, 0xFC, 0x00, 0x00, 0x00, 0x07, 0xFF, 0x80, 
    0x00, 0x1F, 0xFE, 0x00, 0x00, 0x00, 0x0F, 0xFF, 0x00, 
    0x00, 0x0F, 0xFF, 0x00, 0x00, 0x00, 0x1F, 0xFE, 0x00, 
    0x00, 0x07, 0xFF, 0x80, 0x00, 0x00, 0x3F, 0xFC, 0x00, 
    0x00, 0x03, 0xFF, 0xC0, 0x00, 0x00, 0x7F, 0xF8, 0x00, 
    0x00, 0x01, 0xFF, 0xE0, 0x00, 0x00, 0xFF, 0xF0, 0x00, 
    0x00, 0x00, 0xFF, 0xF0, 0x00, 0x01, 0xFF, 0xE0, 0x00, 
    0x00, 0x00, 0x7F, 0xF8, 0x00, 0x03, 0xFF, 0xC0, 0x00, 
    0x00, 0x00, 0x3F, 0xFC, 0x00, 0x07, 0xFF, 0x80, 0x00, 
    0x00, 0x00, 0x1F, 0xFE, 
    0x00, 0x0F, 0xFF, 0x00, 0x00, 0x00, 0x00, 0x0F, 0xFF, 
    0x00, 0x1F, 0xFE, 0x00, 0x00, 0x00, 0x00, 0x07, 0xFF, 
    0x80, 0x3F, 0xFC, 0x00, 0x00, 0x00, 0x00, 0x03, 0xFF, 
    0xC0, 0x7F, 0xF8, 0x00, 0x00, 0x00, 0x00, 0x01, 0xFF, 
    0xE0, 0xFF, 0xF0, 0x00, 0x00, 0x00, 0x00, 0x00, 0xFF, 
    0xF0, 0x7F, 0xE0, 0x00, 0x00, 0x00, 0x00, 0x00, 0x7F, 
    0xE0, 0x3F, 0xC0, 0x00, 0x00, 0x00, 0x00, 0x00, 0x3F, 
    0xC0, 0x1F, 0x80, 0x00, 0x00, 0x00, 0x00, 0x00, 0x1F, 
    0x80, 0x0F, 0x00, 0x00, 0x00, 0x00, 0x00, 0x00, 0x0F, 
    0x00, 0x06, 0x00, 0x00, 0x00, 0x00, 0x00, 0x00, 0x06, 
    0x00,     EFI_HII_GIBT_SKIP2,                    // Skip 1021 Unicode characters.
    0xFD,
    0x03,
    EFI_HII_GIBT_GLYPH,
    0x32,          // Cell width in pixels.
    0x00,
    0x32,          // Cell height in pixels.
    0x00,
    0x06,          // Horizontal offset from cell boundary to start of glyph.
    0x00,
    0x01,          // Vertical offset from cell boundary to start of glyph.
    0x00,
    0x3E,          // Number of pixels to the right to advance to next glyph.
    0x00,
    0xFF, 0xFF, 0xFF, 0xFF, 0xFF, 0xFF, 0xC0,          // Character: '⬓' (0x2B13)
    0xFF, 0xFF, 0xFF, 0xFF, 0xFF, 0xFF, 0xC0, 
    0xFF, 0xFF, 0xFF, 0xFF, 0xFF, 0xFF, 0xC0, 
    0xFF, 0xFF, 0xFF, 0xFF, 0xFF, 0xFF, 0xC0, 
    0xF0, 0x00, 0x00, 0x00, 0x00, 0x03, 0xC0, 
    0xF0, 0x00, 0x00, 0x00, 0x00, 0x03, 0xC0, 
    0xF0, 0x00, 0x00, 0x00, 0x00, 0x03, 0xC0, 
    0xF0, 0x00, 0x00, 0x00, 0x00, 0x03, 0xC0, 
    0xF0, 0x00, 0x00, 0x00, 0x00, 0x03, 0xC0, 
    0xF0, 0x00, 0x00, 0x00, 0x00, 0x03, 0xC0, 
    0xF0, 0x00, 0x00, 0x00, 0x00, 0x03, 0xC0, 
    0xF0, 0x00, 0x00, 0x00, 0x00, 0x03, 0xC0, 
    0xF0, 0x00, 0x00, 0x00, 0x00, 0x03, 0xC0, 
    0xF0, 0x00, 0x00, 0x00, 0x00, 0x03, 0xC0, 
    0xF0, 0x00, 0x00, 0x00, 0x00, 0x03, 0xC0, 
    0xF0, 0x00, 0x00, 0x00, 0x00, 0x03, 0xC0, 
    0xF0, 0x00, 0x00, 0x00, 0x00, 0x03, 0xC0, 
    0xF0, 0x00, 0x00, 0x00, 0x00, 0x03, 0xC0, 
    0xF0, 0x00, 0x00, 0x00, 0x00, 0x03, 0xC0, 
    0xF0, 0x00, 0x00, 0x00, 0x00, 0x03, 0xC0, 
    0xF0, 0x00, 0x00, 0x00, 0x00, 0x03, 0xC0, 
    0xF0, 0x00, 0x00, 0x00, 0x00, 0x03, 0xC0, 
    0xF0, 0x00, 0x00, 0x00, 0x00, 0x03, 0xC0, 
    0xF0, 0x00, 0x00, 0x00, 0x00, 0x03, 0xC0, 
    0xF0, 0x00, 0x00, 0x00, 0x00, 0x03, 0xC0, 
    0xF0, 0x00, 0x00, 0x00, 0x00, 0x03, 0xC0, 
    0xFF, 0xFF, 0xFF, 0xFF, 0xFF, 0xFF, 0xC0, 
    0xFF, 0xFF, 0xFF, 0xFF, 0xFF, 0xFF, 0xC0, 
    0xFF, 0xFF, 0xFF, 0xFF, 0xFF, 0xFF, 0xC0, 
    0xFF, 0xFF, 0xFF, 0xFF, 0xFF, 0xFF, 0xC0, 
    0xFF, 0xFF, 0xFF, 0xFF, 0xFF, 0xFF, 0xC0, 
    0xFF, 0xFF, 0xFF, 0xFF, 0xFF, 0xFF, 0xC0, 
    0xFF, 0xFF, 0xFF, 0xFF, 0xFF, 0xFF, 0xC0, 
    0xFF, 0xFF, 0xFF, 0xFF, 0xFF, 0xFF, 0xC0, 
    0xFF, 0xFF, 0xFF, 0xFF, 0xFF, 0xFF, 0xC0, 
    0xFF, 0xFF, 0xFF, 0xFF, 0xFF, 0xFF, 0xC0, 
    0xFF, 0xFF, 0xFF, 0xFF, 
    0xFF, 0xFF, 0xC0, 0xFF, 0xFF, 0xFF, 0xFF, 
    0xFF, 0xFF, 0xC0, 0xFF, 0xFF, 0xFF, 0xFF, 
    0xFF, 0xFF, 0xC0, 0xFF, 0xFF, 0xFF, 0xFF, 
    0xFF, 0xFF, 0xC0, 0xFF, 0xFF, 0xFF, 0xFF, 
    0xFF, 0xFF, 0xC0, 0xFF, 0xFF, 0xFF, 0xFF, 
    0xFF, 0xFF, 0xC0, 0xFF, 0xFF, 0xFF, 0xFF, 
    0xFF, 0xFF, 0xC0, 0xFF, 0xFF, 0xFF, 0xFF, 
    0xFF, 0xFF, 0xC0, 0xFF, 0xFF, 0xFF, 0xFF, 
    0xFF, 0xFF, 0xC0, 0xFF, 0xFF, 0xFF, 0xFF, 
    0xFF, 0xFF, 0xC0, 0xFF, 0xFF, 0xFF, 0xFF, 
    0xFF, 0xFF, 0xC0, 0xFF, 0xFF, 0xFF, 0xFF, 
    0xFF, 0xFF, 0xC0, 0xFF, 0xFF, 0xFF, 0xFF, 
    0xFF, 0xFF, 0xC0, 0xFF, 0xFF, 0xFF, 0xFF, 
    0xFF, 0xFF, 0xC0,     EFI_HII_GIBT_SKIP2,                    // Skip 46579 Unicode characters.
    0xF3,
    0xB5,
    EFI_HII_GIBT_GLYPH,
    0x30,          // Cell width in pixels.
    0x00,
    0x41,          // Cell height in pixels.
    0x00,
    0x14,          // Horizontal offset from cell boundary to start of glyph.
    0x00,
    0xFF,          // Vertical offset from cell boundary to start of glyph.
    0xFF,
    0x58,          // Number of pixels to the right to advance to next glyph.
    0x00,
    0x00, 0x00, 0x7F, 0xFE, 0x00, 0x00,          // Character: '' (0xE107)
    0x00, 0x00, 0x7F, 0xFE, 0x00, 0x00, 
    0x00, 0x00, 0x7F, 0xFE, 0x00, 0x00, 
    0x00, 0x00, 0x00, 0x00, 0x00, 0x00, 
    0x00, 0x00, 0x00, 0x00, 0x00, 0x00, 
    0x00, 0x00, 0x00, 0x00, 0x00, 0x00, 
    0xFF, 0xFF, 0xFF, 0xFF, 0xFF, 0xFF, 
    0xFF, 0xFF, 0xFF, 0xFF, 0xFF, 0xFF, 
    0xFF, 0xFF, 0xFF, 0xFF, 0xFF, 0xFF, 
    0xFF, 0xFF, 0xFF, 0xFF, 0xFF, 0xFF, 
    0xFF, 0xFF, 0xFF, 0xFF, 0xFF, 0xFF, 
    0xFF, 0xFF, 0xFF, 0xFF, 0xFF, 0xFF, 
    0xFF, 0xFF, 0xFF, 0xFF, 0xFF, 0xFF, 
    0x00, 0x00, 0x00, 0x00, 0x00, 0x00, 
    0x00, 0x00, 0x00, 0x00, 0x00, 0x00, 
    0x00, 0x00, 0x00, 0x00, 0x00, 0x00, 
    0x1F, 0xFF, 0xFF, 0xFF, 0xFF, 0xF8, 
    0x1F, 0xFF, 0xFF, 0xFF, 0xFF, 0xF8, 
    0x1F, 0xFF, 0xFF, 0xFF, 0xFF, 0xF8, 
    0x1F, 0xFF, 0xFF, 0xFF, 0xFF, 0xF8, 
    0x1F, 0xFF, 0xFF, 0xFF, 0xFF, 0xF8, 
    0x1F, 0xFF, 0xFF, 0xFF, 0xFF, 0xF8, 
    0x1F, 0xFF, 0xFF, 0xFF, 0xFF, 0xF8, 
    0x1F, 0xC0, 0x78, 0x1E, 0x03, 0xF8, 
    0x1F, 0xC0, 0x70, 0x1E, 0x03, 0xF8, 
    0x1F, 0xC0, 0x70, 0x1E, 0x03, 0xF8, 
    0x1F, 0xC0, 0x70, 0x1E, 0x03, 0xF8, 
    0x1F, 0xC0, 0x70, 0x1E, 0x03, 0xF8, 
    0x1F, 0xC0, 0x70, 0x1E, 0x03, 0xF8, 
    0x1F, 0xC0, 0x70, 0x1E, 0x03, 0xF8, 
    0x1F, 0xC0, 0x70, 0x1E, 0x03, 0xF8, 
    0x1F, 0xC0, 0x70, 0x1E, 0x03, 0xF8, 
    0x1F, 0xC0, 0x70, 0x1E, 0x03, 0xF8, 
    0x1F, 0xC0, 0x70, 0x1E, 0x03, 0xF8, 
    0x1F, 0xC0, 0x70, 0x1E, 0x03, 0xF8, 
    0x1F, 0xC0, 0x70, 0x1E, 0x03, 0xF8, 
    0x1F, 0xC0, 0x70, 0x1E, 0x03, 0xF8, 
    0x1F, 0xC0, 0x70, 0x1E, 0x03, 0xF8, 
    0x1F, 0xC0, 0x70, 0x1E, 0x03, 0xF8, 
    0x1F, 0xC0, 0x70, 0x1E, 0x03, 0xF8, 
    0x1F, 0xC0, 0x70, 0x1E, 0x03, 0xF8, 
    0x1F, 0xC0, 0x70, 0x1E, 0x03, 0xF8, 
    0x1F, 0xC0, 0x70, 0x1E, 
    0x03, 0xF8, 0x1F, 0xC0, 0x70, 0x1E, 
    0x03, 0xF8, 0x1F, 0xC0, 0x70, 0x1E, 
    0x03, 0xF8, 0x1F, 0xC0, 0x70, 0x1E, 
    0x03, 0xF8, 0x1F, 0xC0, 0x70, 0x1E, 
    0x03, 0xF8, 0x1F, 0xC0, 0x70, 0x1E, 
    0x03, 0xF8, 0x1F, 0xC0, 0x70, 0x1E, 
    0x03, 0xF8, 0x1F, 0xC0, 0x70, 0x1E, 
    0x03, 0xF8, 0x1F, 0xC0, 0x70, 0x1E, 
    0x03, 0xF8, 0x1F, 0xC0, 0x70, 0x1E, 
    0x03, 0xF8, 0x1F, 0xC0, 0x70, 0x1E, 
    0x03, 0xF8, 0x1F, 0xC0, 0x70, 0x1E, 
    0x03, 0xF8, 0x1F, 0xC0, 0x70, 0x1E, 
    0x03, 0xF8, 0x1F, 0xC0, 0x70, 0x1E, 
    0x03, 0xF8, 0x1F, 0xC0, 0x70, 0x1E, 
    0x03, 0xF8, 0x1F, 0xC0, 0x78, 0x1E, 
    0x03, 0xF8, 0x1F, 0xFF, 0xFF, 0xFF, 
    0xFF, 0xF8, 0x1F, 0xFF, 0xFF, 0xFF, 
    0xFF, 0xF8, 0x1F, 0xFF, 0xFF, 0xFF, 
    0xFF, 0xF8, 0x1F, 0xFF, 0xFF, 0xFF, 
    0xFF, 0xF8, 0x1F, 0xFF, 0xFF, 0xFF, 
    0xFF, 0xF8, 0x1F, 0xFF, 0xFF, 0xFF, 
    0xFF, 0xF8, 0x0F, 0xFF, 0xFF, 0xFF, 
    0xFF, 0xF0,     EFI_HII_GIBT_SKIP2,                    // Skip 7925 Unicode characters.
    0xF5,
    0x1E,
    EFI_HII_GIBT_GLYPH,
    0x4D,          // Cell width in pixels.
    0x00,
    0x5D,          // Cell height in pixels.
    0x00,
    0x06,          // Horizontal offset from cell boundary to start of glyph.
    0x00,
    0xEB,          // Vertical offset from cell boundary to start of glyph.
    0xFF,
    0x59,          // Number of pixels to the right to advance to next glyph.
    0x00,
    0x00, 0x00, 0x00, 0x00, 0x02, 0x00, 0x00, 0x00, 0x00, 0x00,          // Character: '�' (0xFFFD)
    0x00, 0x00, 0x00, 0x00, 0x07, 0x00, 0x00, 0x00, 0x00, 0x00, 
    0x00, 0x00, 0x00, 0x00, 0x0F, 0x80, 0x00, 0x00, 0x00, 0x00, 
    0x00, 0x00, 0x00, 0x00, 0x0F, 0x80, 0x00, 0x00, 0x00, 0x00, 
    0x00, 0x00, 0x00, 0x00, 0x1F, 0xC0, 0x00, 0x00, 0x00, 0x00, 
    0x00, 0x00, 0x00, 0x00, 0x3F, 0xE0, 0x00, 0x00, 0x00, 0x00, 
    0x00, 0x00, 0x00, 0x00, 0x7F, 0xF0, 0x00, 0x00, 0x00, 0x00, 
    0x00, 0x00, 0x00, 0x00, 0xFF, 0xF8, 0x00, 0x00, 0x00, 0x00, 
    0x00, 0x00, 0x00, 0x01, 0xFF, 0xFC, 0x00, 0x00, 0x00, 0x00, 
    0x00, 0x00, 0x00, 0x01, 0xFF, 0xFC, 0x00, 0x00, 0x00, 0x00, 
    0x00, 0x00, 0x00, 0x03, 0xFF, 0xFE, 0x00, 0x00, 0x00, 0x00, 
    0x00, 0x00, 0x00, 0x07, 0xFF, 0xFF, 0x00, 0x00, 0x00, 0x00, 
    0x00, 0x00, 0x00, 0x0F, 0xFF, 0xFF, 0x80, 0x00, 0x00, 0x00, 
    0x00, 0x00, 0x00, 0x1F, 0xFF, 0xFF, 0xC0, 0x00, 0x00, 0x00, 
    0x00, 0x00, 0x00, 0x3F, 0xFF, 0xFF, 0xE0, 0x00, 0x00, 0x00, 
    0x00, 0x00, 0x00, 0x3F, 0xFF, 0xFF, 0xE0, 0x00, 0x00, 0x00, 
    0x00, 0x00, 0x00, 0x7F, 0xFF, 0xFF, 0xF0, 0x00, 0x00, 0x00, 
    0x00, 0x00, 0x00, 0xFF, 0xFF, 0xFF, 0xF8, 0x00, 0x00, 0x00, 
    0x00, 0x00, 0x01, 0xFF, 0xFF, 0xFF, 0xFC, 0x00, 0x00, 0x00, 
    0x00, 0x00, 0x03, 0xFF, 0xFF, 0xFF, 0xFE, 0x00, 0x00, 0x00, 
    0x00, 0x00, 0x07, 0xFF, 0xFF, 0xFF, 0xFF, 0x00, 0x00, 0x00, 
    0x00, 0x00, 0x07, 0xFF, 0x80, 0x3F, 0xFF, 0x00, 0x00, 0x00, 
    0x00, 0x00, 0x0F, 0xFC, 0x00, 0x07, 0xFF, 0x80, 0x00, 0x00, 
    0x00, 0x00, 0x1F, 0xF0, 0x00, 0x01, 0xFF, 0xC0, 0x00, 0x00, 
    0x00, 0x00, 0x3F, 0xC0, 0x00, 0x00, 0x7F, 0xE0, 0x00, 0x00, 
    0x00, 0x00, 0x7F, 0xC0, 0x00, 0x00, 
    0x3F, 0xF0, 0x00, 0x00, 0x00, 0x00, 0xFF, 0xC0, 0x00, 0x00, 
    0x1F, 0xF8, 0x00, 0x00, 0x00, 0x00, 0xFF, 0xC0, 0x3E, 0x00, 
    0x1F, 0xFC, 0x00, 0x00, 0x00, 0x01, 0xFF, 0xC1, 0xFF, 0xC0, 
    0x0F, 0xFC, 0x00, 0x00, 0x00, 0x03, 0xFF, 0xC7, 0xFF, 0xE0, 
    0x0F, 0xFE, 0x00, 0x00, 0x00, 0x07, 0xFF, 0xCF, 0xFF, 0xF0, 
    0x0F, 0xFF, 0x00, 0x00, 0x00, 0x0F, 0xFF, 0xFF, 0xFF, 0xF8, 
    0x0F, 0xFF, 0x80, 0x00, 0x00, 0x1F, 0xFF, 0xFF, 0xFF, 0xF8, 
    0x0F, 0xFF, 0xC0, 0x00, 0x00, 0x1F, 0xFF, 0xFF, 0xFF, 0xF8, 
    0x0F, 0xFF, 0xE0, 0x00, 0x00, 0x3F, 0xFF, 0xFF, 0xFF, 0xF8, 
    0x0F, 0xFF, 0xE0, 0x00, 0x00, 0x7F, 0xFF, 0xFF, 0xFF, 0xF8, 
    0x0F, 0xFF, 0xF0, 0x00, 0x00, 0xFF, 0xFF, 0xFF, 0xFF, 0xF0, 
    0x0F, 0xFF, 0xF8, 0x00, 0x01, 0xFF, 0xFF, 0xFF, 0xFF, 0xF0, 
    0x1F, 0xFF, 0xFC, 0x00, 0x03, 0xFF, 0xFF, 0xFF, 0xFF, 0xE0, 
    0x1F, 0xFF, 0xFE, 0x00, 0x03, 0xFF, 0xFF, 0xFF, 0xFF, 0xE0, 
    0x3F, 0xFF, 0xFF, 0x00, 0x07, 0xFF, 0xFF, 0xFF, 0xFF, 0xC0, 
    0x3F, 0xFF, 0xFF, 0x00, 0x0F, 0xFF, 0xFF, 0xFF, 0xFF, 0x80, 
    0x7F, 0xFF, 0xFF, 0x80, 0x1F, 0xFF, 0xFF, 0xFF, 0xFF, 0x00, 
    0xFF, 0xFF, 0xFF, 0xC0, 0x3F, 0xFF, 0xFF, 0xFF, 0xFE, 0x01, 
    0xFF, 0xFF, 0xFF, 0xE0, 0x7F, 0xFF, 0xFF, 0xFF, 0xF8, 0x03, 
    0xFF, 0xFF, 0xFF, 0xF0, 0x7F, 0xFF, 0xFF, 0xFF, 0xF0, 0x07, 
    0xFF, 0xFF, 0xFF, 0xF8, 0xFF, 0xFF, 0xFF, 0xFF, 0xF0, 0x0F, 
    0xFF, 0xFF, 0xFF, 0xF8, 0x7F, 0xFF, 0xFF, 0xFF, 0xE0, 0x1F, 
    0xFF, 0xFF, 0xFF, 0xF8, 0x7F, 0xFF, 0xFF, 0xFF, 0xC0, 0x3F, 
    0xFF, 0xFF, 0xFF, 0xF0, 0x3F, 0xFF, 0xFF, 0xFF, 0x80, 0x7F, 
    0xFF, 0xFF, 0xFF, 0xE0, 0x1F, 0xFF, 0xFF, 0xFF, 0x80, 0xFF, 
    0xFF, 0xFF, 0xFF, 0xC0, 0x0F, 0xFF, 
    0xFF, 0xFF, 0x00, 0xFF, 0xFF, 0xFF, 0xFF, 0x80, 0x07, 0xFF, 
    0xFF, 0xFF, 0x01, 0xFF, 0xFF, 0xFF, 0xFF, 0x00, 0x03, 0xFF, 
    0xFF, 0xFF, 0x01, 0xFF, 0xFF, 0xFF, 0xFF, 0x00, 0x03, 0xFF, 
    0xFF, 0xFF, 0x01, 0xFF, 0xFF, 0xFF, 0xFE, 0x00, 0x01, 0xFF, 
    0xFF, 0xFF, 0x01, 0xFF, 0xFF, 0xFF, 0xFC, 0x00, 0x00, 0xFF, 
    0xFF, 0xFF, 0x01, 0xFF, 0xFF, 0xFF, 0xF8, 0x00, 0x00, 0x7F, 
    0xFF, 0xFF, 0x01, 0xFF, 0xFF, 0xFF, 0xF0, 0x00, 0x00, 0x3F, 
    0xFF, 0xFF, 0x00, 0xFF, 0xFF, 0xFF, 0xE0, 0x00, 0x00, 0x1F, 
    0xFF, 0xFF, 0x80, 0xFF, 0xFF, 0xFF, 0xE0, 0x00, 0x00, 0x1F, 
    0xFF, 0xFF, 0xFF, 0xFF, 0xFF, 0xFF, 0xC0, 0x00, 0x00, 0x0F, 
    0xFF, 0xFF, 0xFF, 0xFF, 0xFF, 0xFF, 0x80, 0x00, 0x00, 0x07, 
    0xFF, 0xFF, 0xFF, 0xFF, 0xFF, 0xFF, 0x00, 0x00, 0x00, 0x03, 
    0xFF, 0xFF, 0xFF, 0xFF, 0xFF, 0xFE, 0x00, 0x00, 0x00, 0x01, 
    0xFF, 0xFF, 0xFF, 0xFF, 0xFF, 0xFC, 0x00, 0x00, 0x00, 0x00, 
    0xFF, 0xFF, 0xFF, 0xFF, 0xFF, 0xFC, 0x00, 0x00, 0x00, 0x00, 
    0xFF, 0xFF, 0xFF, 0xFF, 0xFF, 0xF8, 0x00, 0x00, 0x00, 0x00, 
    0x7F, 0xFF, 0xE1, 0xFF, 0xFF, 0xF0, 0x00, 0x00, 0x00, 0x00, 
    0x3F, 0xFF, 0x80, 0xFF, 0xFF, 0xE0, 0x00, 0x00, 0x00, 0x00, 
    0x1F, 0xFF, 0x80, 0x7F, 0xFF, 0xC0, 0x00, 0x00, 0x00, 0x00, 
    0x0F, 0xFF, 0x00, 0x7F, 0xFF, 0x80, 0x00, 0x00, 0x00, 0x00, 
    0x07, 0xFF, 0x00, 0x3F, 0xFF, 0x00, 0x00, 0x00, 0x00, 0x00, 
    0x07, 0xFF, 0x00, 0x3F, 0xFF, 0x00, 0x00, 0x00, 0x00, 0x00, 
    0x03, 0xFF, 0x00, 0x7F, 0xFE, 0x00, 0x00, 0x00, 0x00, 0x00, 
    0x01, 0xFF, 0x80, 0x7F, 0xFC, 0x00, 0x00, 0x00, 0x00, 0x00, 
    0x00, 0xFF, 0x80, 0xFF, 0xF8, 0x00, 0x00, 0x00, 0x00, 0x00, 
    0x00, 0x7F, 0xE1, 0xFF, 0xF0, 0x00, 
    0x00, 0x00, 0x00, 0x00, 0x00, 0x3F, 0xFF, 0xFF, 0xE0, 0x00, 
    0x00, 0x00, 0x00, 0x00, 0x00, 0x3F, 0xFF, 0xFF, 0xE0, 0x00, 
    0x00, 0x00, 0x00, 0x00, 0x00, 0x1F, 0xFF, 0xFF, 0xC0, 0x00, 
    0x00, 0x00, 0x00, 0x00, 0x00, 0x0F, 0xFF, 0xFF, 0x80, 0x00, 
    0x00, 0x00, 0x00, 0x00, 0x00, 0x07, 0xFF, 0xFF, 0x00, 0x00, 
    0x00, 0x00, 0x00, 0x00, 0x00, 0x03, 0xFF, 0xFE, 0x00, 0x00, 
    0x00, 0x00, 0x00, 0x00, 0x00, 0x01, 0xFF, 0xFC, 0x00, 0x00, 
    0x00, 0x00, 0x00, 0x00, 0x00, 0x01, 0xFF, 0xFC, 0x00, 0x00, 
    0x00, 0x00, 0x00, 0x00, 0x00, 0x00, 0xFF, 0xF8, 0x00, 0x00, 
    0x00, 0x00, 0x00, 0x00, 0x00, 0x00, 0x7F, 0xF0, 0x00, 0x00, 
    0x00, 0x00, 0x00, 0x00, 0x00, 0x00, 0x3F, 0xE0, 0x00, 0x00, 
    0x00, 0x00, 0x00, 0x00, 0x00, 0x00, 0x1F, 0xC0, 0x00, 0x00, 
    0x00, 0x00, 0x00, 0x00, 0x00, 0x00, 0x0F, 0x80, 0x00, 0x00, 
    0x00, 0x00, 0x00, 0x00, 0x00, 0x00, 0x0F, 0x80, 0x00, 0x00, 
    0x00, 0x00, 0x00, 0x00, 0x00, 0x00, 0x07, 0x00, 0x00, 0x00, 
    0x00, 0x00, 0x00, 0x00, 0x00, 0x00, 0x02, 0x00, 0x00, 0x00, 
    0x00, 0x00,     EFI_HII_GIBT_END            // Glyph list terminator.
};
