/** @file

  Implements custom fonts for the Window Manager's Caption text.

  Copyright (c) 2015, Microsoft Corporation. All rights reserved.<BR>

**/

#include <Uefi/UefiInternalFormRepresentation.h>

// TODO - padding can be better trimmed to reduce overall font package size.
//

// Standard Alphanumeric + Punctuation:
// ---------------------------------------------------------------
// Font Typeface:           Lucidia Console Regular 36pt. (Fixed)
// Cell Size:               36 x 44 pixels
// Internal Leading Trim:   0 pixels
// Trailing Trim:           NA
// Advance:                 36 pixels
//

#define MS_UI_CUSTOM_FONT_Lucidia_Console_36pt_CELL_HEIGHT        44
#define MS_UI_CUSTOM_FONT_Lucidia_Console_36pt_CELL_WIDTH         36
#define MS_UI_CUSTOM_FONT_Lucidia_Console_36pt_MAX_ADVANCE        36

// NOTE: Don't define as a constant since we're updating structure size elements elsewhere.
//
MS_UI_FONT_PACKAGE_HEADER mMsUiFontPackageHdr_Lucidia_Console_36pt =
{
    {
        {
            0,                                              // Size of this single font package in bytes (Filled in later).
            EFI_HII_PACKAGE_FONTS,                          // Font package.
        },
        sizeof(MS_UI_FONT_PACKAGE_HEADER),                    // Size of header in bytes.
        sizeof(MS_UI_FONT_PACKAGE_HEADER),                    // Offset in bytes to the start of the package data.
        {
            MS_UI_CUSTOM_FONT_Lucidia_Console_36pt_CELL_WIDTH,        // Maximum font width.
            MS_UI_CUSTOM_FONT_Lucidia_Console_36pt_CELL_HEIGHT,       // Maximum font height.
            0,                                              // Offset to the vertical edge of the character cell.
            0,                                              // Offset to the horizontal edge of the character cell.
            MS_UI_CUSTOM_FONT_Lucidia_Console_36pt_MAX_ADVANCE,       // Number of pixels to advance horizontally when moving from origin to next glyph.
        },
        EFI_HII_FONT_STYLE_NORMAL,                          // Font style (i.e., normal, bold, italic, etc.)
        L'S',                                               // Font Family name.
    },
    L"urfaceLucidia_Console_36pt"                                 // Font Family name continued.
};

UINT8 mMsUiFontPackageGlyphs_Lucidia_Console_36pt[] =
{
    EFI_HII_GIBT_DEFAULTS,             // Default glyph cell size.
    0x24,        // Cell width in pixels.
    0x00,
    0x2C,        // Cell height in pixels.
    0x00,
    0x00,        // Horizontal offset from cell boundary to start of glyph.
    0x00,
    0x00,        // Vertical offset from cell boundary to start of glyph.
    0x00,
    0x24,        // Number of pixels to the right to advance to next glyph.
    0x00,
    EFI_HII_GIBT_SKIP2,                    // Skip 31 Unicode characters.
    0x1F,
    0x00,
    EFI_HII_GIBT_GLYPH_DEFAULT,
    0x00, 0x00, 0x00, 0x00, 0x00,          // Character: ' ' (0x0020)
    0x00, 0x00, 0x00, 0x00, 0x00,
    0x00, 0x00, 0x00, 0x00, 0x00,
    0x00, 0x00, 0x00, 0x00, 0x00,
    0x00, 0x00, 0x00, 0x00, 0x00,
    0x00, 0x00, 0x00, 0x00, 0x00,
    0x00, 0x00, 0x00, 0x00, 0x00,
    0x00, 0x00, 0x00, 0x00, 0x00,
    0x00, 0x00, 0x00, 0x00, 0x00,
    0x00, 0x00, 0x00, 0x00, 0x00,
    0x00, 0x00, 0x00, 0x00, 0x00,
    0x00, 0x00, 0x00, 0x00, 0x00,
    0x00, 0x00, 0x00, 0x00, 0x00,
    0x00, 0x00, 0x00, 0x00, 0x00,
    0x00, 0x00, 0x00, 0x00, 0x00,
    0x00, 0x00, 0x00, 0x00, 0x00,
    0x00, 0x00, 0x00, 0x00, 0x00,
    0x00, 0x00, 0x00, 0x00, 0x00,
    0x00, 0x00, 0x00, 0x00, 0x00,
    0x00, 0x00, 0x00, 0x00, 0x00,
    0x00, 0x00, 0x00, 0x00, 0x00,
    0x00, 0x00, 0x00, 0x00, 0x00,
    0x00, 0x00, 0x00, 0x00, 0x00,
    0x00, 0x00, 0x00, 0x00, 0x00,
    0x00, 0x00, 0x00, 0x00, 0x00,
    0x00, 0x00, 0x00, 0x00, 0x00,
    0x00, 0x00, 0x00, 0x00, 0x00,
    0x00, 0x00, 0x00, 0x00, 0x00,
    0x00, 0x00, 0x00, 0x00, 0x00,
    0x00, 0x00, 0x00, 0x00, 0x00,
    0x00, 0x00, 0x00, 0x00, 0x00,
    0x00, 0x00, 0x00, 0x00, 0x00,
    0x00, 0x00, 0x00, 0x00, 0x00,
    0x00, 0x00, 0x00, 0x00, 0x00,
    0x00, 0x00, 0x00, 0x00, 0x00,
    0x00, 0x00, 0x00, 0x00, 0x00,
    0x00, 0x00, 0x00, 0x00, 0x00,
    0x00, 0x00, 0x00, 0x00, 0x00,
    0x00, 0x00, 0x00, 0x00, 0x00,
    0x00, 0x00, 0x00, 0x00, 0x00,
    0x00, 0x00, 0x00, 0x00, 0x00,
    0x00, 0x00, 0x00, 0x00, 0x00,
    0x00, 0x00, 0x00, 0x00, 0x00,
    0x00, 0x00, 0x00, 0x00, 0x00,
    EFI_HII_GIBT_GLYPH_DEFAULT,
    0x00, 0x00, 0x00, 0x00, 0x00,          // Character: '!' (0x0021)
    0x00, 0x00, 0x00, 0x00, 0x00,
    0x00, 0x00, 0x00, 0x00, 0x00,
    0x00, 0x01, 0xF0, 0x00, 0x00,
    0x00, 0x01, 0xF0, 0x00, 0x00,
    0x00, 0x01, 0xF0, 0x00, 0x00,
    0x00, 0x01, 0xF0, 0x00, 0x00,
    0x00, 0x01, 0xF0, 0x00, 0x00,
    0x00, 0x01, 0xF0, 0x00, 0x00,
    0x00, 0x01, 0xF0, 0x00, 0x00,
    0x00, 0x01, 0xF0, 0x00, 0x00,
    0x00, 0x01, 0xF0, 0x00, 0x00,
    0x00, 0x01, 0xF0, 0x00, 0x00,
    0x00, 0x01, 0xF0, 0x00, 0x00,
    0x00, 0x01, 0xF0, 0x00, 0x00,
    0x00, 0x01, 0xF0, 0x00, 0x00,
    0x00, 0x01, 0xE0, 0x00, 0x00,
    0x00, 0x01, 0xE0, 0x00, 0x00,
    0x00, 0x00, 0xE0, 0x00, 0x00,
    0x00, 0x00, 0xE0, 0x00, 0x00,
    0x00, 0x00, 0xE0, 0x00, 0x00,
    0x00, 0x00, 0xE0, 0x00, 0x00,
    0x00, 0x00, 0xE0, 0x00, 0x00,
    0x00, 0x00, 0xE0, 0x00, 0x00,
    0x00, 0x00, 0xE0, 0x00, 0x00,
    0x00, 0x00, 0xE0, 0x00, 0x00,
    0x00, 0x00, 0xE0, 0x00, 0x00,
    0x00, 0x00, 0xE0, 0x00, 0x00,
    0x00, 0x00, 0x00, 0x00, 0x00,
    0x00, 0x00, 0x00, 0x00, 0x00,
    0x00, 0x00, 0x00, 0x00, 0x00,
    0x00, 0x00, 0x00, 0x00, 0x00,
    0x00, 0x00, 0x00, 0x00, 0x00,
    0x00, 0x01, 0xF0, 0x00, 0x00,
    0x00, 0x01, 0xF0, 0x00, 0x00,
    0x00, 0x01, 0xF0, 0x00, 0x00,
    0x00, 0x01, 0xF0, 0x00, 0x00,
    0x00, 0x01, 0xF0, 0x00, 0x00,
    0x00, 0x00, 0x00, 0x00, 0x00,
    0x00, 0x00, 0x00, 0x00, 0x00,
    0x00, 0x00, 0x00, 0x00, 0x00,
    0x00, 0x00, 0x00, 0x00, 0x00,
    0x00, 0x00, 0x00, 0x00, 0x00,
    0x00, 0x00, 0x00, 0x00, 0x00,
    EFI_HII_GIBT_GLYPH_DEFAULT,
    0x00, 0x00, 0x00, 0x00, 0x00,          // Character: '"' (0x0022)
    0x00, 0x7E, 0x07, 0xC0, 0x00,
    0x00, 0x7C, 0x07, 0xC0, 0x00,
    0x00, 0x7C, 0x07, 0xC0, 0x00,
    0x00, 0x7C, 0x07, 0xC0, 0x00,
    0x00, 0x7C, 0x07, 0xC0, 0x00,
    0x00, 0x7C, 0x07, 0xC0, 0x00,
    0x00, 0x3C, 0x07, 0xC0, 0x00,
    0x00, 0x3C, 0x07, 0x80, 0x00,
    0x00, 0x3C, 0x07, 0x80, 0x00,
    0x00, 0x3C, 0x07, 0x80, 0x00,
    0x00, 0x3C, 0x07, 0x80, 0x00,
    0x00, 0x3C, 0x03, 0x80, 0x00,
    0x00, 0x38, 0x03, 0x80, 0x00,
    0x00, 0x00, 0x00, 0x00, 0x00,
    0x00, 0x00, 0x00, 0x00, 0x00,
    0x00, 0x00, 0x00, 0x00, 0x00,
    0x00, 0x00, 0x00, 0x00, 0x00,
    0x00, 0x00, 0x00, 0x00, 0x00,
    0x00, 0x00, 0x00, 0x00, 0x00,
    0x00, 0x00, 0x00, 0x00, 0x00,
    0x00, 0x00, 0x00, 0x00, 0x00,
    0x00, 0x00, 0x00, 0x00, 0x00,
    0x00, 0x00, 0x00, 0x00, 0x00,
    0x00, 0x00, 0x00, 0x00, 0x00,
    0x00, 0x00, 0x00, 0x00, 0x00,
    0x00, 0x00, 0x00, 0x00, 0x00,
    0x00, 0x00, 0x00, 0x00, 0x00,
    0x00, 0x00, 0x00, 0x00, 0x00,
    0x00, 0x00, 0x00, 0x00, 0x00,
    0x00, 0x00, 0x00, 0x00, 0x00,
    0x00, 0x00, 0x00, 0x00, 0x00,
    0x00, 0x00, 0x00, 0x00, 0x00,
    0x00, 0x00, 0x00, 0x00, 0x00,
    0x00, 0x00, 0x00, 0x00, 0x00,
    0x00, 0x00, 0x00, 0x00, 0x00,
    0x00, 0x00, 0x00, 0x00, 0x00,
    0x00, 0x00, 0x00, 0x00, 0x00,
    0x00, 0x00, 0x00, 0x00, 0x00,
    0x00, 0x00, 0x00, 0x00, 0x00,
    0x00, 0x00, 0x00, 0x00, 0x00,
    0x00, 0x00, 0x00, 0x00, 0x00,
    0x00, 0x00, 0x00, 0x00, 0x00,
    0x00, 0x00, 0x00, 0x00, 0x00,
    EFI_HII_GIBT_GLYPH_DEFAULT,
    0x00, 0x00, 0x00, 0x00, 0x00,          // Character: '#' (0x0023)
    0x00, 0x00, 0x00, 0x00, 0x00,
    0x00, 0x00, 0x00, 0x00, 0x00,
    0x00, 0x00, 0xE0, 0x70, 0x00,
    0x00, 0x01, 0xE0, 0xF0, 0x00,
    0x00, 0x01, 0xC0, 0xF0, 0x00,
    0x00, 0x01, 0xC0, 0xE0, 0x00,
    0x00, 0x01, 0xC0, 0xE0, 0x00,
    0x00, 0x03, 0xC1, 0xE0, 0x00,
    0x00, 0x03, 0x81, 0xC0, 0x00,
    0x00, 0x03, 0x81, 0xC0, 0x00,
    0x00, 0x03, 0x81, 0xC0, 0x00,
    0x00, 0x07, 0x83, 0xC0, 0x00,
    0x01, 0xFF, 0xFF, 0xFE, 0x00,
    0x01, 0xFF, 0xFF, 0xFE, 0x00,
    0x01, 0xFF, 0xFF, 0xFC, 0x00,
    0x03, 0xFF, 0xFF, 0xFC, 0x00,
    0x00, 0x0E, 0x07, 0x80, 0x00,
    0x00, 0x0E, 0x07, 0x00, 0x00,
    0x00, 0x0E, 0x07, 0x00, 0x00,
    0x00, 0x1E, 0x0F, 0x00, 0x00,
    0x00, 0x1C, 0x0E, 0x00, 0x00,
    0x00, 0x1C, 0x0E, 0x00, 0x00,
    0x07, 0xFF, 0xFF, 0xF8, 0x00,
    0x07, 0xFF, 0xFF, 0xF8, 0x00,
    0x07, 0xFF, 0xFF, 0xF0, 0x00,
    0x0F, 0xFF, 0xFF, 0xF0, 0x00,
    0x00, 0x38, 0x1C, 0x00, 0x00,
    0x00, 0x78, 0x3C, 0x00, 0x00,
    0x00, 0x70, 0x3C, 0x00, 0x00,
    0x00, 0x70, 0x38, 0x00, 0x00,
    0x00, 0x70, 0x38, 0x00, 0x00,
    0x00, 0xF0, 0x78, 0x00, 0x00,
    0x00, 0xE0, 0x78, 0x00, 0x00,
    0x00, 0xE0, 0x70, 0x00, 0x00,
    0x00, 0xE0, 0x70, 0x00, 0x00,
    0x01, 0xE0, 0x70, 0x00, 0x00,
    0x01, 0xE0, 0xF0, 0x00, 0x00,
    0x00, 0x00, 0x00, 0x00, 0x00,
    0x00, 0x00, 0x00, 0x00, 0x00,
    0x00, 0x00, 0x00, 0x00, 0x00,
    0x00, 0x00, 0x00, 0x00, 0x00,
    0x00, 0x00, 0x00, 0x00, 0x00,
    0x00, 0x00, 0x00, 0x00, 0x00,
    EFI_HII_GIBT_GLYPH_DEFAULT,
    0x00, 0x00, 0x70, 0x00, 0x00,          // Character: '$' (0x0024)
    0x00, 0x00, 0x70, 0x00, 0x00,
    0x00, 0x00, 0x70, 0x00, 0x00,
    0x00, 0x01, 0xFF, 0x00, 0x00,
    0x00, 0x07, 0xFF, 0xE0, 0x00,
    0x00, 0x1F, 0xFF, 0xE0, 0x00,
    0x00, 0x3E, 0x70, 0xE0, 0x00,
    0x00, 0x3C, 0x70, 0x00, 0x00,
    0x00, 0x7C, 0x70, 0x00, 0x00,
    0x00, 0x78, 0x70, 0x00, 0x00,
    0x00, 0x78, 0x70, 0x00, 0x00,
    0x00, 0x78, 0x70, 0x00, 0x00,
    0x00, 0x78, 0x70, 0x00, 0x00,
    0x00, 0x7C, 0x70, 0x00, 0x00,
    0x00, 0x7C, 0x70, 0x00, 0x00,
    0x00, 0x3E, 0x70, 0x00, 0x00,
    0x00, 0x3F, 0x70, 0x00, 0x00,
    0x00, 0x1F, 0xF0, 0x00, 0x00,
    0x00, 0x0F, 0xF0, 0x00, 0x00,
    0x00, 0x07, 0xF8, 0x00, 0x00,
    0x00, 0x01, 0xFE, 0x00, 0x00,
    0x00, 0x00, 0xFF, 0x00, 0x00,
    0x00, 0x00, 0x7F, 0x80, 0x00,
    0x00, 0x00, 0x7F, 0xC0, 0x00,
    0x00, 0x00, 0x67, 0xE0, 0x00,
    0x00, 0x00, 0x63, 0xE0, 0x00,
    0x00, 0x00, 0x61, 0xF0, 0x00,
    0x00, 0x00, 0x61, 0xF0, 0x00,
    0x00, 0x00, 0x60, 0xF0, 0x00,
    0x00, 0x00, 0x60, 0xF0, 0x00,
    0x00, 0x00, 0x60, 0xF0, 0x00,
    0x00, 0x00, 0x61, 0xE0, 0x00,
    0x00, 0x00, 0x61, 0xE0, 0x00,
    0x00, 0xC0, 0x63, 0xE0, 0x00,
    0x00, 0xF8, 0x67, 0xC0, 0x00,
    0x00, 0xFF, 0xFF, 0x80, 0x00,
    0x00, 0xFF, 0xFF, 0x00, 0x00,
    0x00, 0x0F, 0xFC, 0x00, 0x00,
    0x00, 0x00, 0x60, 0x00, 0x00,
    0x00, 0x00, 0x60, 0x00, 0x00,
    0x00, 0x00, 0x60, 0x00, 0x00,
    0x00, 0x00, 0x00, 0x00, 0x00,
    0x00, 0x00, 0x00, 0x00, 0x00,
    0x00, 0x00, 0x00, 0x00, 0x00,
    EFI_HII_GIBT_GLYPH_DEFAULT,
    0x00, 0x00, 0x00, 0x00, 0x00,          // Character: '%' (0x0025)
    0x00, 0x00, 0x00, 0x00, 0x00,
    0x00, 0x00, 0x00, 0x0F, 0x00,
    0x00, 0xF8, 0x00, 0x0E, 0x00,
    0x03, 0xFC, 0x00, 0x1C, 0x00,
    0x07, 0x8E, 0x00, 0x3C, 0x00,
    0x0F, 0x07, 0x00, 0x78, 0x00,
    0x0E, 0x07, 0x80, 0x70, 0x00,
    0x1E, 0x03, 0x80, 0xE0, 0x00,
    0x1E, 0x03, 0x81, 0xE0, 0x00,
    0x1C, 0x03, 0x81, 0xC0, 0x00,
    0x1C, 0x03, 0x83, 0x80, 0x00,
    0x1E, 0x03, 0x87, 0x80, 0x00,
    0x1E, 0x03, 0x87, 0x00, 0x00,
    0x0E, 0x07, 0x8E, 0x00, 0x00,
    0x0F, 0x07, 0x1E, 0x00, 0x00,
    0x07, 0x8E, 0x1C, 0x00, 0x00,
    0x03, 0xFC, 0x38, 0x00, 0x00,
    0x00, 0xF8, 0x78, 0x00, 0x00,
    0x00, 0x00, 0x70, 0x00, 0x00,
    0x00, 0x00, 0xE0, 0x00, 0x00,
    0x00, 0x01, 0xC0, 0x00, 0x00,
    0x00, 0x03, 0xC3, 0xF0, 0x00,
    0x00, 0x03, 0x87, 0xF8, 0x00,
    0x00, 0x07, 0x0E, 0x1C, 0x00,
    0x00, 0x0F, 0x1C, 0x1E, 0x00,
    0x00, 0x0E, 0x3C, 0x0E, 0x00,
    0x00, 0x1C, 0x38, 0x0F, 0x00,
    0x00, 0x3C, 0x38, 0x07, 0x00,
    0x00, 0x38, 0x38, 0x07, 0x00,
    0x00, 0x70, 0x38, 0x07, 0x00,
    0x00, 0xF0, 0x38, 0x07, 0x00,
    0x00, 0xE0, 0x38, 0x0F, 0x00,
    0x01, 0xC0, 0x3C, 0x0E, 0x00,
    0x03, 0xC0, 0x1C, 0x1E, 0x00,
    0x07, 0x80, 0x0E, 0x1C, 0x00,
    0x07, 0x00, 0x07, 0xF8, 0x00,
    0x0E, 0x00, 0x03, 0xF0, 0x00,
    0x1E, 0x00, 0x00, 0x00, 0x00,
    0x00, 0x00, 0x00, 0x00, 0x00,
    0x00, 0x00, 0x00, 0x00, 0x00,
    0x00, 0x00, 0x00, 0x00, 0x00,
    0x00, 0x00, 0x00, 0x00, 0x00,
    0x00, 0x00, 0x00, 0x00, 0x00,
    EFI_HII_GIBT_GLYPH_DEFAULT,
    0x00, 0x00, 0x00, 0x00, 0x00,          // Character: '&' (0x0026)
    0x00, 0x00, 0x00, 0x00, 0x00,
    0x00, 0x01, 0xF0, 0x00, 0x00,
    0x00, 0x07, 0xFC, 0x00, 0x00,
    0x00, 0x0F, 0xFE, 0x00, 0x00,
    0x00, 0x1F, 0x1F, 0x00, 0x00,
    0x00, 0x3E, 0x0F, 0x00, 0x00,
    0x00, 0x3E, 0x0F, 0x80, 0x00,
    0x00, 0x3C, 0x0F, 0x80, 0x00,
    0x00, 0x3C, 0x0F, 0x80, 0x00,
    0x00, 0x3C, 0x0F, 0x80, 0x00,
    0x00, 0x3E, 0x0F, 0x00, 0x00,
    0x00, 0x3E, 0x1F, 0x00, 0x00,
    0x00, 0x3E, 0x1E, 0x00, 0x00,
    0x00, 0x1F, 0x7C, 0x00, 0x00,
    0x00, 0x1F, 0xF8, 0x00, 0x00,
    0x00, 0x0F, 0xF0, 0x00, 0x00,
    0x00, 0x1F, 0xE0, 0x00, 0x00,
    0x00, 0x7F, 0x80, 0x00, 0x00,
    0x00, 0xFF, 0xC0, 0x1F, 0x00,
    0x01, 0xF7, 0xC0, 0x0F, 0x00,
    0x03, 0xE3, 0xE0, 0x0F, 0x00,
    0x07, 0xC1, 0xF0, 0x1F, 0x00,
    0x0F, 0x81, 0xF0, 0x1E, 0x00,
    0x0F, 0x80, 0xF8, 0x1E, 0x00,
    0x0F, 0x00, 0xFC, 0x1E, 0x00,
    0x0F, 0x00, 0x7C, 0x1E, 0x00,
    0x0F, 0x00, 0x3E, 0x1C, 0x00,
    0x0F, 0x00, 0x3F, 0x3C, 0x00,
    0x0F, 0x80, 0x1F, 0xF8, 0x00,
    0x0F, 0x80, 0x0F, 0xF8, 0x00,
    0x0F, 0x80, 0x07, 0xF0, 0x00,
    0x07, 0xC0, 0x07, 0xE0, 0x00,
    0x07, 0xE0, 0x03, 0xF0, 0x00,
    0x03, 0xF0, 0x0F, 0xF8, 0x00,
    0x01, 0xF8, 0x3F, 0xFC, 0x00,
    0x00, 0xFF, 0xFE, 0xFE, 0x00,
    0x00, 0x7F, 0xF8, 0x7E, 0x00,
    0x00, 0x1F, 0xE0, 0x00, 0x00,
    0x00, 0x00, 0x00, 0x00, 0x00,
    0x00, 0x00, 0x00, 0x00, 0x00,
    0x00, 0x00, 0x00, 0x00, 0x00,
    0x00, 0x00, 0x00, 0x00, 0x00,
    0x00, 0x00, 0x00, 0x00, 0x00,
    EFI_HII_GIBT_GLYPH_DEFAULT,
    0x00, 0x00, 0x00, 0x00, 0x00,          // Character: ''' (0x0027)
    0x00, 0x03, 0xF8, 0x00, 0x00,
    0x00, 0x03, 0xF8, 0x00, 0x00,
    0x00, 0x03, 0xF8, 0x00, 0x00,
    0x00, 0x01, 0xF0, 0x00, 0x00,
    0x00, 0x01, 0xF0, 0x00, 0x00,
    0x00, 0x01, 0xF0, 0x00, 0x00,
    0x00, 0x01, 0xF0, 0x00, 0x00,
    0x00, 0x01, 0xF0, 0x00, 0x00,
    0x00, 0x01, 0xF0, 0x00, 0x00,
    0x00, 0x01, 0xF0, 0x00, 0x00,
    0x00, 0x00, 0xF0, 0x00, 0x00,
    0x00, 0x00, 0xE0, 0x00, 0x00,
    0x00, 0x00, 0xE0, 0x00, 0x00,
    0x00, 0x00, 0x00, 0x00, 0x00,
    0x00, 0x00, 0x00, 0x00, 0x00,
    0x00, 0x00, 0x00, 0x00, 0x00,
    0x00, 0x00, 0x00, 0x00, 0x00,
    0x00, 0x00, 0x00, 0x00, 0x00,
    0x00, 0x00, 0x00, 0x00, 0x00,
    0x00, 0x00, 0x00, 0x00, 0x00,
    0x00, 0x00, 0x00, 0x00, 0x00,
    0x00, 0x00, 0x00, 0x00, 0x00,
    0x00, 0x00, 0x00, 0x00, 0x00,
    0x00, 0x00, 0x00, 0x00, 0x00,
    0x00, 0x00, 0x00, 0x00, 0x00,
    0x00, 0x00, 0x00, 0x00, 0x00,
    0x00, 0x00, 0x00, 0x00, 0x00,
    0x00, 0x00, 0x00, 0x00, 0x00,
    0x00, 0x00, 0x00, 0x00, 0x00,
    0x00, 0x00, 0x00, 0x00, 0x00,
    0x00, 0x00, 0x00, 0x00, 0x00,
    0x00, 0x00, 0x00, 0x00, 0x00,
    0x00, 0x00, 0x00, 0x00, 0x00,
    0x00, 0x00, 0x00, 0x00, 0x00,
    0x00, 0x00, 0x00, 0x00, 0x00,
    0x00, 0x00, 0x00, 0x00, 0x00,
    0x00, 0x00, 0x00, 0x00, 0x00,
    0x00, 0x00, 0x00, 0x00, 0x00,
    0x00, 0x00, 0x00, 0x00, 0x00,
    0x00, 0x00, 0x00, 0x00, 0x00,
    0x00, 0x00, 0x00, 0x00, 0x00,
    0x00, 0x00, 0x00, 0x00, 0x00,
    0x00, 0x00, 0x00, 0x00, 0x00,
    EFI_HII_GIBT_GLYPH_DEFAULT,
    0x00, 0x00, 0x00, 0x00, 0x00,          // Character: '(' (0x0028)
    0x00, 0x00, 0x00, 0x30, 0x00,
    0x00, 0x00, 0x01, 0xF0, 0x00,
    0x00, 0x00, 0x07, 0xF0, 0x00,
    0x00, 0x00, 0x0F, 0xE0, 0x00,
    0x00, 0x00, 0x3F, 0x00, 0x00,
    0x00, 0x00, 0x7E, 0x00, 0x00,
    0x00, 0x00, 0x78, 0x00, 0x00,
    0x00, 0x00, 0xF0, 0x00, 0x00,
    0x00, 0x01, 0xE0, 0x00, 0x00,
    0x00, 0x03, 0xE0, 0x00, 0x00,
    0x00, 0x03, 0xC0, 0x00, 0x00,
    0x00, 0x07, 0xC0, 0x00, 0x00,
    0x00, 0x07, 0x80, 0x00, 0x00,
    0x00, 0x07, 0x80, 0x00, 0x00,
    0x00, 0x0F, 0x80, 0x00, 0x00,
    0x00, 0x0F, 0x00, 0x00, 0x00,
    0x00, 0x0F, 0x00, 0x00, 0x00,
    0x00, 0x0F, 0x00, 0x00, 0x00,
    0x00, 0x1F, 0x00, 0x00, 0x00,
    0x00, 0x1F, 0x00, 0x00, 0x00,
    0x00, 0x1F, 0x00, 0x00, 0x00,
    0x00, 0x1F, 0x00, 0x00, 0x00,
    0x00, 0x1F, 0x00, 0x00, 0x00,
    0x00, 0x1F, 0x00, 0x00, 0x00,
    0x00, 0x1F, 0x00, 0x00, 0x00,
    0x00, 0x1F, 0x00, 0x00, 0x00,
    0x00, 0x0F, 0x00, 0x00, 0x00,
    0x00, 0x0F, 0x00, 0x00, 0x00,
    0x00, 0x0F, 0x00, 0x00, 0x00,
    0x00, 0x0F, 0x80, 0x00, 0x00,
    0x00, 0x07, 0x80, 0x00, 0x00,
    0x00, 0x07, 0x80, 0x00, 0x00,
    0x00, 0x07, 0xC0, 0x00, 0x00,
    0x00, 0x03, 0xC0, 0x00, 0x00,
    0x00, 0x03, 0xE0, 0x00, 0x00,
    0x00, 0x01, 0xE0, 0x00, 0x00,
    0x00, 0x00, 0xF0, 0x00, 0x00,
    0x00, 0x00, 0x78, 0x00, 0x00,
    0x00, 0x00, 0x7E, 0x00, 0x00,
    0x00, 0x00, 0x3F, 0x00, 0x00,
    0x00, 0x00, 0x0F, 0xE0, 0x00,
    0x00, 0x00, 0x07, 0xF0, 0x00,
    0x00, 0x00, 0x01, 0xF0, 0x00,
    EFI_HII_GIBT_GLYPH_DEFAULT,
    0x00, 0x00, 0x00, 0x00, 0x00,          // Character: ')' (0x0029)
    0x01, 0x80, 0x00, 0x00, 0x00,
    0x01, 0xF0, 0x00, 0x00, 0x00,
    0x01, 0xFC, 0x00, 0x00, 0x00,
    0x00, 0xFE, 0x00, 0x00, 0x00,
    0x00, 0x1F, 0x80, 0x00, 0x00,
    0x00, 0x0F, 0xC0, 0x00, 0x00,
    0x00, 0x03, 0xE0, 0x00, 0x00,
    0x00, 0x01, 0xE0, 0x00, 0x00,
    0x00, 0x00, 0xF0, 0x00, 0x00,
    0x00, 0x00, 0xF8, 0x00, 0x00,
    0x00, 0x00, 0x78, 0x00, 0x00,
    0x00, 0x00, 0x7C, 0x00, 0x00,
    0x00, 0x00, 0x3C, 0x00, 0x00,
    0x00, 0x00, 0x3C, 0x00, 0x00,
    0x00, 0x00, 0x3E, 0x00, 0x00,
    0x00, 0x00, 0x1E, 0x00, 0x00,
    0x00, 0x00, 0x1E, 0x00, 0x00,
    0x00, 0x00, 0x1E, 0x00, 0x00,
    0x00, 0x00, 0x1F, 0x00, 0x00,
    0x00, 0x00, 0x1F, 0x00, 0x00,
    0x00, 0x00, 0x1F, 0x00, 0x00,
    0x00, 0x00, 0x1F, 0x00, 0x00,
    0x00, 0x00, 0x1F, 0x00, 0x00,
    0x00, 0x00, 0x1F, 0x00, 0x00,
    0x00, 0x00, 0x1F, 0x00, 0x00,
    0x00, 0x00, 0x1F, 0x00, 0x00,
    0x00, 0x00, 0x1E, 0x00, 0x00,
    0x00, 0x00, 0x1E, 0x00, 0x00,
    0x00, 0x00, 0x1E, 0x00, 0x00,
    0x00, 0x00, 0x3E, 0x00, 0x00,
    0x00, 0x00, 0x3C, 0x00, 0x00,
    0x00, 0x00, 0x3C, 0x00, 0x00,
    0x00, 0x00, 0x7C, 0x00, 0x00,
    0x00, 0x00, 0x78, 0x00, 0x00,
    0x00, 0x00, 0xF8, 0x00, 0x00,
    0x00, 0x00, 0xF0, 0x00, 0x00,
    0x00, 0x01, 0xE0, 0x00, 0x00,
    0x00, 0x03, 0xC0, 0x00, 0x00,
    0x00, 0x0F, 0xC0, 0x00, 0x00,
    0x00, 0x1F, 0x80, 0x00, 0x00,
    0x00, 0xFE, 0x00, 0x00, 0x00,
    0x01, 0xFC, 0x00, 0x00, 0x00,
    0x01, 0xF0, 0x00, 0x00, 0x00,
    EFI_HII_GIBT_GLYPH_DEFAULT,
    0x00, 0x00, 0x00, 0x00, 0x00,          // Character: '*' (0x002A)
    0x00, 0x00, 0x00, 0x00, 0x00,
    0x00, 0x00, 0x00, 0x00, 0x00,
    0x00, 0x01, 0xF0, 0x00, 0x00,
    0x00, 0x01, 0xF0, 0x00, 0x00,
    0x00, 0x00, 0xE0, 0x00, 0x00,
    0x00, 0x00, 0xE0, 0x00, 0x00,
    0x00, 0x00, 0xE0, 0x00, 0x00,
    0x00, 0xC0, 0xE0, 0x60, 0x00,
    0x00, 0xF0, 0xE1, 0xE0, 0x00,
    0x00, 0xFC, 0xA7, 0xE0, 0x00,
    0x01, 0xFE, 0x0F, 0xF0, 0x00,
    0x00, 0xFE, 0x0F, 0xE0, 0x00,
    0x00, 0x06, 0x04, 0x00, 0x00,
    0x00, 0x00, 0x00, 0x00, 0x00,
    0x00, 0x03, 0x18, 0x00, 0x00,
    0x00, 0x07, 0xBC, 0x00, 0x00,
    0x00, 0x0F, 0x1E, 0x00, 0x00,
    0x00, 0x1F, 0x1F, 0x00, 0x00,
    0x00, 0x3E, 0x0F, 0x80, 0x00,
    0x00, 0x3E, 0x0F, 0x80, 0x00,
    0x00, 0x1C, 0x07, 0x00, 0x00,
    0x00, 0x00, 0x00, 0x00, 0x00,
    0x00, 0x00, 0x00, 0x00, 0x00,
    0x00, 0x00, 0x00, 0x00, 0x00,
    0x00, 0x00, 0x00, 0x00, 0x00,
    0x00, 0x00, 0x00, 0x00, 0x00,
    0x00, 0x00, 0x00, 0x00, 0x00,
    0x00, 0x00, 0x00, 0x00, 0x00,
    0x00, 0x00, 0x00, 0x00, 0x00,
    0x00, 0x00, 0x00, 0x00, 0x00,
    0x00, 0x00, 0x00, 0x00, 0x00,
    0x00, 0x00, 0x00, 0x00, 0x00,
    0x00, 0x00, 0x00, 0x00, 0x00,
    0x00, 0x00, 0x00, 0x00, 0x00,
    0x00, 0x00, 0x00, 0x00, 0x00,
    0x00, 0x00, 0x00, 0x00, 0x00,
    0x00, 0x00, 0x00, 0x00, 0x00,
    0x00, 0x00, 0x00, 0x00, 0x00,
    0x00, 0x00, 0x00, 0x00, 0x00,
    0x00, 0x00, 0x00, 0x00, 0x00,
    0x00, 0x00, 0x00, 0x00, 0x00,
    0x00, 0x00, 0x00, 0x00, 0x00,
    0x00, 0x00, 0x00, 0x00, 0x00,
    EFI_HII_GIBT_GLYPH_DEFAULT,
    0x00, 0x00, 0x00, 0x00, 0x00,          // Character: '+' (0x002B)
    0x00, 0x00, 0x00, 0x00, 0x00,
    0x00, 0x00, 0x00, 0x00, 0x00,
    0x00, 0x00, 0x00, 0x00, 0x00,
    0x00, 0x00, 0x00, 0x00, 0x00,
    0x00, 0x00, 0x00, 0x00, 0x00,
    0x00, 0x00, 0x00, 0x00, 0x00,
    0x00, 0x00, 0x00, 0x00, 0x00,
    0x00, 0x00, 0x00, 0x00, 0x00,
    0x00, 0x00, 0x00, 0x00, 0x00,
    0x00, 0x00, 0x00, 0x00, 0x00,
    0x00, 0x00, 0x00, 0x00, 0x00,
    0x00, 0x00, 0x00, 0x00, 0x00,
    0x00, 0x00, 0xE0, 0x00, 0x00,
    0x00, 0x00, 0xE0, 0x00, 0x00,
    0x00, 0x00, 0xE0, 0x00, 0x00,
    0x00, 0x00, 0xE0, 0x00, 0x00,
    0x00, 0x00, 0xE0, 0x00, 0x00,
    0x00, 0x00, 0xE0, 0x00, 0x00,
    0x00, 0x00, 0xE0, 0x00, 0x00,
    0x00, 0x00, 0xE0, 0x00, 0x00,
    0x00, 0x00, 0xE0, 0x00, 0x00,
    0x00, 0x00, 0xE0, 0x00, 0x00,
    0x00, 0x00, 0xE0, 0x00, 0x00,
    0x07, 0xFF, 0xFF, 0xFC, 0x00,
    0x07, 0xFF, 0xFF, 0xFC, 0x00,
    0x07, 0xFF, 0xFF, 0xFC, 0x00,
    0x00, 0x00, 0xE0, 0x00, 0x00,
    0x00, 0x00, 0xE0, 0x00, 0x00,
    0x00, 0x00, 0xE0, 0x00, 0x00,
    0x00, 0x00, 0xE0, 0x00, 0x00,
    0x00, 0x00, 0xE0, 0x00, 0x00,
    0x00, 0x00, 0xE0, 0x00, 0x00,
    0x00, 0x00, 0xE0, 0x00, 0x00,
    0x00, 0x00, 0xE0, 0x00, 0x00,
    0x00, 0x00, 0xE0, 0x00, 0x00,
    0x00, 0x00, 0xE0, 0x00, 0x00,
    0x00, 0x00, 0xE0, 0x00, 0x00,
    0x00, 0x00, 0x00, 0x00, 0x00,
    0x00, 0x00, 0x00, 0x00, 0x00,
    0x00, 0x00, 0x00, 0x00, 0x00,
    0x00, 0x00, 0x00, 0x00, 0x00,
    0x00, 0x00, 0x00, 0x00, 0x00,
    0x00, 0x00, 0x00, 0x00, 0x00,
    EFI_HII_GIBT_GLYPH_DEFAULT,
    0x00, 0x00, 0x00, 0x00, 0x00,          // Character: ',' (0x002C)
    0x00, 0x00, 0x00, 0x00, 0x00,
    0x00, 0x00, 0x00, 0x00, 0x00,
    0x00, 0x00, 0x00, 0x00, 0x00,
    0x00, 0x00, 0x00, 0x00, 0x00,
    0x00, 0x00, 0x00, 0x00, 0x00,
    0x00, 0x00, 0x00, 0x00, 0x00,
    0x00, 0x00, 0x00, 0x00, 0x00,
    0x00, 0x00, 0x00, 0x00, 0x00,
    0x00, 0x00, 0x00, 0x00, 0x00,
    0x00, 0x00, 0x00, 0x00, 0x00,
    0x00, 0x00, 0x00, 0x00, 0x00,
    0x00, 0x00, 0x00, 0x00, 0x00,
    0x00, 0x00, 0x00, 0x00, 0x00,
    0x00, 0x00, 0x00, 0x00, 0x00,
    0x00, 0x00, 0x00, 0x00, 0x00,
    0x00, 0x00, 0x00, 0x00, 0x00,
    0x00, 0x00, 0x00, 0x00, 0x00,
    0x00, 0x00, 0x00, 0x00, 0x00,
    0x00, 0x00, 0x00, 0x00, 0x00,
    0x00, 0x00, 0x00, 0x00, 0x00,
    0x00, 0x00, 0x00, 0x00, 0x00,
    0x00, 0x00, 0x00, 0x00, 0x00,
    0x00, 0x00, 0x00, 0x00, 0x00,
    0x00, 0x00, 0x00, 0x00, 0x00,
    0x00, 0x00, 0x00, 0x00, 0x00,
    0x00, 0x00, 0x00, 0x00, 0x00,
    0x00, 0x00, 0x00, 0x00, 0x00,
    0x00, 0x00, 0x00, 0x00, 0x00,
    0x00, 0x00, 0x00, 0x00, 0x00,
    0x00, 0x00, 0x00, 0x00, 0x00,
    0x00, 0x03, 0xF8, 0x00, 0x00,
    0x00, 0x03, 0xF8, 0x00, 0x00,
    0x00, 0x03, 0xF8, 0x00, 0x00,
    0x00, 0x03, 0xF8, 0x00, 0x00,
    0x00, 0x03, 0xF8, 0x00, 0x00,
    0x00, 0x03, 0xF8, 0x00, 0x00,
    0x00, 0x03, 0xF8, 0x00, 0x00,
    0x00, 0x00, 0x78, 0x00, 0x00,
    0x00, 0x00, 0x78, 0x00, 0x00,
    0x00, 0x00, 0x70, 0x00, 0x00,
    0x00, 0x00, 0xF0, 0x00, 0x00,
    0x00, 0x00, 0xF0, 0x00, 0x00,
    0x00, 0x01, 0xE0, 0x00, 0x00,
    EFI_HII_GIBT_GLYPH_DEFAULT,
    0x00, 0x00, 0x00, 0x00, 0x00,          // Character: '-' (0x002D)
    0x00, 0x00, 0x00, 0x00, 0x00,
    0x00, 0x00, 0x00, 0x00, 0x00,
    0x00, 0x00, 0x00, 0x00, 0x00,
    0x00, 0x00, 0x00, 0x00, 0x00,
    0x00, 0x00, 0x00, 0x00, 0x00,
    0x00, 0x00, 0x00, 0x00, 0x00,
    0x00, 0x00, 0x00, 0x00, 0x00,
    0x00, 0x00, 0x00, 0x00, 0x00,
    0x00, 0x00, 0x00, 0x00, 0x00,
    0x00, 0x00, 0x00, 0x00, 0x00,
    0x00, 0x00, 0x00, 0x00, 0x00,
    0x00, 0x00, 0x00, 0x00, 0x00,
    0x00, 0x00, 0x00, 0x00, 0x00,
    0x00, 0x00, 0x00, 0x00, 0x00,
    0x00, 0x00, 0x00, 0x00, 0x00,
    0x00, 0x00, 0x00, 0x00, 0x00,
    0x00, 0x00, 0x00, 0x00, 0x00,
    0x00, 0x00, 0x00, 0x00, 0x00,
    0x00, 0x00, 0x00, 0x00, 0x00,
    0x00, 0x00, 0x00, 0x00, 0x00,
    0x00, 0x00, 0x00, 0x00, 0x00,
    0x00, 0xFF, 0xFF, 0xE0, 0x00,
    0x00, 0xFF, 0xFF, 0xE0, 0x00,
    0x00, 0xFF, 0xFF, 0xE0, 0x00,
    0x00, 0x00, 0x00, 0x00, 0x00,
    0x00, 0x00, 0x00, 0x00, 0x00,
    0x00, 0x00, 0x00, 0x00, 0x00,
    0x00, 0x00, 0x00, 0x00, 0x00,
    0x00, 0x00, 0x00, 0x00, 0x00,
    0x00, 0x00, 0x00, 0x00, 0x00,
    0x00, 0x00, 0x00, 0x00, 0x00,
    0x00, 0x00, 0x00, 0x00, 0x00,
    0x00, 0x00, 0x00, 0x00, 0x00,
    0x00, 0x00, 0x00, 0x00, 0x00,
    0x00, 0x00, 0x00, 0x00, 0x00,
    0x00, 0x00, 0x00, 0x00, 0x00,
    0x00, 0x00, 0x00, 0x00, 0x00,
    0x00, 0x00, 0x00, 0x00, 0x00,
    0x00, 0x00, 0x00, 0x00, 0x00,
    0x00, 0x00, 0x00, 0x00, 0x00,
    0x00, 0x00, 0x00, 0x00, 0x00,
    0x00, 0x00, 0x00, 0x00, 0x00,
    0x00, 0x00, 0x00, 0x00, 0x00,
    EFI_HII_GIBT_GLYPH_DEFAULT,
    0x00, 0x00, 0x00, 0x00, 0x00,          // Character: '.' (0x002E)
    0x00, 0x00, 0x00, 0x00, 0x00,
    0x00, 0x00, 0x00, 0x00, 0x00,
    0x00, 0x00, 0x00, 0x00, 0x00,
    0x00, 0x00, 0x00, 0x00, 0x00,
    0x00, 0x00, 0x00, 0x00, 0x00,
    0x00, 0x00, 0x00, 0x00, 0x00,
    0x00, 0x00, 0x00, 0x00, 0x00,
    0x00, 0x00, 0x00, 0x00, 0x00,
    0x00, 0x00, 0x00, 0x00, 0x00,
    0x00, 0x00, 0x00, 0x00, 0x00,
    0x00, 0x00, 0x00, 0x00, 0x00,
    0x00, 0x00, 0x00, 0x00, 0x00,
    0x00, 0x00, 0x00, 0x00, 0x00,
    0x00, 0x00, 0x00, 0x00, 0x00,
    0x00, 0x00, 0x00, 0x00, 0x00,
    0x00, 0x00, 0x00, 0x00, 0x00,
    0x00, 0x00, 0x00, 0x00, 0x00,
    0x00, 0x00, 0x00, 0x00, 0x00,
    0x00, 0x00, 0x00, 0x00, 0x00,
    0x00, 0x00, 0x00, 0x00, 0x00,
    0x00, 0x00, 0x00, 0x00, 0x00,
    0x00, 0x00, 0x00, 0x00, 0x00,
    0x00, 0x00, 0x00, 0x00, 0x00,
    0x00, 0x00, 0x00, 0x00, 0x00,
    0x00, 0x00, 0x00, 0x00, 0x00,
    0x00, 0x00, 0x00, 0x00, 0x00,
    0x00, 0x00, 0x00, 0x00, 0x00,
    0x00, 0x00, 0x00, 0x00, 0x00,
    0x00, 0x00, 0x00, 0x00, 0x00,
    0x00, 0x00, 0x00, 0x00, 0x00,
    0x00, 0x03, 0xF8, 0x00, 0x00,
    0x00, 0x03, 0xF8, 0x00, 0x00,
    0x00, 0x03, 0xF8, 0x00, 0x00,
    0x00, 0x03, 0xF8, 0x00, 0x00,
    0x00, 0x03, 0xF8, 0x00, 0x00,
    0x00, 0x03, 0xF8, 0x00, 0x00,
    0x00, 0x03, 0xF8, 0x00, 0x00,
    0x00, 0x00, 0x00, 0x00, 0x00,
    0x00, 0x00, 0x00, 0x00, 0x00,
    0x00, 0x00, 0x00, 0x00, 0x00,
    0x00, 0x00, 0x00, 0x00, 0x00,
    0x00, 0x00, 0x00, 0x00, 0x00,
    0x00, 0x00, 0x00, 0x00, 0x00,
    EFI_HII_GIBT_GLYPH_DEFAULT,
    0x00, 0x00, 0x00, 0x00, 0x00,          // Character: '/' (0x002F)
    0x00, 0x00, 0x00, 0x3C, 0x00,
    0x00, 0x00, 0x00, 0x38, 0x00,
    0x00, 0x00, 0x00, 0x78, 0x00,
    0x00, 0x00, 0x00, 0x70, 0x00,
    0x00, 0x00, 0x00, 0xF0, 0x00,
    0x00, 0x00, 0x00, 0xE0, 0x00,
    0x00, 0x00, 0x01, 0xE0, 0x00,
    0x00, 0x00, 0x01, 0xC0, 0x00,
    0x00, 0x00, 0x03, 0xC0, 0x00,
    0x00, 0x00, 0x03, 0xC0, 0x00,
    0x00, 0x00, 0x07, 0x80, 0x00,
    0x00, 0x00, 0x07, 0x80, 0x00,
    0x00, 0x00, 0x0F, 0x00, 0x00,
    0x00, 0x00, 0x0F, 0x00, 0x00,
    0x00, 0x00, 0x1E, 0x00, 0x00,
    0x00, 0x00, 0x1E, 0x00, 0x00,
    0x00, 0x00, 0x3C, 0x00, 0x00,
    0x00, 0x00, 0x3C, 0x00, 0x00,
    0x00, 0x00, 0x78, 0x00, 0x00,
    0x00, 0x00, 0x78, 0x00, 0x00,
    0x00, 0x00, 0xF0, 0x00, 0x00,
    0x00, 0x00, 0xF0, 0x00, 0x00,
    0x00, 0x01, 0xE0, 0x00, 0x00,
    0x00, 0x01, 0xE0, 0x00, 0x00,
    0x00, 0x03, 0xC0, 0x00, 0x00,
    0x00, 0x03, 0xC0, 0x00, 0x00,
    0x00, 0x07, 0x80, 0x00, 0x00,
    0x00, 0x07, 0x80, 0x00, 0x00,
    0x00, 0x0F, 0x00, 0x00, 0x00,
    0x00, 0x0F, 0x00, 0x00, 0x00,
    0x00, 0x1E, 0x00, 0x00, 0x00,
    0x00, 0x1E, 0x00, 0x00, 0x00,
    0x00, 0x3C, 0x00, 0x00, 0x00,
    0x00, 0x3C, 0x00, 0x00, 0x00,
    0x00, 0x38, 0x00, 0x00, 0x00,
    0x00, 0x78, 0x00, 0x00, 0x00,
    0x00, 0x70, 0x00, 0x00, 0x00,
    0x00, 0xF0, 0x00, 0x00, 0x00,
    0x00, 0xE0, 0x00, 0x00, 0x00,
    0x01, 0xE0, 0x00, 0x00, 0x00,
    0x01, 0xC0, 0x00, 0x00, 0x00,
    0x03, 0xC0, 0x00, 0x00, 0x00,
    0x03, 0x80, 0x00, 0x00, 0x00,
    EFI_HII_GIBT_GLYPH_DEFAULT,
    0x00, 0x00, 0x00, 0x00, 0x00,          // Character: '0' (0x0030)
    0x00, 0x00, 0x00, 0x00, 0x00,
    0x00, 0x03, 0xF8, 0x00, 0x00,
    0x00, 0x0F, 0xFE, 0x00, 0x00,
    0x00, 0x1F, 0xFF, 0x00, 0x00,
    0x00, 0x3E, 0x0F, 0x80, 0x00,
    0x00, 0x7C, 0x07, 0xC0, 0x00,
    0x00, 0x78, 0x03, 0xC0, 0x00,
    0x00, 0xF0, 0x01, 0xE0, 0x00,
    0x00, 0xF0, 0x01, 0xE0, 0x00,
    0x01, 0xF0, 0x01, 0xF0, 0x00,
    0x01, 0xE0, 0x00, 0xF0, 0x00,
    0x01, 0xE0, 0x00, 0xF0, 0x00,
    0x03, 0xE0, 0x00, 0xF8, 0x00,
    0x03, 0xE0, 0x00, 0xF8, 0x00,
    0x03, 0xE0, 0x00, 0xF8, 0x00,
    0x03, 0xE0, 0x00, 0xF8, 0x00,
    0x03, 0xE0, 0x00, 0x78, 0x00,
    0x03, 0xE0, 0x00, 0x78, 0x00,
    0x03, 0xE0, 0x00, 0x78, 0x00,
    0x03, 0xC0, 0x00, 0x78, 0x00,
    0x03, 0xC0, 0x00, 0x78, 0x00,
    0x03, 0xE0, 0x00, 0x78, 0x00,
    0x03, 0xE0, 0x00, 0x78, 0x00,
    0x03, 0xE0, 0x00, 0xF8, 0x00,
    0x03, 0xE0, 0x00, 0xF8, 0x00,
    0x03, 0xE0, 0x00, 0xF8, 0x00,
    0x03, 0xE0, 0x00, 0xF8, 0x00,
    0x01, 0xE0, 0x00, 0xF0, 0x00,
    0x01, 0xE0, 0x00, 0xF0, 0x00,
    0x01, 0xF0, 0x01, 0xF0, 0x00,
    0x00, 0xF0, 0x01, 0xE0, 0x00,
    0x00, 0xF0, 0x01, 0xE0, 0x00,
    0x00, 0x78, 0x03, 0xC0, 0x00,
    0x00, 0x7C, 0x07, 0xC0, 0x00,
    0x00, 0x3E, 0x0F, 0x80, 0x00,
    0x00, 0x1F, 0xFF, 0x00, 0x00,
    0x00, 0x0F, 0xFE, 0x00, 0x00,
    0x00, 0x03, 0xF8, 0x00, 0x00,
    0x00, 0x00, 0x00, 0x00, 0x00,
    0x00, 0x00, 0x00, 0x00, 0x00,
    0x00, 0x00, 0x00, 0x00, 0x00,
    0x00, 0x00, 0x00, 0x00, 0x00,
    0x00, 0x00, 0x00, 0x00, 0x00,
    EFI_HII_GIBT_GLYPH_DEFAULT,
    0x00, 0x00, 0x00, 0x00, 0x00,          // Character: '1' (0x0031)
    0x00, 0x00, 0x00, 0x00, 0x00,
    0x00, 0x00, 0x08, 0x00, 0x00,
    0x00, 0x00, 0x78, 0x00, 0x00,
    0x00, 0x07, 0xF8, 0x00, 0x00,
    0x00, 0x3F, 0xF8, 0x00, 0x00,
    0x00, 0xFF, 0xF8, 0x00, 0x00,
    0x00, 0xFE, 0x78, 0x00, 0x00,
    0x00, 0xC0, 0x78, 0x00, 0x00,
    0x00, 0x00, 0x78, 0x00, 0x00,
    0x00, 0x00, 0x78, 0x00, 0x00,
    0x00, 0x00, 0x78, 0x00, 0x00,
    0x00, 0x00, 0x78, 0x00, 0x00,
    0x00, 0x00, 0x78, 0x00, 0x00,
    0x00, 0x00, 0x78, 0x00, 0x00,
    0x00, 0x00, 0x78, 0x00, 0x00,
    0x00, 0x00, 0x78, 0x00, 0x00,
    0x00, 0x00, 0x78, 0x00, 0x00,
    0x00, 0x00, 0x78, 0x00, 0x00,
    0x00, 0x00, 0x78, 0x00, 0x00,
    0x00, 0x00, 0x78, 0x00, 0x00,
    0x00, 0x00, 0x78, 0x00, 0x00,
    0x00, 0x00, 0x78, 0x00, 0x00,
    0x00, 0x00, 0x78, 0x00, 0x00,
    0x00, 0x00, 0x78, 0x00, 0x00,
    0x00, 0x00, 0x78, 0x00, 0x00,
    0x00, 0x00, 0x78, 0x00, 0x00,
    0x00, 0x00, 0x78, 0x00, 0x00,
    0x00, 0x00, 0x78, 0x00, 0x00,
    0x00, 0x00, 0x78, 0x00, 0x00,
    0x00, 0x00, 0x78, 0x00, 0x00,
    0x00, 0x00, 0x78, 0x00, 0x00,
    0x00, 0x00, 0x78, 0x00, 0x00,
    0x00, 0x00, 0x78, 0x00, 0x00,
    0x00, 0x00, 0x78, 0x00, 0x00,
    0x00, 0xFF, 0xFF, 0xFC, 0x00,
    0x00, 0xFF, 0xFF, 0xFC, 0x00,
    0x00, 0xFF, 0xFF, 0xFC, 0x00,
    0x00, 0x00, 0x00, 0x00, 0x00,
    0x00, 0x00, 0x00, 0x00, 0x00,
    0x00, 0x00, 0x00, 0x00, 0x00,
    0x00, 0x00, 0x00, 0x00, 0x00,
    0x00, 0x00, 0x00, 0x00, 0x00,
    0x00, 0x00, 0x00, 0x00, 0x00,
    EFI_HII_GIBT_GLYPH_DEFAULT,
    0x00, 0x00, 0x00, 0x00, 0x00,          // Character: '2' (0x0032)
    0x00, 0x00, 0x00, 0x00, 0x00,
    0x00, 0x0F, 0xF0, 0x00, 0x00,
    0x00, 0xFF, 0xFC, 0x00, 0x00,
    0x00, 0xFF, 0xFF, 0x00, 0x00,
    0x00, 0xF0, 0x1F, 0x80, 0x00,
    0x00, 0xC0, 0x0F, 0x80, 0x00,
    0x00, 0x00, 0x07, 0xC0, 0x00,
    0x00, 0x00, 0x07, 0xC0, 0x00,
    0x00, 0x00, 0x03, 0xE0, 0x00,
    0x00, 0x00, 0x03, 0xE0, 0x00,
    0x00, 0x00, 0x03, 0xE0, 0x00,
    0x00, 0x00, 0x03, 0xE0, 0x00,
    0x00, 0x00, 0x03, 0xE0, 0x00,
    0x00, 0x00, 0x03, 0xC0, 0x00,
    0x00, 0x00, 0x07, 0xC0, 0x00,
    0x00, 0x00, 0x07, 0xC0, 0x00,
    0x00, 0x00, 0x0F, 0x80, 0x00,
    0x00, 0x00, 0x0F, 0x80, 0x00,
    0x00, 0x00, 0x1F, 0x00, 0x00,
    0x00, 0x00, 0x3E, 0x00, 0x00,
    0x00, 0x00, 0x7C, 0x00, 0x00,
    0x00, 0x00, 0xF8, 0x00, 0x00,
    0x00, 0x01, 0xF0, 0x00, 0x00,
    0x00, 0x03, 0xE0, 0x00, 0x00,
    0x00, 0x07, 0xC0, 0x00, 0x00,
    0x00, 0x07, 0x80, 0x00, 0x00,
    0x00, 0x0F, 0x00, 0x00, 0x00,
    0x00, 0x1F, 0x00, 0x00, 0x00,
    0x00, 0x3E, 0x00, 0x00, 0x00,
    0x00, 0x3C, 0x00, 0x00, 0x00,
    0x00, 0x7C, 0x00, 0x00, 0x00,
    0x00, 0xF8, 0x00, 0x00, 0x00,
    0x00, 0xF8, 0x00, 0x00, 0x00,
    0x01, 0xF0, 0x00, 0x00, 0x00,
    0x01, 0xFF, 0xFF, 0xE0, 0x00,
    0x01, 0xFF, 0xFF, 0xE0, 0x00,
    0x01, 0xFF, 0xFF, 0xE0, 0x00,
    0x00, 0x00, 0x00, 0x00, 0x00,
    0x00, 0x00, 0x00, 0x00, 0x00,
    0x00, 0x00, 0x00, 0x00, 0x00,
    0x00, 0x00, 0x00, 0x00, 0x00,
    0x00, 0x00, 0x00, 0x00, 0x00,
    0x00, 0x00, 0x00, 0x00, 0x00,
    EFI_HII_GIBT_GLYPH_DEFAULT,
    0x00, 0x00, 0x00, 0x00, 0x00,          // Character: '3' (0x0033)
    0x00, 0x00, 0x00, 0x00, 0x00,
    0x00, 0x0F, 0xF8, 0x00, 0x00,
    0x00, 0x7F, 0xFE, 0x00, 0x00,
    0x00, 0x7F, 0xFF, 0x00, 0x00,
    0x00, 0x78, 0x1F, 0x80, 0x00,
    0x00, 0x40, 0x07, 0xC0, 0x00,
    0x00, 0x00, 0x07, 0xC0, 0x00,
    0x00, 0x00, 0x03, 0xC0, 0x00,
    0x00, 0x00, 0x03, 0xE0, 0x00,
    0x00, 0x00, 0x03, 0xE0, 0x00,
    0x00, 0x00, 0x03, 0xC0, 0x00,
    0x00, 0x00, 0x03, 0xC0, 0x00,
    0x00, 0x00, 0x03, 0xC0, 0x00,
    0x00, 0x00, 0x07, 0xC0, 0x00,
    0x00, 0x00, 0x07, 0x80, 0x00,
    0x00, 0x00, 0x0F, 0x00, 0x00,
    0x00, 0x00, 0x3E, 0x00, 0x00,
    0x00, 0x0F, 0xFC, 0x00, 0x00,
    0x00, 0x0F, 0xF8, 0x00, 0x00,
    0x00, 0x0F, 0xFE, 0x00, 0x00,
    0x00, 0x00, 0x3F, 0x80, 0x00,
    0x00, 0x00, 0x0F, 0xC0, 0x00,
    0x00, 0x00, 0x07, 0xC0, 0x00,
    0x00, 0x00, 0x03, 0xE0, 0x00,
    0x00, 0x00, 0x03, 0xE0, 0x00,
    0x00, 0x00, 0x01, 0xE0, 0x00,
    0x00, 0x00, 0x01, 0xF0, 0x00,
    0x00, 0x00, 0x01, 0xF0, 0x00,
    0x00, 0x00, 0x01, 0xF0, 0x00,
    0x00, 0x00, 0x01, 0xF0, 0x00,
    0x00, 0x00, 0x03, 0xE0, 0x00,
    0x00, 0x00, 0x03, 0xE0, 0x00,
    0x00, 0x00, 0x07, 0xE0, 0x00,
    0x00, 0x00, 0x0F, 0xC0, 0x00,
    0x00, 0x70, 0x1F, 0x80, 0x00,
    0x00, 0x7F, 0xFF, 0x00, 0x00,
    0x00, 0x7F, 0xFC, 0x00, 0x00,
    0x00, 0x3F, 0xF0, 0x00, 0x00,
    0x00, 0x00, 0x00, 0x00, 0x00,
    0x00, 0x00, 0x00, 0x00, 0x00,
    0x00, 0x00, 0x00, 0x00, 0x00,
    0x00, 0x00, 0x00, 0x00, 0x00,
    0x00, 0x00, 0x00, 0x00, 0x00,
    EFI_HII_GIBT_GLYPH_DEFAULT,
    0x00, 0x00, 0x00, 0x00, 0x00,          // Character: '4' (0x0034)
    0x00, 0x00, 0x00, 0x00, 0x00,
    0x00, 0x00, 0x00, 0x00, 0x00,
    0x00, 0x00, 0x0F, 0x00, 0x00,
    0x00, 0x00, 0x1F, 0x00, 0x00,
    0x00, 0x00, 0x1F, 0x00, 0x00,
    0x00, 0x00, 0x3F, 0x00, 0x00,
    0x00, 0x00, 0x7F, 0x00, 0x00,
    0x00, 0x00, 0x7F, 0x00, 0x00,
    0x00, 0x00, 0xFF, 0x00, 0x00,
    0x00, 0x01, 0xEF, 0x00, 0x00,
    0x00, 0x01, 0xEF, 0x00, 0x00,
    0x00, 0x03, 0xCF, 0x00, 0x00,
    0x00, 0x07, 0x8F, 0x00, 0x00,
    0x00, 0x07, 0x8F, 0x00, 0x00,
    0x00, 0x0F, 0x0F, 0x00, 0x00,
    0x00, 0x1E, 0x0F, 0x00, 0x00,
    0x00, 0x1E, 0x0F, 0x00, 0x00,
    0x00, 0x3C, 0x0F, 0x00, 0x00,
    0x00, 0x7C, 0x0F, 0x00, 0x00,
    0x00, 0x78, 0x0F, 0x00, 0x00,
    0x00, 0xF0, 0x0F, 0x00, 0x00,
    0x01, 0xF0, 0x0F, 0x00, 0x00,
    0x01, 0xE0, 0x0F, 0x00, 0x00,
    0x03, 0xC0, 0x0F, 0x00, 0x00,
    0x03, 0xC0, 0x0F, 0x00, 0x00,
    0x03, 0xFF, 0xFF, 0xF8, 0x00,
    0x03, 0xFF, 0xFF, 0xF8, 0x00,
    0x03, 0xFF, 0xFF, 0xF8, 0x00,
    0x00, 0x00, 0x0F, 0x00, 0x00,
    0x00, 0x00, 0x0F, 0x00, 0x00,
    0x00, 0x00, 0x0F, 0x00, 0x00,
    0x00, 0x00, 0x0F, 0x00, 0x00,
    0x00, 0x00, 0x0F, 0x00, 0x00,
    0x00, 0x00, 0x0F, 0x00, 0x00,
    0x00, 0x00, 0x0F, 0x00, 0x00,
    0x00, 0x00, 0x0F, 0x00, 0x00,
    0x00, 0x00, 0x0F, 0x00, 0x00,
    0x00, 0x00, 0x00, 0x00, 0x00,
    0x00, 0x00, 0x00, 0x00, 0x00,
    0x00, 0x00, 0x00, 0x00, 0x00,
    0x00, 0x00, 0x00, 0x00, 0x00,
    0x00, 0x00, 0x00, 0x00, 0x00,
    0x00, 0x00, 0x00, 0x00, 0x00,
    EFI_HII_GIBT_GLYPH_DEFAULT,
    0x00, 0x00, 0x00, 0x00, 0x00,          // Character: '5' (0x0035)
    0x00, 0x00, 0x00, 0x00, 0x00,
    0x00, 0x00, 0x00, 0x00, 0x00,
    0x00, 0x3F, 0xFF, 0xC0, 0x00,
    0x00, 0x3F, 0xFF, 0xC0, 0x00,
    0x00, 0x3F, 0xFF, 0xC0, 0x00,
    0x00, 0x3F, 0xFF, 0xC0, 0x00,
    0x00, 0x3C, 0x00, 0x00, 0x00,
    0x00, 0x3C, 0x00, 0x00, 0x00,
    0x00, 0x3C, 0x00, 0x00, 0x00,
    0x00, 0x3C, 0x00, 0x00, 0x00,
    0x00, 0x3C, 0x00, 0x00, 0x00,
    0x00, 0x3C, 0x00, 0x00, 0x00,
    0x00, 0x3C, 0x00, 0x00, 0x00,
    0x00, 0x3C, 0x00, 0x00, 0x00,
    0x00, 0x3C, 0x00, 0x00, 0x00,
    0x00, 0x3F, 0xC0, 0x00, 0x00,
    0x00, 0x3F, 0xF8, 0x00, 0x00,
    0x00, 0x3F, 0xFE, 0x00, 0x00,
    0x00, 0x00, 0x7F, 0x00, 0x00,
    0x00, 0x00, 0x1F, 0x80, 0x00,
    0x00, 0x00, 0x0F, 0xC0, 0x00,
    0x00, 0x00, 0x07, 0xC0, 0x00,
    0x00, 0x00, 0x03, 0xE0, 0x00,
    0x00, 0x00, 0x03, 0xE0, 0x00,
    0x00, 0x00, 0x03, 0xE0, 0x00,
    0x00, 0x00, 0x03, 0xE0, 0x00,
    0x00, 0x00, 0x03, 0xE0, 0x00,
    0x00, 0x00, 0x03, 0xE0, 0x00,
    0x00, 0x00, 0x03, 0xE0, 0x00,
    0x00, 0x00, 0x03, 0xE0, 0x00,
    0x00, 0x00, 0x03, 0xE0, 0x00,
    0x00, 0x00, 0x07, 0xC0, 0x00,
    0x00, 0x00, 0x07, 0xC0, 0x00,
    0x00, 0x00, 0x0F, 0x80, 0x00,
    0x00, 0x70, 0x3F, 0x00, 0x00,
    0x00, 0x7F, 0xFE, 0x00, 0x00,
    0x00, 0x7F, 0xFC, 0x00, 0x00,
    0x00, 0x1F, 0xE0, 0x00, 0x00,
    0x00, 0x00, 0x00, 0x00, 0x00,
    0x00, 0x00, 0x00, 0x00, 0x00,
    0x00, 0x00, 0x00, 0x00, 0x00,
    0x00, 0x00, 0x00, 0x00, 0x00,
    0x00, 0x00, 0x00, 0x00, 0x00,
    EFI_HII_GIBT_GLYPH_DEFAULT,
    0x00, 0x00, 0x00, 0x00, 0x00,          // Character: '6' (0x0036)
    0x00, 0x00, 0x00, 0x00, 0x00,
    0x00, 0x00, 0x7F, 0x80, 0x00,
    0x00, 0x01, 0xFF, 0xF0, 0x00,
    0x00, 0x07, 0xFF, 0xF0, 0x00,
    0x00, 0x0F, 0xC0, 0xF0, 0x00,
    0x00, 0x1F, 0x00, 0x00, 0x00,
    0x00, 0x3E, 0x00, 0x00, 0x00,
    0x00, 0x3C, 0x00, 0x00, 0x00,
    0x00, 0x7C, 0x00, 0x00, 0x00,
    0x00, 0x78, 0x00, 0x00, 0x00,
    0x00, 0xF8, 0x00, 0x00, 0x00,
    0x00, 0xF8, 0x00, 0x00, 0x00,
    0x00, 0xF0, 0x00, 0x00, 0x00,
    0x00, 0xF0, 0x00, 0x00, 0x00,
    0x01, 0xF0, 0x00, 0x00, 0x00,
    0x01, 0xF0, 0x7E, 0x00, 0x00,
    0x01, 0xF1, 0xFF, 0x80, 0x00,
    0x01, 0xF7, 0xFF, 0xC0, 0x00,
    0x01, 0xFF, 0x07, 0xE0, 0x00,
    0x01, 0xFC, 0x03, 0xF0, 0x00,
    0x01, 0xFC, 0x01, 0xF0, 0x00,
    0x01, 0xF8, 0x00, 0xF8, 0x00,
    0x01, 0xF8, 0x00, 0xF8, 0x00,
    0x01, 0xF0, 0x00, 0x78, 0x00,
    0x01, 0xF0, 0x00, 0x78, 0x00,
    0x01, 0xF0, 0x00, 0x78, 0x00,
    0x01, 0xF0, 0x00, 0x78, 0x00,
    0x00, 0xF0, 0x00, 0x78, 0x00,
    0x00, 0xF0, 0x00, 0x78, 0x00,
    0x00, 0xF8, 0x00, 0x78, 0x00,
    0x00, 0xF8, 0x00, 0xF8, 0x00,
    0x00, 0x78, 0x00, 0xF0, 0x00,
    0x00, 0x7C, 0x00, 0xF0, 0x00,
    0x00, 0x3E, 0x01, 0xE0, 0x00,
    0x00, 0x1F, 0x07, 0xC0, 0x00,
    0x00, 0x0F, 0xFF, 0x80, 0x00,
    0x00, 0x07, 0xFF, 0x00, 0x00,
    0x00, 0x01, 0xFC, 0x00, 0x00,
    0x00, 0x00, 0x00, 0x00, 0x00,
    0x00, 0x00, 0x00, 0x00, 0x00,
    0x00, 0x00, 0x00, 0x00, 0x00,
    0x00, 0x00, 0x00, 0x00, 0x00,
    0x00, 0x00, 0x00, 0x00, 0x00,
    EFI_HII_GIBT_GLYPH_DEFAULT,
    0x00, 0x03, 0x00, 0x00, 0x00,          // Character: '7' (0x0037)
    0x00, 0x00, 0x00, 0x00, 0x00,
    0x00, 0x00, 0x00, 0x00, 0x00,
    0x00, 0xFF, 0xFF, 0xF8, 0x00,
    0x00, 0xFF, 0xFF, 0xF8, 0x00,
    0x00, 0xFF, 0xFF, 0xF8, 0x00,
    0x00, 0xFF, 0xFF, 0xF8, 0x00,
    0x00, 0x00, 0x00, 0xF0, 0x00,
    0x00, 0x00, 0x00, 0xE0, 0x00,
    0x00, 0x00, 0x01, 0xE0, 0x00,
    0x00, 0x00, 0x03, 0xC0, 0x00,
    0x00, 0x00, 0x03, 0xC0, 0x00,
    0x00, 0x00, 0x07, 0x80, 0x00,
    0x00, 0x00, 0x07, 0x00, 0x00,
    0x00, 0x00, 0x0F, 0x00, 0x00,
    0x00, 0x00, 0x0E, 0x00, 0x00,
    0x00, 0x00, 0x1E, 0x00, 0x00,
    0x00, 0x00, 0x1C, 0x00, 0x00,
    0x00, 0x00, 0x3C, 0x00, 0x00,
    0x00, 0x00, 0x78, 0x00, 0x00,
    0x00, 0x00, 0x78, 0x00, 0x00,
    0x00, 0x00, 0xF0, 0x00, 0x00,
    0x00, 0x00, 0xF0, 0x00, 0x00,
    0x00, 0x01, 0xE0, 0x00, 0x00,
    0x00, 0x01, 0xE0, 0x00, 0x00,
    0x00, 0x03, 0xC0, 0x00, 0x00,
    0x00, 0x03, 0xC0, 0x00, 0x00,
    0x00, 0x07, 0xC0, 0x00, 0x00,
    0x00, 0x07, 0x80, 0x00, 0x00,
    0x00, 0x0F, 0x80, 0x00, 0x00,
    0x00, 0x0F, 0x00, 0x00, 0x00,
    0x00, 0x1F, 0x00, 0x00, 0x00,
    0x00, 0x1F, 0x00, 0x00, 0x00,
    0x00, 0x1E, 0x00, 0x00, 0x00,
    0x00, 0x3E, 0x00, 0x00, 0x00,
    0x00, 0x3E, 0x00, 0x00, 0x00,
    0x00, 0x3E, 0x00, 0x00, 0x00,
    0x00, 0x3E, 0x00, 0x00, 0x00,
    0x00, 0x00, 0x00, 0x00, 0x00,
    0x00, 0x00, 0x00, 0x00, 0x00,
    0x00, 0x00, 0x00, 0x00, 0x00,
    0x00, 0x00, 0x00, 0x00, 0x00,
    0x00, 0x00, 0x00, 0x00, 0x00,
    0x00, 0x00, 0x00, 0x00, 0x00,
    EFI_HII_GIBT_GLYPH_DEFAULT,
    0x00, 0x00, 0x00, 0x00, 0x00,          // Character: '8' (0x0038)
    0x00, 0x00, 0x00, 0x00, 0x00,
    0x00, 0x01, 0xFC, 0x00, 0x00,
    0x00, 0x07, 0xFF, 0x00, 0x00,
    0x00, 0x1F, 0xFF, 0xC0, 0x00,
    0x00, 0x3F, 0x07, 0xC0, 0x00,
    0x00, 0x3C, 0x03, 0xE0, 0x00,
    0x00, 0x78, 0x01, 0xE0, 0x00,
    0x00, 0x78, 0x01, 0xE0, 0x00,
    0x00, 0x78, 0x01, 0xE0, 0x00,
    0x00, 0x78, 0x01, 0xE0, 0x00,
    0x00, 0x78, 0x01, 0xE0, 0x00,
    0x00, 0x78, 0x01, 0xE0, 0x00,
    0x00, 0x7C, 0x01, 0xC0, 0x00,
    0x00, 0x7E, 0x03, 0xC0, 0x00,
    0x00, 0x3F, 0x07, 0x80, 0x00,
    0x00, 0x1F, 0xCF, 0x00, 0x00,
    0x00, 0x0F, 0xFE, 0x00, 0x00,
    0x00, 0x07, 0xFC, 0x00, 0x00,
    0x00, 0x0F, 0xFE, 0x00, 0x00,
    0x00, 0x1F, 0xFF, 0x00, 0x00,
    0x00, 0x3E, 0x7F, 0x80, 0x00,
    0x00, 0x7C, 0x1F, 0xC0, 0x00,
    0x00, 0xF8, 0x0F, 0xE0, 0x00,
    0x00, 0xF8, 0x07, 0xF0, 0x00,
    0x01, 0xF0, 0x03, 0xF0, 0x00,
    0x01, 0xF0, 0x01, 0xF8, 0x00,
    0x01, 0xE0, 0x00, 0xF8, 0x00,
    0x01, 0xE0, 0x00, 0xF8, 0x00,
    0x01, 0xE0, 0x00, 0xF8, 0x00,
    0x01, 0xE0, 0x00, 0xF8, 0x00,
    0x01, 0xF0, 0x00, 0xF0, 0x00,
    0x01, 0xF0, 0x00, 0xF0, 0x00,
    0x00, 0xF8, 0x01, 0xF0, 0x00,
    0x00, 0xFC, 0x03, 0xE0, 0x00,
    0x00, 0x7E, 0x07, 0xC0, 0x00,
    0x00, 0x3F, 0xFF, 0x80, 0x00,
    0x00, 0x1F, 0xFF, 0x00, 0x00,
    0x00, 0x03, 0xF8, 0x00, 0x00,
    0x00, 0x00, 0x00, 0x00, 0x00,
    0x00, 0x00, 0x00, 0x00, 0x00,
    0x00, 0x00, 0x00, 0x00, 0x00,
    0x00, 0x00, 0x00, 0x00, 0x00,
    0x00, 0x00, 0x00, 0x00, 0x00,
    EFI_HII_GIBT_GLYPH_DEFAULT,
    0x00, 0x00, 0x00, 0x00, 0x00,          // Character: '9' (0x0039)
    0x00, 0x00, 0x00, 0x00, 0x00,
    0x00, 0x03, 0xF8, 0x00, 0x00,
    0x00, 0x0F, 0xFE, 0x00, 0x00,
    0x00, 0x1F, 0xFF, 0x00, 0x00,
    0x00, 0x3E, 0x1F, 0x80, 0x00,
    0x00, 0x78, 0x07, 0xC0, 0x00,
    0x00, 0xF0, 0x03, 0xE0, 0x00,
    0x00, 0xF0, 0x01, 0xE0, 0x00,
    0x01, 0xE0, 0x01, 0xE0, 0x00,
    0x01, 0xE0, 0x01, 0xF0, 0x00,
    0x01, 0xE0, 0x00, 0xF0, 0x00,
    0x01, 0xE0, 0x00, 0xF0, 0x00,
    0x01, 0xE0, 0x00, 0xF0, 0x00,
    0x01, 0xE0, 0x00, 0xF8, 0x00,
    0x01, 0xE0, 0x00, 0xF8, 0x00,
    0x01, 0xE0, 0x00, 0xF8, 0x00,
    0x01, 0xF0, 0x01, 0xF8, 0x00,
    0x01, 0xF0, 0x01, 0xF8, 0x00,
    0x00, 0xF8, 0x03, 0xF8, 0x00,
    0x00, 0xFC, 0x07, 0xF8, 0x00,
    0x00, 0x7E, 0x0F, 0xF8, 0x00,
    0x00, 0x3F, 0xFE, 0xF8, 0x00,
    0x00, 0x1F, 0xF8, 0xF8, 0x00,
    0x00, 0x07, 0xE0, 0xF8, 0x00,
    0x00, 0x00, 0x00, 0xF8, 0x00,
    0x00, 0x00, 0x00, 0xF0, 0x00,
    0x00, 0x00, 0x00, 0xF0, 0x00,
    0x00, 0x00, 0x01, 0xF0, 0x00,
    0x00, 0x00, 0x01, 0xE0, 0x00,
    0x00, 0x00, 0x01, 0xE0, 0x00,
    0x00, 0x00, 0x03, 0xE0, 0x00,
    0x00, 0x00, 0x03, 0xC0, 0x00,
    0x00, 0x00, 0x07, 0x80, 0x00,
    0x00, 0x00, 0x0F, 0x80, 0x00,
    0x00, 0x70, 0x3F, 0x00, 0x00,
    0x00, 0x7F, 0xFE, 0x00, 0x00,
    0x00, 0x7F, 0xF8, 0x00, 0x00,
    0x00, 0x1F, 0xE0, 0x00, 0x00,
    0x00, 0x00, 0x00, 0x00, 0x00,
    0x00, 0x00, 0x00, 0x00, 0x00,
    0x00, 0x00, 0x00, 0x00, 0x00,
    0x00, 0x00, 0x00, 0x00, 0x00,
    0x00, 0x00, 0x00, 0x00, 0x00,
    EFI_HII_GIBT_GLYPH_DEFAULT,
    0x00, 0x00, 0x00, 0x00, 0x00,          // Character: ':' (0x003A)
    0x00, 0x00, 0x00, 0x00, 0x00,
    0x00, 0x00, 0x00, 0x00, 0x00,
    0x00, 0x00, 0x00, 0x00, 0x00,
    0x00, 0x00, 0x00, 0x00, 0x00,
    0x00, 0x00, 0x00, 0x00, 0x00,
    0x00, 0x00, 0x00, 0x00, 0x00,
    0x00, 0x00, 0x00, 0x00, 0x00,
    0x00, 0x00, 0x00, 0x00, 0x00,
    0x00, 0x00, 0x00, 0x00, 0x00,
    0x00, 0x00, 0x00, 0x00, 0x00,
    0x00, 0x00, 0x00, 0x00, 0x00,
    0x00, 0x00, 0x00, 0x00, 0x00,
    0x00, 0x03, 0xF8, 0x00, 0x00,
    0x00, 0x03, 0xF8, 0x00, 0x00,
    0x00, 0x03, 0xF8, 0x00, 0x00,
    0x00, 0x03, 0xF8, 0x00, 0x00,
    0x00, 0x03, 0xF8, 0x00, 0x00,
    0x00, 0x03, 0xF8, 0x00, 0x00,
    0x00, 0x03, 0xF8, 0x00, 0x00,
    0x00, 0x00, 0x00, 0x00, 0x00,
    0x00, 0x00, 0x00, 0x00, 0x00,
    0x00, 0x00, 0x00, 0x00, 0x00,
    0x00, 0x00, 0x00, 0x00, 0x00,
    0x00, 0x00, 0x00, 0x00, 0x00,
    0x00, 0x00, 0x00, 0x00, 0x00,
    0x00, 0x00, 0x00, 0x00, 0x00,
    0x00, 0x00, 0x00, 0x00, 0x00,
    0x00, 0x00, 0x00, 0x00, 0x00,
    0x00, 0x00, 0x00, 0x00, 0x00,
    0x00, 0x00, 0x00, 0x00, 0x00,
    0x00, 0x03, 0xF8, 0x00, 0x00,
    0x00, 0x03, 0xF8, 0x00, 0x00,
    0x00, 0x03, 0xF8, 0x00, 0x00,
    0x00, 0x03, 0xF8, 0x00, 0x00,
    0x00, 0x03, 0xF8, 0x00, 0x00,
    0x00, 0x03, 0xF8, 0x00, 0x00,
    0x00, 0x03, 0xF8, 0x00, 0x00,
    0x00, 0x00, 0x00, 0x00, 0x00,
    0x00, 0x00, 0x00, 0x00, 0x00,
    0x00, 0x00, 0x00, 0x00, 0x00,
    0x00, 0x00, 0x00, 0x00, 0x00,
    0x00, 0x00, 0x00, 0x00, 0x00,
    0x00, 0x00, 0x00, 0x00, 0x00,
    EFI_HII_GIBT_GLYPH_DEFAULT,
    0x00, 0x00, 0x00, 0x00, 0x00,          // Character: ';' (0x003B)
    0x00, 0x00, 0x00, 0x00, 0x00,
    0x00, 0x00, 0x00, 0x00, 0x00,
    0x00, 0x00, 0x00, 0x00, 0x00,
    0x00, 0x00, 0x00, 0x00, 0x00,
    0x00, 0x00, 0x00, 0x00, 0x00,
    0x00, 0x00, 0x00, 0x00, 0x00,
    0x00, 0x00, 0x00, 0x00, 0x00,
    0x00, 0x00, 0x00, 0x00, 0x00,
    0x00, 0x00, 0x00, 0x00, 0x00,
    0x00, 0x00, 0x00, 0x00, 0x00,
    0x00, 0x00, 0x00, 0x00, 0x00,
    0x00, 0x00, 0x00, 0x00, 0x00,
    0x00, 0x03, 0xF8, 0x00, 0x00,
    0x00, 0x03, 0xF8, 0x00, 0x00,
    0x00, 0x03, 0xF8, 0x00, 0x00,
    0x00, 0x03, 0xF8, 0x00, 0x00,
    0x00, 0x03, 0xF8, 0x00, 0x00,
    0x00, 0x03, 0xF8, 0x00, 0x00,
    0x00, 0x03, 0xF8, 0x00, 0x00,
    0x00, 0x00, 0x00, 0x00, 0x00,
    0x00, 0x00, 0x00, 0x00, 0x00,
    0x00, 0x00, 0x00, 0x00, 0x00,
    0x00, 0x00, 0x00, 0x00, 0x00,
    0x00, 0x00, 0x00, 0x00, 0x00,
    0x00, 0x00, 0x00, 0x00, 0x00,
    0x00, 0x00, 0x00, 0x00, 0x00,
    0x00, 0x00, 0x00, 0x00, 0x00,
    0x00, 0x00, 0x00, 0x00, 0x00,
    0x00, 0x00, 0x00, 0x00, 0x00,
    0x00, 0x00, 0x00, 0x00, 0x00,
    0x00, 0x03, 0xF8, 0x00, 0x00,
    0x00, 0x03, 0xF8, 0x00, 0x00,
    0x00, 0x03, 0xF8, 0x00, 0x00,
    0x00, 0x03, 0xF8, 0x00, 0x00,
    0x00, 0x03, 0xF8, 0x00, 0x00,
    0x00, 0x03, 0xF8, 0x00, 0x00,
    0x00, 0x03, 0xF8, 0x00, 0x00,
    0x00, 0x00, 0x78, 0x00, 0x00,
    0x00, 0x00, 0x78, 0x00, 0x00,
    0x00, 0x00, 0x70, 0x00, 0x00,
    0x00, 0x00, 0xF0, 0x00, 0x00,
    0x00, 0x00, 0xF0, 0x00, 0x00,
    0x00, 0x03, 0xE0, 0x00, 0x00,
    EFI_HII_GIBT_GLYPH_DEFAULT,
    0x00, 0x00, 0x00, 0x00, 0x00,          // Character: '<' (0x003C)
    0x00, 0x00, 0x00, 0x00, 0x00,
    0x00, 0x00, 0x00, 0x00, 0x00,
    0x00, 0x00, 0x00, 0x00, 0x00,
    0x00, 0x00, 0x00, 0x00, 0x00,
    0x00, 0x00, 0x00, 0x00, 0x00,
    0x00, 0x00, 0x00, 0x00, 0x00,
    0x00, 0x00, 0x00, 0x00, 0x00,
    0x00, 0x00, 0x00, 0x00, 0x00,
    0x00, 0x00, 0x00, 0x00, 0x00,
    0x00, 0x00, 0x00, 0x00, 0x00,
    0x00, 0x00, 0x00, 0x00, 0x00,
    0x00, 0x00, 0x00, 0x00, 0x00,
    0x00, 0x00, 0x00, 0x04, 0x00,
    0x00, 0x00, 0x00, 0x1C, 0x00,
    0x00, 0x00, 0x00, 0x7C, 0x00,
    0x00, 0x00, 0x01, 0xFC, 0x00,
    0x00, 0x00, 0x07, 0xF8, 0x00,
    0x00, 0x00, 0x1F, 0xE0, 0x00,
    0x00, 0x00, 0x7F, 0x80, 0x00,
    0x00, 0x01, 0xFE, 0x00, 0x00,
    0x00, 0x07, 0xF8, 0x00, 0x00,
    0x00, 0x1F, 0xE0, 0x00, 0x00,
    0x00, 0x7F, 0x80, 0x00, 0x00,
    0x01, 0xFE, 0x00, 0x00, 0x00,
    0x07, 0xF8, 0x00, 0x00, 0x00,
    0x01, 0xFE, 0x00, 0x00, 0x00,
    0x00, 0x7F, 0x80, 0x00, 0x00,
    0x00, 0x1F, 0xE0, 0x00, 0x00,
    0x00, 0x07, 0xF8, 0x00, 0x00,
    0x00, 0x01, 0xFE, 0x00, 0x00,
    0x00, 0x00, 0x7F, 0x80, 0x00,
    0x00, 0x00, 0x1F, 0xE0, 0x00,
    0x00, 0x00, 0x07, 0xF8, 0x00,
    0x00, 0x00, 0x01, 0xFC, 0x00,
    0x00, 0x00, 0x00, 0x7C, 0x00,
    0x00, 0x00, 0x00, 0x1C, 0x00,
    0x00, 0x00, 0x00, 0x04, 0x00,
    0x00, 0x00, 0x00, 0x00, 0x00,
    0x00, 0x00, 0x00, 0x00, 0x00,
    0x00, 0x00, 0x00, 0x00, 0x00,
    0x00, 0x00, 0x00, 0x00, 0x00,
    0x00, 0x00, 0x00, 0x00, 0x00,
    0x00, 0x00, 0x00, 0x00, 0x00,
    EFI_HII_GIBT_GLYPH_DEFAULT,
    0x00, 0x00, 0x00, 0x00, 0x00,          // Character: '=' (0x003D)
    0x00, 0x00, 0x00, 0x00, 0x00,
    0x00, 0x00, 0x00, 0x00, 0x00,
    0x00, 0x00, 0x00, 0x00, 0x00,
    0x00, 0x00, 0x00, 0x00, 0x00,
    0x00, 0x00, 0x00, 0x00, 0x00,
    0x00, 0x00, 0x00, 0x00, 0x00,
    0x00, 0x00, 0x00, 0x00, 0x00,
    0x00, 0x00, 0x00, 0x00, 0x00,
    0x00, 0x00, 0x00, 0x00, 0x00,
    0x00, 0x00, 0x00, 0x00, 0x00,
    0x00, 0x00, 0x00, 0x00, 0x00,
    0x00, 0x00, 0x00, 0x00, 0x00,
    0x00, 0x00, 0x00, 0x00, 0x00,
    0x00, 0x00, 0x00, 0x00, 0x00,
    0x00, 0x00, 0x00, 0x00, 0x00,
    0x00, 0x00, 0x00, 0x00, 0x00,
    0x00, 0x00, 0x00, 0x00, 0x00,
    0x00, 0x00, 0x00, 0x00, 0x00,
    0x00, 0x00, 0x00, 0x00, 0x00,
    0x07, 0xFF, 0xFF, 0xFC, 0x00,
    0x07, 0xFF, 0xFF, 0xFC, 0x00,
    0x07, 0xFF, 0xFF, 0xFC, 0x00,
    0x00, 0x00, 0x00, 0x00, 0x00,
    0x00, 0x00, 0x00, 0x00, 0x00,
    0x00, 0x00, 0x00, 0x00, 0x00,
    0x00, 0x00, 0x00, 0x00, 0x00,
    0x00, 0x00, 0x00, 0x00, 0x00,
    0x07, 0xFF, 0xFF, 0xFC, 0x00,
    0x07, 0xFF, 0xFF, 0xFC, 0x00,
    0x07, 0xFF, 0xFF, 0xFC, 0x00,
    0x00, 0x00, 0x00, 0x00, 0x00,
    0x00, 0x00, 0x00, 0x00, 0x00,
    0x00, 0x00, 0x00, 0x00, 0x00,
    0x00, 0x00, 0x00, 0x00, 0x00,
    0x00, 0x00, 0x00, 0x00, 0x00,
    0x00, 0x00, 0x00, 0x00, 0x00,
    0x00, 0x00, 0x00, 0x00, 0x00,
    0x00, 0x00, 0x00, 0x00, 0x00,
    0x00, 0x00, 0x00, 0x00, 0x00,
    0x00, 0x00, 0x00, 0x00, 0x00,
    0x00, 0x00, 0x00, 0x00, 0x00,
    0x00, 0x00, 0x00, 0x00, 0x00,
    0x00, 0x00, 0x00, 0x00, 0x00,
    EFI_HII_GIBT_GLYPH_DEFAULT,
    0x00, 0x00, 0x00, 0x00, 0x00,          // Character: '>' (0x003E)
    0x00, 0x00, 0x00, 0x00, 0x00,
    0x00, 0x00, 0x00, 0x00, 0x00,
    0x00, 0x00, 0x00, 0x00, 0x00,
    0x00, 0x00, 0x00, 0x00, 0x00,
    0x00, 0x00, 0x00, 0x00, 0x00,
    0x00, 0x00, 0x00, 0x00, 0x00,
    0x00, 0x00, 0x00, 0x00, 0x00,
    0x00, 0x00, 0x00, 0x00, 0x00,
    0x00, 0x00, 0x00, 0x00, 0x00,
    0x00, 0x00, 0x00, 0x00, 0x00,
    0x00, 0x00, 0x00, 0x00, 0x00,
    0x00, 0x00, 0x00, 0x00, 0x00,
    0x04, 0x00, 0x00, 0x00, 0x00,
    0x07, 0x00, 0x00, 0x00, 0x00,
    0x07, 0xC0, 0x00, 0x00, 0x00,
    0x07, 0xF0, 0x00, 0x00, 0x00,
    0x03, 0xFC, 0x00, 0x00, 0x00,
    0x00, 0xFF, 0x00, 0x00, 0x00,
    0x00, 0x3F, 0xC0, 0x00, 0x00,
    0x00, 0x0F, 0xF0, 0x00, 0x00,
    0x00, 0x03, 0xFC, 0x00, 0x00,
    0x00, 0x00, 0xFF, 0x00, 0x00,
    0x00, 0x00, 0x3F, 0xC0, 0x00,
    0x00, 0x00, 0x0F, 0xF0, 0x00,
    0x00, 0x00, 0x03, 0xFC, 0x00,
    0x00, 0x00, 0x0F, 0xF0, 0x00,
    0x00, 0x00, 0x3F, 0xC0, 0x00,
    0x00, 0x00, 0xFF, 0x00, 0x00,
    0x00, 0x03, 0xFC, 0x00, 0x00,
    0x00, 0x0F, 0xF0, 0x00, 0x00,
    0x00, 0x3F, 0xC0, 0x00, 0x00,
    0x00, 0xFF, 0x00, 0x00, 0x00,
    0x03, 0xFC, 0x00, 0x00, 0x00,
    0x07, 0xF0, 0x00, 0x00, 0x00,
    0x07, 0xC0, 0x00, 0x00, 0x00,
    0x07, 0x00, 0x00, 0x00, 0x00,
    0x04, 0x00, 0x00, 0x00, 0x00,
    0x00, 0x00, 0x00, 0x00, 0x00,
    0x00, 0x00, 0x00, 0x00, 0x00,
    0x00, 0x00, 0x00, 0x00, 0x00,
    0x00, 0x00, 0x00, 0x00, 0x00,
    0x00, 0x00, 0x00, 0x00, 0x00,
    0x00, 0x00, 0x00, 0x00, 0x00,
    EFI_HII_GIBT_GLYPH_DEFAULT,
    0x00, 0x00, 0x00, 0x00, 0x00,          // Character: '?' (0x003F)
    0x00, 0x00, 0x00, 0x00, 0x00,
    0x00, 0x1F, 0xFC, 0x00, 0x00,
    0x01, 0xFF, 0xFF, 0x80, 0x00,
    0x01, 0xFF, 0xFF, 0xC0, 0x00,
    0x01, 0xE0, 0x0F, 0xE0, 0x00,
    0x01, 0xC0, 0x03, 0xF0, 0x00,
    0x01, 0xC0, 0x01, 0xF0, 0x00,
    0x01, 0xC0, 0x00, 0xF0, 0x00,
    0x01, 0xC0, 0x00, 0xF0, 0x00,
    0x00, 0x00, 0x00, 0xF0, 0x00,
    0x00, 0x00, 0x00, 0xF0, 0x00,
    0x00, 0x00, 0x01, 0xF0, 0x00,
    0x00, 0x00, 0x03, 0xE0, 0x00,
    0x00, 0x00, 0x03, 0xE0, 0x00,
    0x00, 0x00, 0x07, 0xC0, 0x00,
    0x00, 0x00, 0x1F, 0x80, 0x00,
    0x00, 0x00, 0x3F, 0x00, 0x00,
    0x00, 0x00, 0x7E, 0x00, 0x00,
    0x00, 0x00, 0xF8, 0x00, 0x00,
    0x00, 0x00, 0xF0, 0x00, 0x00,
    0x00, 0x01, 0xE0, 0x00, 0x00,
    0x00, 0x03, 0xE0, 0x00, 0x00,
    0x00, 0x03, 0xC0, 0x00, 0x00,
    0x00, 0x03, 0xC0, 0x00, 0x00,
    0x00, 0x03, 0xC0, 0x00, 0x00,
    0x00, 0x03, 0xC0, 0x00, 0x00,
    0x00, 0x03, 0xC0, 0x00, 0x00,
    0x00, 0x00, 0x00, 0x00, 0x00,
    0x00, 0x00, 0x00, 0x00, 0x00,
    0x00, 0x00, 0x00, 0x00, 0x00,
    0x00, 0x00, 0x00, 0x00, 0x00,
    0x00, 0x00, 0x00, 0x00, 0x00,
    0x00, 0x07, 0xE0, 0x00, 0x00,
    0x00, 0x07, 0xE0, 0x00, 0x00,
    0x00, 0x07, 0xE0, 0x00, 0x00,
    0x00, 0x07, 0xE0, 0x00, 0x00,
    0x00, 0x07, 0xE0, 0x00, 0x00,
    0x00, 0x00, 0x00, 0x00, 0x00,
    0x00, 0x00, 0x00, 0x00, 0x00,
    0x00, 0x00, 0x00, 0x00, 0x00,
    0x00, 0x00, 0x00, 0x00, 0x00,
    0x00, 0x00, 0x00, 0x00, 0x00,
    0x00, 0x00, 0x00, 0x00, 0x00,
    EFI_HII_GIBT_GLYPH_DEFAULT,
    0x00, 0x00, 0x00, 0x00, 0x00,          // Character: '@' (0x0040)
    0x00, 0x00, 0x00, 0x00, 0x00,
    0x00, 0x00, 0xFE, 0x00, 0x00,
    0x00, 0x03, 0xFF, 0x80, 0x00,
    0x00, 0x0F, 0xFF, 0xE0, 0x00,
    0x00, 0x1F, 0x83, 0xE0, 0x00,
    0x00, 0x3E, 0x00, 0xF0, 0x00,
    0x00, 0x78, 0x00, 0x70, 0x00,
    0x00, 0xF0, 0x00, 0x78, 0x00,
    0x00, 0xF0, 0x00, 0x38, 0x00,
    0x01, 0xE0, 0x0F, 0xB8, 0x00,
    0x01, 0xC0, 0x3F, 0xF8, 0x00,
    0x03, 0xC0, 0x78, 0x78, 0x00,
    0x03, 0xC0, 0x70, 0x38, 0x00,
    0x03, 0x80, 0xE0, 0x38, 0x00,
    0x07, 0x81, 0xC0, 0x38, 0x00,
    0x07, 0x81, 0xC0, 0x38, 0x00,
    0x07, 0x81, 0xC0, 0x38, 0x00,
    0x07, 0x03, 0x80, 0x78, 0x00,
    0x07, 0x03, 0x80, 0x78, 0x00,
    0x07, 0x03, 0x80, 0x78, 0x00,
    0x07, 0x03, 0x80, 0xF8, 0x00,
    0x07, 0x03, 0x80, 0xF8, 0x00,
    0x07, 0x03, 0x81, 0xF8, 0x00,
    0x07, 0x03, 0x81, 0xF8, 0x00,
    0x07, 0x03, 0x83, 0xB8, 0x00,
    0x07, 0x83, 0xC3, 0x38, 0x00,
    0x07, 0x81, 0xC7, 0x38, 0x00,
    0x03, 0x81, 0xFE, 0x3F, 0x00,
    0x03, 0xC0, 0xFC, 0x3F, 0x00,
    0x03, 0xC0, 0x78, 0x3F, 0x00,
    0x01, 0xE0, 0x00, 0x00, 0x00,
    0x01, 0xE0, 0x00, 0x00, 0x00,
    0x00, 0xF0, 0x00, 0x00, 0x00,
    0x00, 0x7C, 0x00, 0x40, 0x00,
    0x00, 0x3F, 0x03, 0xC0, 0x00,
    0x00, 0x1F, 0xFF, 0xC0, 0x00,
    0x00, 0x0F, 0xFF, 0x80, 0x00,
    0x00, 0x01, 0xFC, 0x00, 0x00,
    0x00, 0x00, 0x00, 0x00, 0x00,
    0x00, 0x00, 0x00, 0x00, 0x00,
    0x00, 0x00, 0x00, 0x00, 0x00,
    0x00, 0x00, 0x00, 0x00, 0x00,
    0x00, 0x00, 0x00, 0x00, 0x00,
    EFI_HII_GIBT_GLYPH_DEFAULT,
    0x00, 0x00, 0x00, 0x00, 0x00,          // Character: 'A' (0x0041)
    0x00, 0x00, 0x00, 0x00, 0x00,
    0x00, 0x00, 0x00, 0x00, 0x00,
    0x00, 0x00, 0x00, 0x00, 0x00,
    0x00, 0x00, 0x00, 0x00, 0x00,
    0x00, 0x00, 0x00, 0x00, 0x00,
    0x00, 0x00, 0x00, 0x00, 0x00,
    0x00, 0x00, 0x00, 0x00, 0x00,
    0x00, 0x01, 0xF0, 0x00, 0x00,
    0x00, 0x01, 0xF0, 0x00, 0x00,
    0x00, 0x03, 0xF8, 0x00, 0x00,
    0x00, 0x03, 0xF8, 0x00, 0x00,
    0x00, 0x07, 0xFC, 0x00, 0x00,
    0x00, 0x07, 0xFC, 0x00, 0x00,
    0x00, 0x07, 0x3C, 0x00, 0x00,
    0x00, 0x0F, 0x3E, 0x00, 0x00,
    0x00, 0x0F, 0x1E, 0x00, 0x00,
    0x00, 0x0E, 0x1E, 0x00, 0x00,
    0x00, 0x1E, 0x1F, 0x00, 0x00,
    0x00, 0x1C, 0x0F, 0x00, 0x00,
    0x00, 0x3C, 0x0F, 0x80, 0x00,
    0x00, 0x3C, 0x0F, 0x80, 0x00,
    0x00, 0x38, 0x07, 0x80, 0x00,
    0x00, 0x78, 0x07, 0xC0, 0x00,
    0x00, 0x70, 0x03, 0xC0, 0x00,
    0x00, 0xF0, 0x03, 0xE0, 0x00,
    0x00, 0xF0, 0x03, 0xE0, 0x00,
    0x00, 0xFF, 0xFF, 0xE0, 0x00,
    0x01, 0xFF, 0xFF, 0xF0, 0x00,
    0x01, 0xFF, 0xFF, 0xF0, 0x00,
    0x03, 0xC0, 0x00, 0xF8, 0x00,
    0x03, 0xC0, 0x00, 0xF8, 0x00,
    0x03, 0x80, 0x00, 0x78, 0x00,
    0x07, 0x80, 0x00, 0x7C, 0x00,
    0x07, 0x80, 0x00, 0x7C, 0x00,
    0x0F, 0x00, 0x00, 0x3E, 0x00,
    0x0F, 0x00, 0x00, 0x3E, 0x00,
    0x0E, 0x00, 0x00, 0x1E, 0x00,
    0x00, 0x00, 0x00, 0x00, 0x00,
    0x00, 0x00, 0x00, 0x00, 0x00,
    0x00, 0x00, 0x00, 0x00, 0x00,
    0x00, 0x00, 0x00, 0x00, 0x00,
    0x00, 0x00, 0x00, 0x00, 0x00,
    0x00, 0x00, 0x00, 0x00, 0x00,
    EFI_HII_GIBT_GLYPH_DEFAULT,
    0x00, 0x00, 0x00, 0x00, 0x00,          // Character: 'B' (0x0042)
    0x00, 0x00, 0x00, 0x00, 0x00,
    0x00, 0x00, 0x00, 0x00, 0x00,
    0x00, 0x00, 0x00, 0x00, 0x00,
    0x00, 0x00, 0x00, 0x00, 0x00,
    0x00, 0x00, 0x00, 0x00, 0x00,
    0x00, 0x00, 0x00, 0x00, 0x00,
    0x00, 0x00, 0x00, 0x00, 0x00,
    0x01, 0xFF, 0xFC, 0x00, 0x00,
    0x01, 0xFF, 0xFF, 0x80, 0x00,
    0x01, 0xFF, 0xFF, 0xC0, 0x00,
    0x01, 0xF0, 0x0F, 0xE0, 0x00,
    0x01, 0xF0, 0x03, 0xE0, 0x00,
    0x01, 0xF0, 0x01, 0xE0, 0x00,
    0x01, 0xF0, 0x01, 0xF0, 0x00,
    0x01, 0xF0, 0x01, 0xF0, 0x00,
    0x01, 0xF0, 0x01, 0xE0, 0x00,
    0x01, 0xF0, 0x01, 0xE0, 0x00,
    0x01, 0xF0, 0x03, 0xE0, 0x00,
    0x01, 0xF0, 0x07, 0xC0, 0x00,
    0x01, 0xF0, 0x1F, 0x80, 0x00,
    0x01, 0xFF, 0xFE, 0x00, 0x00,
    0x01, 0xFF, 0xF8, 0x00, 0x00,
    0x01, 0xFF, 0xFF, 0x00, 0x00,
    0x01, 0xF0, 0x3F, 0xC0, 0x00,
    0x01, 0xF0, 0x07, 0xE0, 0x00,
    0x01, 0xF0, 0x01, 0xF0, 0x00,
    0x01, 0xF0, 0x01, 0xF8, 0x00,
    0x01, 0xF0, 0x00, 0xF8, 0x00,
    0x01, 0xF0, 0x00, 0xF8, 0x00,
    0x01, 0xF0, 0x00, 0xF8, 0x00,
    0x01, 0xF0, 0x00, 0xF8, 0x00,
    0x01, 0xF0, 0x00, 0xF8, 0x00,
    0x01, 0xF0, 0x01, 0xF0, 0x00,
    0x01, 0xF0, 0x07, 0xF0, 0x00,
    0x01, 0xFF, 0xFF, 0xE0, 0x00,
    0x01, 0xFF, 0xFF, 0xC0, 0x00,
    0x01, 0xFF, 0xFE, 0x00, 0x00,
    0x00, 0x00, 0x00, 0x00, 0x00,
    0x00, 0x00, 0x00, 0x00, 0x00,
    0x00, 0x00, 0x00, 0x00, 0x00,
    0x00, 0x00, 0x00, 0x00, 0x00,
    0x00, 0x00, 0x00, 0x00, 0x00,
    0x00, 0x00, 0x00, 0x00, 0x00,
    EFI_HII_GIBT_GLYPH_DEFAULT,
    0x00, 0x00, 0x00, 0x00, 0x00,          // Character: 'C' (0x0043)
    0x00, 0x00, 0x00, 0x00, 0x00,
    0x00, 0x00, 0x00, 0x00, 0x00,
    0x00, 0x00, 0x00, 0x00, 0x00,
    0x00, 0x00, 0x00, 0x00, 0x00,
    0x00, 0x00, 0x00, 0x00, 0x00,
    0x00, 0x00, 0x00, 0x00, 0x00,
    0x00, 0x00, 0x7F, 0xE0, 0x00,
    0x00, 0x03, 0xFF, 0xFC, 0x00,
    0x00, 0x0F, 0xFF, 0xFC, 0x00,
    0x00, 0x1F, 0xC0, 0x7C, 0x00,
    0x00, 0x3F, 0x00, 0x0C, 0x00,
    0x00, 0x7C, 0x00, 0x00, 0x00,
    0x00, 0xF8, 0x00, 0x00, 0x00,
    0x00, 0xF8, 0x00, 0x00, 0x00,
    0x01, 0xF0, 0x00, 0x00, 0x00,
    0x01, 0xF0, 0x00, 0x00, 0x00,
    0x03, 0xE0, 0x00, 0x00, 0x00,
    0x03, 0xE0, 0x00, 0x00, 0x00,
    0x03, 0xE0, 0x00, 0x00, 0x00,
    0x03, 0xC0, 0x00, 0x00, 0x00,
    0x03, 0xC0, 0x00, 0x00, 0x00,
    0x07, 0xC0, 0x00, 0x00, 0x00,
    0x07, 0xC0, 0x00, 0x00, 0x00,
    0x03, 0xC0, 0x00, 0x00, 0x00,
    0x03, 0xC0, 0x00, 0x00, 0x00,
    0x03, 0xE0, 0x00, 0x00, 0x00,
    0x03, 0xE0, 0x00, 0x00, 0x00,
    0x03, 0xE0, 0x00, 0x00, 0x00,
    0x01, 0xF0, 0x00, 0x00, 0x00,
    0x01, 0xF0, 0x00, 0x00, 0x00,
    0x01, 0xF8, 0x00, 0x00, 0x00,
    0x00, 0xFC, 0x00, 0x00, 0x00,
    0x00, 0x7E, 0x00, 0x00, 0x00,
    0x00, 0x3F, 0x00, 0x00, 0x00,
    0x00, 0x1F, 0xE0, 0x3C, 0x00,
    0x00, 0x0F, 0xFF, 0xFC, 0x00,
    0x00, 0x03, 0xFF, 0xFC, 0x00,
    0x00, 0x00, 0x7F, 0xE0, 0x00,
    0x00, 0x00, 0x00, 0x00, 0x00,
    0x00, 0x00, 0x00, 0x00, 0x00,
    0x00, 0x00, 0x00, 0x00, 0x00,
    0x00, 0x00, 0x00, 0x00, 0x00,
    0x00, 0x00, 0x00, 0x00, 0x00,
    EFI_HII_GIBT_GLYPH_DEFAULT,
    0x00, 0x00, 0x00, 0x00, 0x00,          // Character: 'D' (0x0044)
    0x00, 0x00, 0x00, 0x00, 0x00,
    0x00, 0x00, 0x00, 0x00, 0x00,
    0x00, 0x00, 0x00, 0x00, 0x00,
    0x00, 0x00, 0x00, 0x00, 0x00,
    0x00, 0x00, 0x00, 0x00, 0x00,
    0x00, 0x00, 0x00, 0x00, 0x00,
    0x00, 0x00, 0x00, 0x00, 0x00,
    0x03, 0xFF, 0xF0, 0x00, 0x00,
    0x03, 0xFF, 0xFE, 0x00, 0x00,
    0x03, 0xFF, 0xFF, 0x80, 0x00,
    0x03, 0xE0, 0x1F, 0xC0, 0x00,
    0x03, 0xE0, 0x07, 0xE0, 0x00,
    0x03, 0xE0, 0x01, 0xF0, 0x00,
    0x03, 0xE0, 0x01, 0xF8, 0x00,
    0x03, 0xE0, 0x00, 0xF8, 0x00,
    0x03, 0xE0, 0x00, 0xF8, 0x00,
    0x03, 0xE0, 0x00, 0x7C, 0x00,
    0x03, 0xE0, 0x00, 0x7C, 0x00,
    0x03, 0xE0, 0x00, 0x7C, 0x00,
    0x03, 0xE0, 0x00, 0x7C, 0x00,
    0x03, 0xE0, 0x00, 0x7C, 0x00,
    0x03, 0xE0, 0x00, 0x7C, 0x00,
    0x03, 0xE0, 0x00, 0x7C, 0x00,
    0x03, 0xE0, 0x00, 0x7C, 0x00,
    0x03, 0xE0, 0x00, 0x7C, 0x00,
    0x03, 0xE0, 0x00, 0x7C, 0x00,
    0x03, 0xE0, 0x00, 0x7C, 0x00,
    0x03, 0xE0, 0x00, 0x78, 0x00,
    0x03, 0xE0, 0x00, 0xF8, 0x00,
    0x03, 0xE0, 0x00, 0xF8, 0x00,
    0x03, 0xE0, 0x01, 0xF0, 0x00,
    0x03, 0xE0, 0x03, 0xE0, 0x00,
    0x03, 0xE0, 0x07, 0xE0, 0x00,
    0x03, 0xE0, 0x3F, 0xC0, 0x00,
    0x03, 0xFF, 0xFF, 0x00, 0x00,
    0x03, 0xFF, 0xFE, 0x00, 0x00,
    0x03, 0xFF, 0xF0, 0x00, 0x00,
    0x00, 0x00, 0x00, 0x00, 0x00,
    0x00, 0x00, 0x00, 0x00, 0x00,
    0x00, 0x00, 0x00, 0x00, 0x00,
    0x00, 0x00, 0x00, 0x00, 0x00,
    0x00, 0x00, 0x00, 0x00, 0x00,
    0x00, 0x00, 0x00, 0x00, 0x00,
    EFI_HII_GIBT_GLYPH_DEFAULT,
    0x00, 0x00, 0x00, 0x00, 0x00,          // Character: 'E' (0x0045)
    0x00, 0x00, 0x00, 0x00, 0x00,
    0x00, 0x00, 0x00, 0x00, 0x00,
    0x00, 0x00, 0x00, 0x00, 0x00,
    0x00, 0x00, 0x00, 0x00, 0x00,
    0x00, 0x00, 0x00, 0x00, 0x00,
    0x00, 0x00, 0x00, 0x00, 0x00,
    0x00, 0x00, 0x00, 0x00, 0x00,
    0x00, 0xFF, 0xFF, 0xF0, 0x00,
    0x00, 0xFF, 0xFF, 0xF0, 0x00,
    0x00, 0xFF, 0xFF, 0xF0, 0x00,
    0x00, 0xF8, 0x00, 0x00, 0x00,
    0x00, 0xF8, 0x00, 0x00, 0x00,
    0x00, 0xF8, 0x00, 0x00, 0x00,
    0x00, 0xF8, 0x00, 0x00, 0x00,
    0x00, 0xF8, 0x00, 0x00, 0x00,
    0x00, 0xF8, 0x00, 0x00, 0x00,
    0x00, 0xF8, 0x00, 0x00, 0x00,
    0x00, 0xF8, 0x00, 0x00, 0x00,
    0x00, 0xF8, 0x00, 0x00, 0x00,
    0x00, 0xF8, 0x00, 0x00, 0x00,
    0x00, 0xFF, 0xFF, 0xC0, 0x00,
    0x00, 0xFF, 0xFF, 0xC0, 0x00,
    0x00, 0xFF, 0xFF, 0xC0, 0x00,
    0x00, 0xF8, 0x00, 0x00, 0x00,
    0x00, 0xF8, 0x00, 0x00, 0x00,
    0x00, 0xF8, 0x00, 0x00, 0x00,
    0x00, 0xF8, 0x00, 0x00, 0x00,
    0x00, 0xF8, 0x00, 0x00, 0x00,
    0x00, 0xF8, 0x00, 0x00, 0x00,
    0x00, 0xF8, 0x00, 0x00, 0x00,
    0x00, 0xF8, 0x00, 0x00, 0x00,
    0x00, 0xF8, 0x00, 0x00, 0x00,
    0x00, 0xF8, 0x00, 0x00, 0x00,
    0x00, 0xF8, 0x00, 0x00, 0x00,
    0x00, 0xFF, 0xFF, 0xF8, 0x00,
    0x00, 0xFF, 0xFF, 0xF8, 0x00,
    0x00, 0xFF, 0xFF, 0xF8, 0x00,
    0x00, 0x00, 0x00, 0x00, 0x00,
    0x00, 0x00, 0x00, 0x00, 0x00,
    0x00, 0x00, 0x00, 0x00, 0x00,
    0x00, 0x00, 0x00, 0x00, 0x00,
    0x00, 0x00, 0x00, 0x00, 0x00,
    0x00, 0x00, 0x00, 0x00, 0x00,
    EFI_HII_GIBT_GLYPH_DEFAULT,
    0x00, 0x03, 0x00, 0x00, 0x00,          // Character: 'F' (0x0046)
    0x00, 0x00, 0x00, 0x00, 0x00,
    0x00, 0x00, 0x00, 0x00, 0x00,
    0x00, 0x00, 0x00, 0x00, 0x00,
    0x00, 0x00, 0x00, 0x00, 0x00,
    0x00, 0x00, 0x00, 0x00, 0x00,
    0x00, 0x00, 0x00, 0x00, 0x00,
    0x00, 0x00, 0x00, 0x00, 0x00,
    0x00, 0x7F, 0xFF, 0xFC, 0x00,
    0x00, 0x7F, 0xFF, 0xFC, 0x00,
    0x00, 0x7F, 0xFF, 0xFC, 0x00,
    0x00, 0x78, 0x00, 0x00, 0x00,
    0x00, 0x78, 0x00, 0x00, 0x00,
    0x00, 0x78, 0x00, 0x00, 0x00,
    0x00, 0x78, 0x00, 0x00, 0x00,
    0x00, 0x78, 0x00, 0x00, 0x00,
    0x00, 0x78, 0x00, 0x00, 0x00,
    0x00, 0x78, 0x00, 0x00, 0x00,
    0x00, 0x78, 0x00, 0x00, 0x00,
    0x00, 0x78, 0x00, 0x00, 0x00,
    0x00, 0x78, 0x00, 0x00, 0x00,
    0x00, 0x78, 0x00, 0x00, 0x00,
    0x00, 0x7F, 0xFF, 0xF0, 0x00,
    0x00, 0x7F, 0xFF, 0xF0, 0x00,
    0x00, 0x7F, 0xFF, 0xF0, 0x00,
    0x00, 0x78, 0x00, 0x00, 0x00,
    0x00, 0x78, 0x00, 0x00, 0x00,
    0x00, 0x78, 0x00, 0x00, 0x00,
    0x00, 0x78, 0x00, 0x00, 0x00,
    0x00, 0x78, 0x00, 0x00, 0x00,
    0x00, 0x78, 0x00, 0x00, 0x00,
    0x00, 0x78, 0x00, 0x00, 0x00,
    0x00, 0x78, 0x00, 0x00, 0x00,
    0x00, 0x78, 0x00, 0x00, 0x00,
    0x00, 0x78, 0x00, 0x00, 0x00,
    0x00, 0x78, 0x00, 0x00, 0x00,
    0x00, 0x78, 0x00, 0x00, 0x00,
    0x00, 0x78, 0x00, 0x00, 0x00,
    0x00, 0x00, 0x00, 0x00, 0x00,
    0x00, 0x00, 0x00, 0x00, 0x00,
    0x00, 0x00, 0x00, 0x00, 0x00,
    0x00, 0x00, 0x00, 0x00, 0x00,
    0x00, 0x00, 0x00, 0x00, 0x00,
    0x00, 0x00, 0x00, 0x00, 0x00,
    EFI_HII_GIBT_GLYPH_DEFAULT,
    0x00, 0x00, 0x00, 0x00, 0x00,          // Character: 'G' (0x0047)
    0x00, 0x00, 0x00, 0x00, 0x00,
    0x00, 0x00, 0x00, 0x00, 0x00,
    0x00, 0x00, 0x00, 0x00, 0x00,
    0x00, 0x00, 0x00, 0x00, 0x00,
    0x00, 0x00, 0x00, 0x00, 0x00,
    0x00, 0x00, 0x00, 0x00, 0x00,
    0x00, 0x00, 0xFF, 0xC0, 0x00,
    0x00, 0x07, 0xFF, 0xF8, 0x00,
    0x00, 0x0F, 0xFF, 0xF8, 0x00,
    0x00, 0x3F, 0x80, 0x78, 0x00,
    0x00, 0x7E, 0x00, 0x08, 0x00,
    0x00, 0xFC, 0x00, 0x00, 0x00,
    0x00, 0xF8, 0x00, 0x00, 0x00,
    0x01, 0xF0, 0x00, 0x00, 0x00,
    0x03, 0xE0, 0x00, 0x00, 0x00,
    0x03, 0xE0, 0x00, 0x00, 0x00,
    0x03, 0xE0, 0x00, 0x00, 0x00,
    0x07, 0xC0, 0x00, 0x00, 0x00,
    0x07, 0xC0, 0x00, 0x00, 0x00,
    0x07, 0xC0, 0x00, 0x00, 0x00,
    0x07, 0xC0, 0x00, 0x00, 0x00,
    0x07, 0xC0, 0x00, 0x00, 0x00,
    0x07, 0xC0, 0x00, 0x00, 0x00,
    0x07, 0xC0, 0x1F, 0xF8, 0x00,
    0x07, 0xC0, 0x1F, 0xF8, 0x00,
    0x07, 0xC0, 0x1F, 0xF8, 0x00,
    0x07, 0xC0, 0x00, 0x78, 0x00,
    0x03, 0xE0, 0x00, 0x78, 0x00,
    0x03, 0xE0, 0x00, 0x78, 0x00,
    0x03, 0xF0, 0x00, 0x78, 0x00,
    0x01, 0xF0, 0x00, 0x78, 0x00,
    0x00, 0xF8, 0x00, 0x78, 0x00,
    0x00, 0xFC, 0x00, 0x78, 0x00,
    0x00, 0x7F, 0x00, 0x78, 0x00,
    0x00, 0x3F, 0xC0, 0x78, 0x00,
    0x00, 0x0F, 0xFF, 0xF8, 0x00,
    0x00, 0x07, 0xFF, 0xF8, 0x00,
    0x00, 0x00, 0xFF, 0xC0, 0x00,
    0x00, 0x00, 0x00, 0x00, 0x00,
    0x00, 0x00, 0x00, 0x00, 0x00,
    0x00, 0x00, 0x00, 0x00, 0x00,
    0x00, 0x00, 0x00, 0x00, 0x00,
    0x00, 0x00, 0x00, 0x00, 0x00,
    EFI_HII_GIBT_GLYPH_DEFAULT,
    0x00, 0x00, 0x00, 0x00, 0x00,          // Character: 'H' (0x0048)
    0x00, 0x00, 0x00, 0x00, 0x00,
    0x00, 0x00, 0x00, 0x00, 0x00,
    0x00, 0x00, 0x00, 0x00, 0x00,
    0x00, 0x00, 0x00, 0x00, 0x00,
    0x00, 0x00, 0x00, 0x00, 0x00,
    0x00, 0x00, 0x00, 0x00, 0x00,
    0x00, 0x00, 0x00, 0x00, 0x00,
    0x01, 0xE0, 0x00, 0xF0, 0x00,
    0x01, 0xE0, 0x00, 0xF0, 0x00,
    0x01, 0xE0, 0x00, 0xF0, 0x00,
    0x01, 0xE0, 0x00, 0xF0, 0x00,
    0x01, 0xE0, 0x00, 0xF0, 0x00,
    0x01, 0xE0, 0x00, 0xF0, 0x00,
    0x01, 0xE0, 0x00, 0xF0, 0x00,
    0x01, 0xE0, 0x00, 0xF0, 0x00,
    0x01, 0xE0, 0x00, 0xF0, 0x00,
    0x01, 0xE0, 0x00, 0xF0, 0x00,
    0x01, 0xE0, 0x00, 0xF0, 0x00,
    0x01, 0xE0, 0x00, 0xF0, 0x00,
    0x01, 0xE0, 0x00, 0xF0, 0x00,
    0x01, 0xE0, 0x00, 0xF0, 0x00,
    0x01, 0xFF, 0xFF, 0xF0, 0x00,
    0x01, 0xFF, 0xFF, 0xF0, 0x00,
    0x01, 0xFF, 0xFF, 0xF0, 0x00,
    0x01, 0xE0, 0x00, 0xF0, 0x00,
    0x01, 0xE0, 0x00, 0xF0, 0x00,
    0x01, 0xE0, 0x00, 0xF0, 0x00,
    0x01, 0xE0, 0x00, 0xF0, 0x00,
    0x01, 0xE0, 0x00, 0xF0, 0x00,
    0x01, 0xE0, 0x00, 0xF0, 0x00,
    0x01, 0xE0, 0x00, 0xF0, 0x00,
    0x01, 0xE0, 0x00, 0xF0, 0x00,
    0x01, 0xE0, 0x00, 0xF0, 0x00,
    0x01, 0xE0, 0x00, 0xF0, 0x00,
    0x01, 0xE0, 0x00, 0xF0, 0x00,
    0x01, 0xE0, 0x00, 0xF0, 0x00,
    0x01, 0xE0, 0x00, 0xF0, 0x00,
    0x00, 0x00, 0x00, 0x00, 0x00,
    0x00, 0x00, 0x00, 0x00, 0x00,
    0x00, 0x00, 0x00, 0x00, 0x00,
    0x00, 0x00, 0x00, 0x00, 0x00,
    0x00, 0x00, 0x00, 0x00, 0x00,
    0x00, 0x00, 0x00, 0x00, 0x00,
    EFI_HII_GIBT_GLYPH_DEFAULT,
    0x00, 0x00, 0x00, 0x00, 0x00,          // Character: 'I' (0x0049)
    0x00, 0x00, 0x00, 0x00, 0x00,
    0x00, 0x00, 0x00, 0x00, 0x00,
    0x00, 0x00, 0x00, 0x00, 0x00,
    0x00, 0x00, 0x00, 0x00, 0x00,
    0x00, 0x00, 0x00, 0x00, 0x00,
    0x00, 0x00, 0x00, 0x00, 0x00,
    0x00, 0x00, 0x00, 0x00, 0x00,
    0x01, 0xFF, 0xFF, 0xF0, 0x00,
    0x01, 0xFF, 0xFF, 0xF0, 0x00,
    0x01, 0xFF, 0xFF, 0xF0, 0x00,
    0x00, 0x01, 0xF0, 0x00, 0x00,
    0x00, 0x01, 0xF0, 0x00, 0x00,
    0x00, 0x01, 0xF0, 0x00, 0x00,
    0x00, 0x01, 0xF0, 0x00, 0x00,
    0x00, 0x01, 0xF0, 0x00, 0x00,
    0x00, 0x01, 0xF0, 0x00, 0x00,
    0x00, 0x01, 0xF0, 0x00, 0x00,
    0x00, 0x01, 0xF0, 0x00, 0x00,
    0x00, 0x01, 0xF0, 0x00, 0x00,
    0x00, 0x01, 0xF0, 0x00, 0x00,
    0x00, 0x01, 0xF0, 0x00, 0x00,
    0x00, 0x01, 0xF0, 0x00, 0x00,
    0x00, 0x01, 0xF0, 0x00, 0x00,
    0x00, 0x01, 0xF0, 0x00, 0x00,
    0x00, 0x01, 0xF0, 0x00, 0x00,
    0x00, 0x01, 0xF0, 0x00, 0x00,
    0x00, 0x01, 0xF0, 0x00, 0x00,
    0x00, 0x01, 0xF0, 0x00, 0x00,
    0x00, 0x01, 0xF0, 0x00, 0x00,
    0x00, 0x01, 0xF0, 0x00, 0x00,
    0x00, 0x01, 0xF0, 0x00, 0x00,
    0x00, 0x01, 0xF0, 0x00, 0x00,
    0x00, 0x01, 0xF0, 0x00, 0x00,
    0x00, 0x01, 0xF0, 0x00, 0x00,
    0x01, 0xFF, 0xFF, 0xF0, 0x00,
    0x01, 0xFF, 0xFF, 0xF0, 0x00,
    0x01, 0xFF, 0xFF, 0xF0, 0x00,
    0x00, 0x00, 0x00, 0x00, 0x00,
    0x00, 0x00, 0x00, 0x00, 0x00,
    0x00, 0x00, 0x00, 0x00, 0x00,
    0x00, 0x00, 0x00, 0x00, 0x00,
    0x00, 0x00, 0x00, 0x00, 0x00,
    0x00, 0x00, 0x00, 0x00, 0x00,
    EFI_HII_GIBT_GLYPH_DEFAULT,
    0x00, 0x00, 0x00, 0x00, 0x00,          // Character: 'J' (0x004A)
    0x00, 0x00, 0x00, 0x00, 0x00,
    0x00, 0x00, 0x00, 0x00, 0x00,
    0x00, 0x00, 0x00, 0x00, 0x00,
    0x00, 0x00, 0x00, 0x00, 0x00,
    0x00, 0x00, 0x00, 0x00, 0x00,
    0x00, 0x00, 0x00, 0x00, 0x00,
    0x00, 0x00, 0x00, 0x00, 0x00,
    0x00, 0x3F, 0xFF, 0x80, 0x00,
    0x00, 0x3F, 0xFF, 0x80, 0x00,
    0x00, 0x3F, 0xFF, 0x80, 0x00,
    0x00, 0x00, 0x0F, 0x80, 0x00,
    0x00, 0x00, 0x0F, 0x80, 0x00,
    0x00, 0x00, 0x0F, 0x80, 0x00,
    0x00, 0x00, 0x0F, 0x80, 0x00,
    0x00, 0x00, 0x0F, 0x80, 0x00,
    0x00, 0x00, 0x0F, 0x80, 0x00,
    0x00, 0x00, 0x0F, 0x80, 0x00,
    0x00, 0x00, 0x0F, 0x80, 0x00,
    0x00, 0x00, 0x0F, 0x80, 0x00,
    0x00, 0x00, 0x0F, 0x80, 0x00,
    0x00, 0x00, 0x0F, 0x80, 0x00,
    0x00, 0x00, 0x0F, 0x80, 0x00,
    0x00, 0x00, 0x0F, 0x80, 0x00,
    0x00, 0x00, 0x0F, 0x80, 0x00,
    0x00, 0x00, 0x0F, 0x80, 0x00,
    0x00, 0x00, 0x0F, 0x80, 0x00,
    0x00, 0x00, 0x0F, 0x80, 0x00,
    0x00, 0x00, 0x0F, 0x80, 0x00,
    0x00, 0x00, 0x0F, 0x80, 0x00,
    0x00, 0x00, 0x0F, 0x80, 0x00,
    0x00, 0x00, 0x0F, 0x00, 0x00,
    0x00, 0x00, 0x0F, 0x00, 0x00,
    0x00, 0x00, 0x1F, 0x00, 0x00,
    0x00, 0x80, 0x1E, 0x00, 0x00,
    0x00, 0xE0, 0x7E, 0x00, 0x00,
    0x00, 0xFF, 0xFC, 0x00, 0x00,
    0x00, 0xFF, 0xF0, 0x00, 0x00,
    0x00, 0x3F, 0xC0, 0x00, 0x00,
    0x00, 0x00, 0x00, 0x00, 0x00,
    0x00, 0x00, 0x00, 0x00, 0x00,
    0x00, 0x00, 0x00, 0x00, 0x00,
    0x00, 0x00, 0x00, 0x00, 0x00,
    0x00, 0x00, 0x00, 0x00, 0x00,
    EFI_HII_GIBT_GLYPH_DEFAULT,
    0x00, 0x00, 0x00, 0x00, 0x00,          // Character: 'K' (0x004B)
    0x00, 0x00, 0x00, 0x00, 0x00,
    0x00, 0x00, 0x00, 0x00, 0x00,
    0x00, 0x00, 0x00, 0x00, 0x00,
    0x00, 0x00, 0x00, 0x00, 0x00,
    0x00, 0x00, 0x00, 0x00, 0x00,
    0x00, 0x00, 0x00, 0x00, 0x00,
    0x00, 0x00, 0x00, 0x00, 0x00,
    0x01, 0xF0, 0x00, 0xF8, 0x00,
    0x01, 0xF0, 0x01, 0xF0, 0x00,
    0x01, 0xF0, 0x03, 0xE0, 0x00,
    0x01, 0xF0, 0x07, 0xC0, 0x00,
    0x01, 0xF0, 0x0F, 0x80, 0x00,
    0x01, 0xF0, 0x0F, 0x00, 0x00,
    0x01, 0xF0, 0x1E, 0x00, 0x00,
    0x01, 0xF0, 0x3C, 0x00, 0x00,
    0x01, 0xF0, 0x7C, 0x00, 0x00,
    0x01, 0xF0, 0xF8, 0x00, 0x00,
    0x01, 0xF1, 0xF0, 0x00, 0x00,
    0x01, 0xF3, 0xE0, 0x00, 0x00,
    0x01, 0xF3, 0xC0, 0x00, 0x00,
    0x01, 0xF7, 0x80, 0x00, 0x00,
    0x01, 0xFF, 0x80, 0x00, 0x00,
    0x01, 0xFF, 0xC0, 0x00, 0x00,
    0x01, 0xF7, 0xE0, 0x00, 0x00,
    0x01, 0xF3, 0xF0, 0x00, 0x00,
    0x01, 0xF1, 0xF8, 0x00, 0x00,
    0x01, 0xF0, 0xFC, 0x00, 0x00,
    0x01, 0xF0, 0x7C, 0x00, 0x00,
    0x01, 0xF0, 0x3E, 0x00, 0x00,
    0x01, 0xF0, 0x1F, 0x00, 0x00,
    0x01, 0xF0, 0x0F, 0x80, 0x00,
    0x01, 0xF0, 0x07, 0xC0, 0x00,
    0x01, 0xF0, 0x03, 0xE0, 0x00,
    0x01, 0xF0, 0x01, 0xF0, 0x00,
    0x01, 0xF0, 0x01, 0xF8, 0x00,
    0x01, 0xF0, 0x00, 0xFC, 0x00,
    0x01, 0xF0, 0x00, 0x7E, 0x00,
    0x00, 0x00, 0x00, 0x00, 0x00,
    0x00, 0x00, 0x00, 0x00, 0x00,
    0x00, 0x00, 0x00, 0x00, 0x00,
    0x00, 0x00, 0x00, 0x00, 0x00,
    0x00, 0x00, 0x00, 0x00, 0x00,
    0x00, 0x00, 0x00, 0x00, 0x00,
    EFI_HII_GIBT_GLYPH_DEFAULT,
    0x00, 0x00, 0x00, 0x00, 0x00,          // Character: 'L' (0x004C)
    0x00, 0x00, 0x00, 0x00, 0x00,
    0x00, 0x00, 0x00, 0x00, 0x00,
    0x00, 0x00, 0x00, 0x00, 0x00,
    0x00, 0x00, 0x00, 0x00, 0x00,
    0x00, 0x00, 0x00, 0x00, 0x00,
    0x00, 0x00, 0x00, 0x00, 0x00,
    0x00, 0x00, 0x00, 0x00, 0x00,
    0x00, 0xF8, 0x00, 0x00, 0x00,
    0x00, 0xF8, 0x00, 0x00, 0x00,
    0x00, 0xF8, 0x00, 0x00, 0x00,
    0x00, 0xF8, 0x00, 0x00, 0x00,
    0x00, 0xF8, 0x00, 0x00, 0x00,
    0x00, 0xF8, 0x00, 0x00, 0x00,
    0x00, 0xF8, 0x00, 0x00, 0x00,
    0x00, 0xF8, 0x00, 0x00, 0x00,
    0x00, 0xF8, 0x00, 0x00, 0x00,
    0x00, 0xF8, 0x00, 0x00, 0x00,
    0x00, 0xF8, 0x00, 0x00, 0x00,
    0x00, 0xF8, 0x00, 0x00, 0x00,
    0x00, 0xF8, 0x00, 0x00, 0x00,
    0x00, 0xF8, 0x00, 0x00, 0x00,
    0x00, 0xF8, 0x00, 0x00, 0x00,
    0x00, 0xF8, 0x00, 0x00, 0x00,
    0x00, 0xF8, 0x00, 0x00, 0x00,
    0x00, 0xF8, 0x00, 0x00, 0x00,
    0x00, 0xF8, 0x00, 0x00, 0x00,
    0x00, 0xF8, 0x00, 0x00, 0x00,
    0x00, 0xF8, 0x00, 0x00, 0x00,
    0x00, 0xF8, 0x00, 0x00, 0x00,
    0x00, 0xF8, 0x00, 0x00, 0x00,
    0x00, 0xF8, 0x00, 0x00, 0x00,
    0x00, 0xF8, 0x00, 0x00, 0x00,
    0x00, 0xF8, 0x00, 0x00, 0x00,
    0x00, 0xF8, 0x00, 0x00, 0x00,
    0x00, 0xFF, 0xFF, 0xF8, 0x00,
    0x00, 0xFF, 0xFF, 0xF8, 0x00,
    0x00, 0xFF, 0xFF, 0xF8, 0x00,
    0x00, 0x00, 0x00, 0x00, 0x00,
    0x00, 0x00, 0x00, 0x00, 0x00,
    0x00, 0x00, 0x00, 0x00, 0x00,
    0x00, 0x00, 0x00, 0x00, 0x00,
    0x00, 0x00, 0x00, 0x00, 0x00,
    0x00, 0x00, 0x00, 0x00, 0x00,
    EFI_HII_GIBT_GLYPH_DEFAULT,
    0x00, 0x00, 0x00, 0x00, 0x00,          // Character: 'M' (0x004D)
    0x00, 0x00, 0x00, 0x00, 0x00,
    0x00, 0x00, 0x00, 0x00, 0x00,
    0x00, 0x00, 0x00, 0x00, 0x00,
    0x00, 0x00, 0x00, 0x00, 0x00,
    0x00, 0x00, 0x00, 0x00, 0x00,
    0x00, 0x00, 0x00, 0x00, 0x00,
    0x00, 0x00, 0x00, 0x00, 0x00,
    0x07, 0xE0, 0x00, 0xFC, 0x00,
    0x07, 0xE0, 0x00, 0xFC, 0x00,
    0x07, 0xF0, 0x01, 0xFC, 0x00,
    0x07, 0xF0, 0x01, 0xFC, 0x00,
    0x07, 0xF0, 0x03, 0xFC, 0x00,
    0x07, 0xF8, 0x03, 0xFC, 0x00,
    0x07, 0xF8, 0x03, 0xBC, 0x00,
    0x07, 0x38, 0x07, 0xBC, 0x00,
    0x07, 0x3C, 0x07, 0x3C, 0x00,
    0x07, 0x3C, 0x07, 0x3C, 0x00,
    0x07, 0x1C, 0x0F, 0x3C, 0x00,
    0x07, 0x1E, 0x0E, 0x3C, 0x00,
    0x07, 0x1E, 0x0E, 0x3C, 0x00,
    0x07, 0x0E, 0x1E, 0x3C, 0x00,
    0x07, 0x0F, 0x1C, 0x3C, 0x00,
    0x07, 0x0F, 0x1C, 0x3C, 0x00,
    0x07, 0x07, 0xBC, 0x3C, 0x00,
    0x07, 0x07, 0xB8, 0x3C, 0x00,
    0x07, 0x07, 0xF8, 0x3C, 0x00,
    0x07, 0x03, 0xF8, 0x3C, 0x00,
    0x07, 0x03, 0xF0, 0x3C, 0x00,
    0x07, 0x03, 0xF0, 0x3C, 0x00,
    0x07, 0x01, 0xF0, 0x3C, 0x00,
    0x07, 0x01, 0xE0, 0x3C, 0x00,
    0x07, 0x00, 0x00, 0x3C, 0x00,
    0x07, 0x00, 0x00, 0x3C, 0x00,
    0x07, 0x00, 0x00, 0x3C, 0x00,
    0x07, 0x00, 0x00, 0x3C, 0x00,
    0x07, 0x00, 0x00, 0x3C, 0x00,
    0x07, 0x00, 0x00, 0x3C, 0x00,
    0x00, 0x00, 0x00, 0x00, 0x00,
    0x00, 0x00, 0x00, 0x00, 0x00,
    0x00, 0x00, 0x00, 0x00, 0x00,
    0x00, 0x00, 0x00, 0x00, 0x00,
    0x00, 0x00, 0x00, 0x00, 0x00,
    0x00, 0x00, 0x00, 0x00, 0x00,
    EFI_HII_GIBT_GLYPH_DEFAULT,
    0x00, 0x00, 0x00, 0x00, 0x00,          // Character: 'N' (0x004E)
    0x00, 0x00, 0x00, 0x00, 0x00,
    0x00, 0x00, 0x00, 0x00, 0x00,
    0x00, 0x00, 0x00, 0x00, 0x00,
    0x00, 0x00, 0x00, 0x00, 0x00,
    0x00, 0x00, 0x00, 0x00, 0x00,
    0x00, 0x00, 0x00, 0x00, 0x00,
    0x00, 0x00, 0x00, 0x00, 0x00,
    0x01, 0xE0, 0x00, 0x78, 0x00,
    0x01, 0xF0, 0x00, 0x78, 0x00,
    0x01, 0xF0, 0x00, 0x78, 0x00,
    0x01, 0xF8, 0x00, 0x78, 0x00,
    0x01, 0xFC, 0x00, 0x78, 0x00,
    0x01, 0xFC, 0x00, 0x78, 0x00,
    0x01, 0xFE, 0x00, 0x78, 0x00,
    0x01, 0xFF, 0x00, 0x78, 0x00,
    0x01, 0xFF, 0x00, 0x78, 0x00,
    0x01, 0xDF, 0x80, 0x78, 0x00,
    0x01, 0xCF, 0xC0, 0x78, 0x00,
    0x01, 0xC7, 0xC0, 0x78, 0x00,
    0x01, 0xC7, 0xE0, 0x78, 0x00,
    0x01, 0xC3, 0xE0, 0x78, 0x00,
    0x01, 0xC1, 0xF0, 0x78, 0x00,
    0x01, 0xC1, 0xF8, 0x78, 0x00,
    0x01, 0xC0, 0xF8, 0x78, 0x00,
    0x01, 0xC0, 0xFC, 0x78, 0x00,
    0x01, 0xC0, 0x7E, 0x78, 0x00,
    0x01, 0xC0, 0x3E, 0x78, 0x00,
    0x01, 0xC0, 0x3F, 0x78, 0x00,
    0x01, 0xC0, 0x1F, 0xF8, 0x00,
    0x01, 0xC0, 0x0F, 0xF8, 0x00,
    0x01, 0xC0, 0x0F, 0xF8, 0x00,
    0x01, 0xC0, 0x07, 0xF8, 0x00,
    0x01, 0xC0, 0x03, 0xF8, 0x00,
    0x01, 0xC0, 0x03, 0xF8, 0x00,
    0x01, 0xC0, 0x01, 0xF8, 0x00,
    0x01, 0xC0, 0x01, 0xF8, 0x00,
    0x01, 0xC0, 0x00, 0xF8, 0x00,
    0x00, 0x00, 0x00, 0x00, 0x00,
    0x00, 0x00, 0x00, 0x00, 0x00,
    0x00, 0x00, 0x00, 0x00, 0x00,
    0x00, 0x00, 0x00, 0x00, 0x00,
    0x00, 0x00, 0x00, 0x00, 0x00,
    0x00, 0x00, 0x00, 0x00, 0x00,
    EFI_HII_GIBT_GLYPH_DEFAULT,
    0x00, 0x00, 0x00, 0x00, 0x00,          // Character: 'O' (0x004F)
    0x00, 0x00, 0x00, 0x00, 0x00,
    0x00, 0x00, 0x00, 0x00, 0x00,
    0x00, 0x00, 0x00, 0x00, 0x00,
    0x00, 0x00, 0x00, 0x00, 0x00,
    0x00, 0x00, 0x00, 0x00, 0x00,
    0x00, 0x00, 0x00, 0x00, 0x00,
    0x00, 0x03, 0xF8, 0x00, 0x00,
    0x00, 0x1F, 0xFF, 0x00, 0x00,
    0x00, 0x3F, 0xFF, 0x80, 0x00,
    0x00, 0x7E, 0x0F, 0xC0, 0x00,
    0x00, 0xF8, 0x03, 0xE0, 0x00,
    0x01, 0xF0, 0x01, 0xF0, 0x00,
    0x01, 0xE0, 0x00, 0xF0, 0x00,
    0x03, 0xE0, 0x00, 0xF8, 0x00,
    0x03, 0xC0, 0x00, 0x78, 0x00,
    0x07, 0xC0, 0x00, 0x7C, 0x00,
    0x07, 0xC0, 0x00, 0x7C, 0x00,
    0x07, 0xC0, 0x00, 0x7C, 0x00,
    0x07, 0x80, 0x00, 0x3C, 0x00,
    0x07, 0x80, 0x00, 0x3C, 0x00,
    0x07, 0x80, 0x00, 0x3C, 0x00,
    0x07, 0x80, 0x00, 0x3C, 0x00,
    0x07, 0x80, 0x00, 0x3C, 0x00,
    0x07, 0x80, 0x00, 0x3C, 0x00,
    0x07, 0x80, 0x00, 0x3C, 0x00,
    0x07, 0xC0, 0x00, 0x3C, 0x00,
    0x07, 0xC0, 0x00, 0x7C, 0x00,
    0x07, 0xC0, 0x00, 0x7C, 0x00,
    0x07, 0xC0, 0x00, 0x7C, 0x00,
    0x03, 0xC0, 0x00, 0x78, 0x00,
    0x03, 0xE0, 0x00, 0xF8, 0x00,
    0x01, 0xE0, 0x00, 0xF0, 0x00,
    0x01, 0xF0, 0x01, 0xF0, 0x00,
    0x00, 0xF8, 0x03, 0xE0, 0x00,
    0x00, 0x7E, 0x0F, 0xC0, 0x00,
    0x00, 0x3F, 0xFF, 0x80, 0x00,
    0x00, 0x1F, 0xFF, 0x00, 0x00,
    0x00, 0x03, 0xF8, 0x00, 0x00,
    0x00, 0x00, 0x00, 0x00, 0x00,
    0x00, 0x00, 0x00, 0x00, 0x00,
    0x00, 0x00, 0x00, 0x00, 0x00,
    0x00, 0x00, 0x00, 0x00, 0x00,
    0x00, 0x00, 0x00, 0x00, 0x00,
    EFI_HII_GIBT_GLYPH_DEFAULT,
    0x00, 0x00, 0x00, 0x00, 0x00,          // Character: 'P' (0x0050)
    0x00, 0x00, 0x00, 0x00, 0x00,
    0x00, 0x00, 0x00, 0x00, 0x00,
    0x00, 0x00, 0x00, 0x00, 0x00,
    0x00, 0x00, 0x00, 0x00, 0x00,
    0x00, 0x00, 0x00, 0x00, 0x00,
    0x00, 0x00, 0x00, 0x00, 0x00,
    0x00, 0x00, 0x00, 0x00, 0x00,
    0x00, 0xFF, 0xFF, 0x00, 0x00,
    0x00, 0xFF, 0xFF, 0xE0, 0x00,
    0x00, 0xFF, 0xFF, 0xF0, 0x00,
    0x00, 0xF8, 0x03, 0xF8, 0x00,
    0x00, 0xF8, 0x00, 0xF8, 0x00,
    0x00, 0xF8, 0x00, 0x7C, 0x00,
    0x00, 0xF8, 0x00, 0x7C, 0x00,
    0x00, 0xF8, 0x00, 0x7C, 0x00,
    0x00, 0xF8, 0x00, 0x7C, 0x00,
    0x00, 0xF8, 0x00, 0x7C, 0x00,
    0x00, 0xF8, 0x00, 0x7C, 0x00,
    0x00, 0xF8, 0x00, 0x7C, 0x00,
    0x00, 0xF8, 0x00, 0x78, 0x00,
    0x00, 0xF8, 0x00, 0xF8, 0x00,
    0x00, 0xF8, 0x01, 0xF0, 0x00,
    0x00, 0xF8, 0x0F, 0xE0, 0x00,
    0x00, 0xFF, 0xFF, 0xC0, 0x00,
    0x00, 0xFF, 0xFF, 0x00, 0x00,
    0x00, 0xFF, 0xF8, 0x00, 0x00,
    0x00, 0xF8, 0x00, 0x00, 0x00,
    0x00, 0xF8, 0x00, 0x00, 0x00,
    0x00, 0xF8, 0x00, 0x00, 0x00,
    0x00, 0xF8, 0x00, 0x00, 0x00,
    0x00, 0xF8, 0x00, 0x00, 0x00,
    0x00, 0xF8, 0x00, 0x00, 0x00,
    0x00, 0xF8, 0x00, 0x00, 0x00,
    0x00, 0xF8, 0x00, 0x00, 0x00,
    0x00, 0xF8, 0x00, 0x00, 0x00,
    0x00, 0xF8, 0x00, 0x00, 0x00,
    0x00, 0xF8, 0x00, 0x00, 0x00,
    0x00, 0x00, 0x00, 0x00, 0x00,
    0x00, 0x00, 0x00, 0x00, 0x00,
    0x00, 0x00, 0x00, 0x00, 0x00,
    0x00, 0x00, 0x00, 0x00, 0x00,
    0x00, 0x00, 0x00, 0x00, 0x00,
    0x00, 0x00, 0x00, 0x00, 0x00,
    EFI_HII_GIBT_GLYPH_DEFAULT,
    0x00, 0x00, 0x00, 0x00, 0x00,          // Character: 'Q' (0x0051)
    0x00, 0x00, 0x00, 0x00, 0x00,
    0x00, 0x00, 0x00, 0x00, 0x00,
    0x00, 0x00, 0x00, 0x00, 0x00,
    0x00, 0x00, 0x00, 0x00, 0x00,
    0x00, 0x00, 0x00, 0x00, 0x00,
    0x00, 0x00, 0x00, 0x00, 0x00,
    0x00, 0x03, 0xF8, 0x00, 0x00,
    0x00, 0x1F, 0xFF, 0x00, 0x00,
    0x00, 0x3F, 0xFF, 0x80, 0x00,
    0x00, 0x7E, 0x0F, 0xC0, 0x00,
    0x00, 0xF8, 0x03, 0xE0, 0x00,
    0x01, 0xF0, 0x01, 0xF0, 0x00,
    0x01, 0xE0, 0x00, 0xF0, 0x00,
    0x03, 0xE0, 0x00, 0xF8, 0x00,
    0x03, 0xC0, 0x00, 0x78, 0x00,
    0x07, 0xC0, 0x00, 0x7C, 0x00,
    0x07, 0xC0, 0x00, 0x7C, 0x00,
    0x07, 0xC0, 0x00, 0x7C, 0x00,
    0x07, 0x80, 0x00, 0x3C, 0x00,
    0x07, 0x80, 0x00, 0x3C, 0x00,
    0x07, 0x80, 0x00, 0x3C, 0x00,
    0x07, 0x80, 0x00, 0x3C, 0x00,
    0x07, 0x80, 0x00, 0x3C, 0x00,
    0x07, 0x80, 0x00, 0x3C, 0x00,
    0x07, 0x80, 0x00, 0x3C, 0x00,
    0x07, 0xC0, 0x00, 0x3C, 0x00,
    0x07, 0xC0, 0x00, 0x7C, 0x00,
    0x07, 0xC0, 0x00, 0x7C, 0x00,
    0x07, 0xC0, 0x00, 0x7C, 0x00,
    0x03, 0xC0, 0x00, 0x78, 0x00,
    0x03, 0xE0, 0x00, 0xF8, 0x00,
    0x01, 0xE0, 0x00, 0xF0, 0x00,
    0x01, 0xF0, 0x01, 0xF0, 0x00,
    0x00, 0xF8, 0x03, 0xE0, 0x00,
    0x00, 0x7E, 0x0F, 0xC0, 0x00,
    0x00, 0x3F, 0xFF, 0x80, 0x00,
    0x00, 0x1F, 0xFF, 0x00, 0x00,
    0x00, 0x03, 0xFF, 0x00, 0x00,
    0x00, 0x00, 0x0F, 0x80, 0x00,
    0x00, 0x00, 0x07, 0xE0, 0x00,
    0x00, 0x00, 0x03, 0xFC, 0x00,
    0x00, 0x00, 0x01, 0xFF, 0x00,
    0x00, 0x00, 0x00, 0x7E, 0x00,
    EFI_HII_GIBT_GLYPH_DEFAULT,
    0x00, 0x00, 0x00, 0x00, 0x00,          // Character: 'R' (0x0052)
    0x00, 0x00, 0x00, 0x00, 0x00,
    0x00, 0x00, 0x00, 0x00, 0x00,
    0x00, 0x00, 0x00, 0x00, 0x00,
    0x00, 0x00, 0x00, 0x00, 0x00,
    0x00, 0x00, 0x00, 0x00, 0x00,
    0x00, 0x00, 0x00, 0x00, 0x00,
    0x00, 0x00, 0x00, 0x00, 0x00,
    0x01, 0xFF, 0xFC, 0x00, 0x00,
    0x01, 0xFF, 0xFF, 0x00, 0x00,
    0x01, 0xFF, 0xFF, 0x80, 0x00,
    0x01, 0xF0, 0x0F, 0xC0, 0x00,
    0x01, 0xF0, 0x07, 0xE0, 0x00,
    0x01, 0xF0, 0x03, 0xE0, 0x00,
    0x01, 0xF0, 0x03, 0xE0, 0x00,
    0x01, 0xF0, 0x01, 0xE0, 0x00,
    0x01, 0xF0, 0x01, 0xE0, 0x00,
    0x01, 0xF0, 0x03, 0xE0, 0x00,
    0x01, 0xF0, 0x03, 0xE0, 0x00,
    0x01, 0xF0, 0x03, 0xE0, 0x00,
    0x01, 0xF0, 0x07, 0xC0, 0x00,
    0x01, 0xF0, 0x0F, 0x80, 0x00,
    0x01, 0xF0, 0x3F, 0x00, 0x00,
    0x01, 0xFF, 0xFE, 0x00, 0x00,
    0x01, 0xFF, 0xF8, 0x00, 0x00,
    0x01, 0xFF, 0xF8, 0x00, 0x00,
    0x01, 0xF0, 0x7C, 0x00, 0x00,
    0x01, 0xF0, 0x7E, 0x00, 0x00,
    0x01, 0xF0, 0x3F, 0x00, 0x00,
    0x01, 0xF0, 0x1F, 0x80, 0x00,
    0x01, 0xF0, 0x0F, 0x80, 0x00,
    0x01, 0xF0, 0x07, 0xC0, 0x00,
    0x01, 0xF0, 0x07, 0xE0, 0x00,
    0x01, 0xF0, 0x03, 0xF0, 0x00,
    0x01, 0xF0, 0x01, 0xF0, 0x00,
    0x01, 0xF0, 0x00, 0xF8, 0x00,
    0x01, 0xF0, 0x00, 0x7C, 0x00,
    0x01, 0xF0, 0x00, 0x7E, 0x00,
    0x00, 0x00, 0x00, 0x00, 0x00,
    0x00, 0x00, 0x00, 0x00, 0x00,
    0x00, 0x00, 0x00, 0x00, 0x00,
    0x00, 0x00, 0x00, 0x00, 0x00,
    0x00, 0x00, 0x00, 0x00, 0x00,
    0x00, 0x00, 0x00, 0x00, 0x00,
    EFI_HII_GIBT_GLYPH_DEFAULT,
    0x00, 0x00, 0x00, 0x00, 0x00,          // Character: 'S' (0x0053)
    0x00, 0x00, 0x00, 0x00, 0x00,
    0x00, 0x00, 0x00, 0x00, 0x00,
    0x00, 0x00, 0x00, 0x00, 0x00,
    0x00, 0x00, 0x00, 0x00, 0x00,
    0x00, 0x00, 0x00, 0x00, 0x00,
    0x00, 0x00, 0x00, 0x00, 0x00,
    0x00, 0x03, 0xFF, 0x00, 0x00,
    0x00, 0x1F, 0xFF, 0xE0, 0x00,
    0x00, 0x3F, 0xFF, 0xE0, 0x00,
    0x00, 0x7C, 0x03, 0xE0, 0x00,
    0x00, 0xF8, 0x00, 0x20, 0x00,
    0x00, 0xF0, 0x00, 0x00, 0x00,
    0x01, 0xF0, 0x00, 0x00, 0x00,
    0x01, 0xE0, 0x00, 0x00, 0x00,
    0x01, 0xE0, 0x00, 0x00, 0x00,
    0x01, 0xF0, 0x00, 0x00, 0x00,
    0x01, 0xF0, 0x00, 0x00, 0x00,
    0x00, 0xFC, 0x00, 0x00, 0x00,
    0x00, 0xFF, 0x00, 0x00, 0x00,
    0x00, 0x7F, 0xE0, 0x00, 0x00,
    0x00, 0x3F, 0xFC, 0x00, 0x00,
    0x00, 0x0F, 0xFF, 0x00, 0x00,
    0x00, 0x03, 0xFF, 0xC0, 0x00,
    0x00, 0x00, 0x7F, 0xE0, 0x00,
    0x00, 0x00, 0x1F, 0xF0, 0x00,
    0x00, 0x00, 0x03, 0xF8, 0x00,
    0x00, 0x00, 0x01, 0xF8, 0x00,
    0x00, 0x00, 0x00, 0xF8, 0x00,
    0x00, 0x00, 0x00, 0x78, 0x00,
    0x00, 0x00, 0x00, 0x78, 0x00,
    0x00, 0x00, 0x00, 0x78, 0x00,
    0x00, 0x00, 0x00, 0xF8, 0x00,
    0x00, 0x00, 0x00, 0xF0, 0x00,
    0x01, 0xC0, 0x01, 0xF0, 0x00,
    0x01, 0xF8, 0x07, 0xE0, 0x00,
    0x01, 0xFF, 0xFF, 0xC0, 0x00,
    0x01, 0xFF, 0xFF, 0x00, 0x00,
    0x00, 0x0F, 0xF8, 0x00, 0x00,
    0x00, 0x00, 0x00, 0x00, 0x00,
    0x00, 0x00, 0x00, 0x00, 0x00,
    0x00, 0x00, 0x00, 0x00, 0x00,
    0x00, 0x00, 0x00, 0x00, 0x00,
    0x00, 0x00, 0x00, 0x00, 0x00,
    EFI_HII_GIBT_GLYPH_DEFAULT,
    0x00, 0x00, 0x00, 0x00, 0x00,          // Character: 'T' (0x0054)
    0x00, 0x00, 0x00, 0x00, 0x00,
    0x00, 0x00, 0x00, 0x00, 0x00,
    0x00, 0x00, 0x00, 0x00, 0x00,
    0x00, 0x00, 0x00, 0x00, 0x00,
    0x00, 0x00, 0x00, 0x00, 0x00,
    0x00, 0x00, 0x00, 0x00, 0x00,
    0x00, 0x00, 0x00, 0x00, 0x00,
    0x0F, 0xFF, 0xFF, 0xFE, 0x00,
    0x0F, 0xFF, 0xFF, 0xFE, 0x00,
    0x0F, 0xFF, 0xFF, 0xFE, 0x00,
    0x00, 0x01, 0xF0, 0x00, 0x00,
    0x00, 0x01, 0xF0, 0x00, 0x00,
    0x00, 0x01, 0xF0, 0x00, 0x00,
    0x00, 0x01, 0xF0, 0x00, 0x00,
    0x00, 0x01, 0xF0, 0x00, 0x00,
    0x00, 0x01, 0xF0, 0x00, 0x00,
    0x00, 0x01, 0xF0, 0x00, 0x00,
    0x00, 0x01, 0xF0, 0x00, 0x00,
    0x00, 0x01, 0xF0, 0x00, 0x00,
    0x00, 0x01, 0xF0, 0x00, 0x00,
    0x00, 0x01, 0xF0, 0x00, 0x00,
    0x00, 0x01, 0xF0, 0x00, 0x00,
    0x00, 0x01, 0xF0, 0x00, 0x00,
    0x00, 0x01, 0xF0, 0x00, 0x00,
    0x00, 0x01, 0xF0, 0x00, 0x00,
    0x00, 0x01, 0xF0, 0x00, 0x00,
    0x00, 0x01, 0xF0, 0x00, 0x00,
    0x00, 0x01, 0xF0, 0x00, 0x00,
    0x00, 0x01, 0xF0, 0x00, 0x00,
    0x00, 0x01, 0xF0, 0x00, 0x00,
    0x00, 0x01, 0xF0, 0x00, 0x00,
    0x00, 0x01, 0xF0, 0x00, 0x00,
    0x00, 0x01, 0xF0, 0x00, 0x00,
    0x00, 0x01, 0xF0, 0x00, 0x00,
    0x00, 0x01, 0xF0, 0x00, 0x00,
    0x00, 0x01, 0xF0, 0x00, 0x00,
    0x00, 0x01, 0xF0, 0x00, 0x00,
    0x00, 0x00, 0x00, 0x00, 0x00,
    0x00, 0x00, 0x00, 0x00, 0x00,
    0x00, 0x00, 0x00, 0x00, 0x00,
    0x00, 0x00, 0x00, 0x00, 0x00,
    0x00, 0x00, 0x00, 0x00, 0x00,
    0x00, 0x00, 0x00, 0x00, 0x00,
    EFI_HII_GIBT_GLYPH_DEFAULT,
    0x00, 0x00, 0x00, 0x00, 0x00,          // Character: 'U' (0x0055)
    0x00, 0x00, 0x00, 0x00, 0x00,
    0x00, 0x00, 0x00, 0x00, 0x00,
    0x00, 0x00, 0x00, 0x00, 0x00,
    0x00, 0x00, 0x00, 0x00, 0x00,
    0x00, 0x00, 0x00, 0x00, 0x00,
    0x00, 0x00, 0x00, 0x00, 0x00,
    0x00, 0x00, 0x00, 0x00, 0x00,
    0x01, 0xE0, 0x00, 0x70, 0x00,
    0x01, 0xE0, 0x00, 0x70, 0x00,
    0x01, 0xE0, 0x00, 0x70, 0x00,
    0x01, 0xE0, 0x00, 0x70, 0x00,
    0x01, 0xE0, 0x00, 0x70, 0x00,
    0x01, 0xE0, 0x00, 0x70, 0x00,
    0x01, 0xE0, 0x00, 0x70, 0x00,
    0x01, 0xE0, 0x00, 0x70, 0x00,
    0x01, 0xE0, 0x00, 0x70, 0x00,
    0x01, 0xE0, 0x00, 0x70, 0x00,
    0x01, 0xE0, 0x00, 0x70, 0x00,
    0x01, 0xE0, 0x00, 0x70, 0x00,
    0x01, 0xE0, 0x00, 0x70, 0x00,
    0x01, 0xE0, 0x00, 0x70, 0x00,
    0x01, 0xE0, 0x00, 0x70, 0x00,
    0x01, 0xE0, 0x00, 0x70, 0x00,
    0x01, 0xE0, 0x00, 0x70, 0x00,
    0x01, 0xE0, 0x00, 0x70, 0x00,
    0x01, 0xE0, 0x00, 0x70, 0x00,
    0x01, 0xE0, 0x00, 0x70, 0x00,
    0x01, 0xE0, 0x00, 0xF0, 0x00,
    0x01, 0xE0, 0x00, 0xF0, 0x00,
    0x01, 0xE0, 0x00, 0xF0, 0x00,
    0x01, 0xF0, 0x00, 0xF0, 0x00,
    0x00, 0xF0, 0x00, 0xF0, 0x00,
    0x00, 0xF8, 0x01, 0xE0, 0x00,
    0x00, 0xF8, 0x03, 0xE0, 0x00,
    0x00, 0x7E, 0x07, 0xC0, 0x00,
    0x00, 0x3F, 0xFF, 0x80, 0x00,
    0x00, 0x1F, 0xFF, 0x00, 0x00,
    0x00, 0x03, 0xF8, 0x00, 0x00,
    0x00, 0x00, 0x00, 0x00, 0x00,
    0x00, 0x00, 0x00, 0x00, 0x00,
    0x00, 0x00, 0x00, 0x00, 0x00,
    0x00, 0x00, 0x00, 0x00, 0x00,
    0x00, 0x00, 0x00, 0x00, 0x00,
    EFI_HII_GIBT_GLYPH_DEFAULT,
    0x00, 0x00, 0x00, 0x00, 0x00,          // Character: 'V' (0x0056)
    0x00, 0x00, 0x00, 0x00, 0x00,
    0x00, 0x00, 0x00, 0x00, 0x00,
    0x00, 0x00, 0x00, 0x00, 0x00,
    0x00, 0x00, 0x00, 0x00, 0x00,
    0x00, 0x00, 0x00, 0x00, 0x00,
    0x00, 0x00, 0x00, 0x00, 0x00,
    0x00, 0x00, 0x00, 0x00, 0x00,
    0x0F, 0x00, 0x00, 0x0E, 0x00,
    0x0F, 0x80, 0x00, 0x1E, 0x00,
    0x0F, 0x80, 0x00, 0x1E, 0x00,
    0x07, 0xC0, 0x00, 0x3C, 0x00,
    0x07, 0xC0, 0x00, 0x3C, 0x00,
    0x03, 0xC0, 0x00, 0x78, 0x00,
    0x03, 0xE0, 0x00, 0x78, 0x00,
    0x03, 0xE0, 0x00, 0x78, 0x00,
    0x01, 0xF0, 0x00, 0xF0, 0x00,
    0x01, 0xF0, 0x00, 0xF0, 0x00,
    0x01, 0xF0, 0x01, 0xE0, 0x00,
    0x00, 0xF8, 0x01, 0xE0, 0x00,
    0x00, 0xF8, 0x01, 0xE0, 0x00,
    0x00, 0x7C, 0x03, 0xC0, 0x00,
    0x00, 0x7C, 0x03, 0xC0, 0x00,
    0x00, 0x7C, 0x07, 0x80, 0x00,
    0x00, 0x3E, 0x07, 0x80, 0x00,
    0x00, 0x3E, 0x07, 0x80, 0x00,
    0x00, 0x1F, 0x0F, 0x00, 0x00,
    0x00, 0x1F, 0x0F, 0x00, 0x00,
    0x00, 0x1F, 0x1E, 0x00, 0x00,
    0x00, 0x0F, 0x9E, 0x00, 0x00,
    0x00, 0x0F, 0xBE, 0x00, 0x00,
    0x00, 0x07, 0xFC, 0x00, 0x00,
    0x00, 0x07, 0xFC, 0x00, 0x00,
    0x00, 0x07, 0xF8, 0x00, 0x00,
    0x00, 0x03, 0xF8, 0x00, 0x00,
    0x00, 0x03, 0xF8, 0x00, 0x00,
    0x00, 0x01, 0xF0, 0x00, 0x00,
    0x00, 0x01, 0xF0, 0x00, 0x00,
    0x00, 0x00, 0x00, 0x00, 0x00,
    0x00, 0x00, 0x00, 0x00, 0x00,
    0x00, 0x00, 0x00, 0x00, 0x00,
    0x00, 0x00, 0x00, 0x00, 0x00,
    0x00, 0x00, 0x00, 0x00, 0x00,
    0x00, 0x00, 0x00, 0x00, 0x00,
    EFI_HII_GIBT_GLYPH_DEFAULT,
    0x00, 0x00, 0x00, 0x00, 0x00,          // Character: 'W' (0x0057)
    0x00, 0x00, 0x00, 0x00, 0x00,
    0x00, 0x00, 0x00, 0x00, 0x00,
    0x00, 0x00, 0x00, 0x00, 0x00,
    0x00, 0x00, 0x00, 0x00, 0x00,
    0x00, 0x00, 0x00, 0x00, 0x00,
    0x00, 0x00, 0x00, 0x00, 0x00,
    0x00, 0x00, 0x00, 0x00, 0x00,
    0x0E, 0x00, 0x00, 0x0E, 0x00,
    0x0E, 0x00, 0x00, 0x0E, 0x00,
    0x0F, 0x00, 0x00, 0x0E, 0x00,
    0x0F, 0x00, 0x00, 0x0E, 0x00,
    0x0F, 0x00, 0x00, 0x1E, 0x00,
    0x0F, 0x00, 0x00, 0x1E, 0x00,
    0x0F, 0x01, 0xF0, 0x1C, 0x00,
    0x07, 0x01, 0xF0, 0x1C, 0x00,
    0x07, 0x01, 0xF0, 0x1C, 0x00,
    0x07, 0x81, 0xF8, 0x1C, 0x00,
    0x07, 0x83, 0xF8, 0x1C, 0x00,
    0x07, 0x83, 0xF8, 0x3C, 0x00,
    0x07, 0x83, 0xF8, 0x38, 0x00,
    0x07, 0x83, 0xBC, 0x38, 0x00,
    0x03, 0x83, 0xBC, 0x38, 0x00,
    0x03, 0xC7, 0xBC, 0x38, 0x00,
    0x03, 0xC7, 0x1C, 0x38, 0x00,
    0x03, 0xC7, 0x1C, 0x78, 0x00,
    0x03, 0xC7, 0x1E, 0x70, 0x00,
    0x03, 0xCF, 0x1E, 0x70, 0x00,
    0x01, 0xCE, 0x0E, 0x70, 0x00,
    0x01, 0xCE, 0x0E, 0x70, 0x00,
    0x01, 0xEE, 0x0F, 0x70, 0x00,
    0x01, 0xFE, 0x0F, 0xF0, 0x00,
    0x01, 0xFC, 0x0F, 0xE0, 0x00,
    0x01, 0xFC, 0x07, 0xE0, 0x00,
    0x01, 0xFC, 0x07, 0xE0, 0x00,
    0x00, 0xFC, 0x07, 0xE0, 0x00,
    0x00, 0xF8, 0x07, 0xE0, 0x00,
    0x00, 0xF8, 0x03, 0xE0, 0x00,
    0x00, 0x00, 0x00, 0x00, 0x00,
    0x00, 0x00, 0x00, 0x00, 0x00,
    0x00, 0x00, 0x00, 0x00, 0x00,
    0x00, 0x00, 0x00, 0x00, 0x00,
    0x00, 0x00, 0x00, 0x00, 0x00,
    0x00, 0x00, 0x00, 0x00, 0x00,
    EFI_HII_GIBT_GLYPH_DEFAULT,
    0x00, 0x00, 0x00, 0x00, 0x00,          // Character: 'X' (0x0058)
    0x00, 0x00, 0x00, 0x00, 0x00,
    0x00, 0x00, 0x00, 0x00, 0x00,
    0x00, 0x00, 0x00, 0x00, 0x00,
    0x00, 0x00, 0x00, 0x00, 0x00,
    0x00, 0x00, 0x00, 0x00, 0x00,
    0x00, 0x00, 0x00, 0x00, 0x00,
    0x00, 0x00, 0x00, 0x00, 0x00,
    0x07, 0xC0, 0x00, 0x3E, 0x00,
    0x07, 0xE0, 0x00, 0x7C, 0x00,
    0x03, 0xE0, 0x00, 0x78, 0x00,
    0x01, 0xF0, 0x00, 0xF0, 0x00,
    0x00, 0xF8, 0x01, 0xE0, 0x00,
    0x00, 0xFC, 0x03, 0xE0, 0x00,
    0x00, 0x7C, 0x03, 0xC0, 0x00,
    0x00, 0x3E, 0x07, 0x80, 0x00,
    0x00, 0x1F, 0x0F, 0x00, 0x00,
    0x00, 0x1F, 0x9F, 0x00, 0x00,
    0x00, 0x0F, 0xBE, 0x00, 0x00,
    0x00, 0x07, 0xFC, 0x00, 0x00,
    0x00, 0x07, 0xF8, 0x00, 0x00,
    0x00, 0x03, 0xF0, 0x00, 0x00,
    0x00, 0x01, 0xF0, 0x00, 0x00,
    0x00, 0x01, 0xF8, 0x00, 0x00,
    0x00, 0x03, 0xFC, 0x00, 0x00,
    0x00, 0x07, 0xFC, 0x00, 0x00,
    0x00, 0x0F, 0xBE, 0x00, 0x00,
    0x00, 0x1F, 0x1F, 0x00, 0x00,
    0x00, 0x1E, 0x1F, 0x80, 0x00,
    0x00, 0x3C, 0x0F, 0x80, 0x00,
    0x00, 0x78, 0x07, 0xC0, 0x00,
    0x00, 0xF8, 0x07, 0xE0, 0x00,
    0x00, 0xF0, 0x03, 0xF0, 0x00,
    0x01, 0xE0, 0x01, 0xF0, 0x00,
    0x03, 0xC0, 0x00, 0xF8, 0x00,
    0x07, 0xC0, 0x00, 0xFC, 0x00,
    0x0F, 0x80, 0x00, 0x7C, 0x00,
    0x1F, 0x00, 0x00, 0x3E, 0x00,
    0x00, 0x00, 0x00, 0x00, 0x00,
    0x00, 0x00, 0x00, 0x00, 0x00,
    0x00, 0x00, 0x00, 0x00, 0x00,
    0x00, 0x00, 0x00, 0x00, 0x00,
    0x00, 0x00, 0x00, 0x00, 0x00,
    0x00, 0x00, 0x00, 0x00, 0x00,
    EFI_HII_GIBT_GLYPH_DEFAULT,
    0x00, 0x00, 0x00, 0x00, 0x00,          // Character: 'Y' (0x0059)
    0x00, 0x00, 0x00, 0x00, 0x00,
    0x00, 0x00, 0x00, 0x00, 0x00,
    0x00, 0x00, 0x00, 0x00, 0x00,
    0x00, 0x00, 0x00, 0x00, 0x00,
    0x00, 0x00, 0x00, 0x00, 0x00,
    0x00, 0x00, 0x00, 0x00, 0x00,
    0x00, 0x00, 0x00, 0x00, 0x00,
    0x0F, 0x80, 0x00, 0x1F, 0x00,
    0x07, 0xC0, 0x00, 0x3E, 0x00,
    0x07, 0xE0, 0x00, 0x3C, 0x00,
    0x03, 0xE0, 0x00, 0x78, 0x00,
    0x01, 0xF0, 0x00, 0xF8, 0x00,
    0x01, 0xF0, 0x00, 0xF0, 0x00,
    0x00, 0xF8, 0x01, 0xE0, 0x00,
    0x00, 0x7C, 0x03, 0xE0, 0x00,
    0x00, 0x7C, 0x03, 0xC0, 0x00,
    0x00, 0x3E, 0x07, 0x80, 0x00,
    0x00, 0x1F, 0x0F, 0x80, 0x00,
    0x00, 0x1F, 0x0F, 0x00, 0x00,
    0x00, 0x0F, 0x9E, 0x00, 0x00,
    0x00, 0x07, 0xFE, 0x00, 0x00,
    0x00, 0x07, 0xFC, 0x00, 0x00,
    0x00, 0x03, 0xF8, 0x00, 0x00,
    0x00, 0x01, 0xF8, 0x00, 0x00,
    0x00, 0x01, 0xF0, 0x00, 0x00,
    0x00, 0x01, 0xF0, 0x00, 0x00,
    0x00, 0x01, 0xF0, 0x00, 0x00,
    0x00, 0x01, 0xF0, 0x00, 0x00,
    0x00, 0x01, 0xF0, 0x00, 0x00,
    0x00, 0x01, 0xF0, 0x00, 0x00,
    0x00, 0x01, 0xF0, 0x00, 0x00,
    0x00, 0x01, 0xF0, 0x00, 0x00,
    0x00, 0x01, 0xF0, 0x00, 0x00,
    0x00, 0x01, 0xF0, 0x00, 0x00,
    0x00, 0x01, 0xF0, 0x00, 0x00,
    0x00, 0x01, 0xF0, 0x00, 0x00,
    0x00, 0x01, 0xF0, 0x00, 0x00,
    0x00, 0x00, 0x00, 0x00, 0x00,
    0x00, 0x00, 0x00, 0x00, 0x00,
    0x00, 0x00, 0x00, 0x00, 0x00,
    0x00, 0x00, 0x00, 0x00, 0x00,
    0x00, 0x00, 0x00, 0x00, 0x00,
    0x00, 0x00, 0x00, 0x00, 0x00,
    EFI_HII_GIBT_GLYPH_DEFAULT,
    0x00, 0x00, 0x00, 0x00, 0x00,          // Character: 'Z' (0x005A)
    0x00, 0x00, 0x00, 0x00, 0x00,
    0x00, 0x00, 0x00, 0x00, 0x00,
    0x00, 0x00, 0x00, 0x00, 0x00,
    0x00, 0x00, 0x00, 0x00, 0x00,
    0x00, 0x00, 0x00, 0x00, 0x00,
    0x00, 0x00, 0x00, 0x00, 0x00,
    0x00, 0x00, 0x00, 0x00, 0x00,
    0x01, 0xFF, 0xFF, 0xF8, 0x00,
    0x01, 0xFF, 0xFF, 0xF8, 0x00,
    0x01, 0xFF, 0xFF, 0xF8, 0x00,
    0x00, 0x00, 0x00, 0xF8, 0x00,
    0x00, 0x00, 0x01, 0xF0, 0x00,
    0x00, 0x00, 0x03, 0xE0, 0x00,
    0x00, 0x00, 0x03, 0xE0, 0x00,
    0x00, 0x00, 0x07, 0xC0, 0x00,
    0x00, 0x00, 0x0F, 0x80, 0x00,
    0x00, 0x00, 0x1F, 0x00, 0x00,
    0x00, 0x00, 0x3E, 0x00, 0x00,
    0x00, 0x00, 0x3E, 0x00, 0x00,
    0x00, 0x00, 0x7C, 0x00, 0x00,
    0x00, 0x00, 0xF8, 0x00, 0x00,
    0x00, 0x01, 0xF0, 0x00, 0x00,
    0x00, 0x03, 0xF0, 0x00, 0x00,
    0x00, 0x03, 0xE0, 0x00, 0x00,
    0x00, 0x07, 0xC0, 0x00, 0x00,
    0x00, 0x0F, 0x80, 0x00, 0x00,
    0x00, 0x1F, 0x00, 0x00, 0x00,
    0x00, 0x1F, 0x00, 0x00, 0x00,
    0x00, 0x3E, 0x00, 0x00, 0x00,
    0x00, 0x7C, 0x00, 0x00, 0x00,
    0x00, 0xF8, 0x00, 0x00, 0x00,
    0x01, 0xF0, 0x00, 0x00, 0x00,
    0x01, 0xF0, 0x00, 0x00, 0x00,
    0x03, 0xE0, 0x00, 0x00, 0x00,
    0x07, 0xFF, 0xFF, 0xFC, 0x00,
    0x07, 0xFF, 0xFF, 0xFC, 0x00,
    0x07, 0xFF, 0xFF, 0xFC, 0x00,
    0x00, 0x00, 0x00, 0x00, 0x00,
    0x00, 0x00, 0x00, 0x00, 0x00,
    0x00, 0x00, 0x00, 0x00, 0x00,
    0x00, 0x00, 0x00, 0x00, 0x00,
    0x00, 0x00, 0x00, 0x00, 0x00,
    0x00, 0x00, 0x00, 0x00, 0x00,
    EFI_HII_GIBT_GLYPH_DEFAULT,
    0x00, 0x00, 0x00, 0x00, 0x00,          // Character: '[' (0x005B)
    0x00, 0x03, 0xFF, 0xF0, 0x00,
    0x00, 0x03, 0xFF, 0xF0, 0x00,
    0x00, 0x03, 0xFF, 0xF0, 0x00,
    0x00, 0x03, 0x80, 0x00, 0x00,
    0x00, 0x03, 0x80, 0x00, 0x00,
    0x00, 0x03, 0x80, 0x00, 0x00,
    0x00, 0x03, 0x80, 0x00, 0x00,
    0x00, 0x03, 0x80, 0x00, 0x00,
    0x00, 0x03, 0x80, 0x00, 0x00,
    0x00, 0x03, 0x80, 0x00, 0x00,
    0x00, 0x03, 0x80, 0x00, 0x00,
    0x00, 0x03, 0x80, 0x00, 0x00,
    0x00, 0x03, 0x80, 0x00, 0x00,
    0x00, 0x03, 0x80, 0x00, 0x00,
    0x00, 0x03, 0x80, 0x00, 0x00,
    0x00, 0x03, 0x80, 0x00, 0x00,
    0x00, 0x03, 0x80, 0x00, 0x00,
    0x00, 0x03, 0x80, 0x00, 0x00,
    0x00, 0x03, 0x80, 0x00, 0x00,
    0x00, 0x03, 0x80, 0x00, 0x00,
    0x00, 0x03, 0x80, 0x00, 0x00,
    0x00, 0x03, 0x80, 0x00, 0x00,
    0x00, 0x03, 0x80, 0x00, 0x00,
    0x00, 0x03, 0x80, 0x00, 0x00,
    0x00, 0x03, 0x80, 0x00, 0x00,
    0x00, 0x03, 0x80, 0x00, 0x00,
    0x00, 0x03, 0x80, 0x00, 0x00,
    0x00, 0x03, 0x80, 0x00, 0x00,
    0x00, 0x03, 0x80, 0x00, 0x00,
    0x00, 0x03, 0x80, 0x00, 0x00,
    0x00, 0x03, 0x80, 0x00, 0x00,
    0x00, 0x03, 0x80, 0x00, 0x00,
    0x00, 0x03, 0x80, 0x00, 0x00,
    0x00, 0x03, 0x80, 0x00, 0x00,
    0x00, 0x03, 0x80, 0x00, 0x00,
    0x00, 0x03, 0x80, 0x00, 0x00,
    0x00, 0x03, 0x80, 0x00, 0x00,
    0x00, 0x03, 0x80, 0x00, 0x00,
    0x00, 0x03, 0x80, 0x00, 0x00,
    0x00, 0x03, 0x80, 0x00, 0x00,
    0x00, 0x03, 0x80, 0x00, 0x00,
    0x00, 0x03, 0xFF, 0xF0, 0x00,
    0x00, 0x03, 0xFF, 0xF0, 0x00,
    EFI_HII_GIBT_GLYPH_DEFAULT,
    0x00, 0x00, 0x00, 0x0C, 0x00,          // Character: '\' (0x005C)
    0x07, 0x80, 0x00, 0x00, 0x00,
    0x03, 0x80, 0x00, 0x00, 0x00,
    0x03, 0xC0, 0x00, 0x00, 0x00,
    0x01, 0xC0, 0x00, 0x00, 0x00,
    0x01, 0xE0, 0x00, 0x00, 0x00,
    0x00, 0xE0, 0x00, 0x00, 0x00,
    0x00, 0xF0, 0x00, 0x00, 0x00,
    0x00, 0x70, 0x00, 0x00, 0x00,
    0x00, 0x78, 0x00, 0x00, 0x00,
    0x00, 0x38, 0x00, 0x00, 0x00,
    0x00, 0x3C, 0x00, 0x00, 0x00,
    0x00, 0x3C, 0x00, 0x00, 0x00,
    0x00, 0x1E, 0x00, 0x00, 0x00,
    0x00, 0x1E, 0x00, 0x00, 0x00,
    0x00, 0x0F, 0x00, 0x00, 0x00,
    0x00, 0x0F, 0x00, 0x00, 0x00,
    0x00, 0x07, 0x80, 0x00, 0x00,
    0x00, 0x07, 0x80, 0x00, 0x00,
    0x00, 0x03, 0xC0, 0x00, 0x00,
    0x00, 0x03, 0xC0, 0x00, 0x00,
    0x00, 0x01, 0xE0, 0x00, 0x00,
    0x00, 0x01, 0xE0, 0x00, 0x00,
    0x00, 0x00, 0xF0, 0x00, 0x00,
    0x00, 0x00, 0xF0, 0x00, 0x00,
    0x00, 0x00, 0x78, 0x00, 0x00,
    0x00, 0x00, 0x78, 0x00, 0x00,
    0x00, 0x00, 0x3C, 0x00, 0x00,
    0x00, 0x00, 0x3C, 0x00, 0x00,
    0x00, 0x00, 0x1E, 0x00, 0x00,
    0x00, 0x00, 0x1E, 0x00, 0x00,
    0x00, 0x00, 0x0F, 0x00, 0x00,
    0x00, 0x00, 0x0F, 0x00, 0x00,
    0x00, 0x00, 0x07, 0x80, 0x00,
    0x00, 0x00, 0x07, 0x80, 0x00,
    0x00, 0x00, 0x03, 0xC0, 0x00,
    0x00, 0x00, 0x03, 0xC0, 0x00,
    0x00, 0x00, 0x01, 0xC0, 0x00,
    0x00, 0x00, 0x01, 0xE0, 0x00,
    0x00, 0x00, 0x00, 0xE0, 0x00,
    0x00, 0x00, 0x00, 0xF0, 0x00,
    0x00, 0x00, 0x00, 0x70, 0x00,
    0x00, 0x00, 0x00, 0x78, 0x00,
    0x00, 0x00, 0x00, 0x38, 0x00,
    EFI_HII_GIBT_GLYPH_DEFAULT,
    0x00, 0x00, 0x00, 0x00, 0x00,          // Character: ']' (0x005D)
    0x01, 0xFF, 0xFC, 0x00, 0x00,
    0x01, 0xFF, 0xFC, 0x00, 0x00,
    0x01, 0xFF, 0xFC, 0x00, 0x00,
    0x00, 0x00, 0x3C, 0x00, 0x00,
    0x00, 0x00, 0x3C, 0x00, 0x00,
    0x00, 0x00, 0x3C, 0x00, 0x00,
    0x00, 0x00, 0x3C, 0x00, 0x00,
    0x00, 0x00, 0x3C, 0x00, 0x00,
    0x00, 0x00, 0x3C, 0x00, 0x00,
    0x00, 0x00, 0x3C, 0x00, 0x00,
    0x00, 0x00, 0x3C, 0x00, 0x00,
    0x00, 0x00, 0x3C, 0x00, 0x00,
    0x00, 0x00, 0x3C, 0x00, 0x00,
    0x00, 0x00, 0x3C, 0x00, 0x00,
    0x00, 0x00, 0x3C, 0x00, 0x00,
    0x00, 0x00, 0x3C, 0x00, 0x00,
    0x00, 0x00, 0x3C, 0x00, 0x00,
    0x00, 0x00, 0x3C, 0x00, 0x00,
    0x00, 0x00, 0x3C, 0x00, 0x00,
    0x00, 0x00, 0x3C, 0x00, 0x00,
    0x00, 0x00, 0x3C, 0x00, 0x00,
    0x00, 0x00, 0x3C, 0x00, 0x00,
    0x00, 0x00, 0x3C, 0x00, 0x00,
    0x00, 0x00, 0x3C, 0x00, 0x00,
    0x00, 0x00, 0x3C, 0x00, 0x00,
    0x00, 0x00, 0x3C, 0x00, 0x00,
    0x00, 0x00, 0x3C, 0x00, 0x00,
    0x00, 0x00, 0x3C, 0x00, 0x00,
    0x00, 0x00, 0x3C, 0x00, 0x00,
    0x00, 0x00, 0x3C, 0x00, 0x00,
    0x00, 0x00, 0x3C, 0x00, 0x00,
    0x00, 0x00, 0x3C, 0x00, 0x00,
    0x00, 0x00, 0x3C, 0x00, 0x00,
    0x00, 0x00, 0x3C, 0x00, 0x00,
    0x00, 0x00, 0x3C, 0x00, 0x00,
    0x00, 0x00, 0x3C, 0x00, 0x00,
    0x00, 0x00, 0x3C, 0x00, 0x00,
    0x00, 0x00, 0x3C, 0x00, 0x00,
    0x00, 0x00, 0x3C, 0x00, 0x00,
    0x00, 0x00, 0x3C, 0x00, 0x00,
    0x00, 0x00, 0x3C, 0x00, 0x00,
    0x01, 0xFF, 0xFC, 0x00, 0x00,
    0x01, 0xFF, 0xFC, 0x00, 0x00,
    EFI_HII_GIBT_GLYPH_DEFAULT,
    0x00, 0x00, 0x00, 0x00, 0x00,          // Character: '^' (0x005E)
    0x00, 0x00, 0x00, 0x00, 0x00,
    0x00, 0x00, 0x00, 0x00, 0x00,
    0x00, 0x00, 0x00, 0x00, 0x00,
    0x00, 0x00, 0x40, 0x00, 0x00,
    0x00, 0x00, 0xC0, 0x00, 0x00,
    0x00, 0x00, 0xE0, 0x00, 0x00,
    0x00, 0x00, 0xE0, 0x00, 0x00,
    0x00, 0x01, 0xF0, 0x00, 0x00,
    0x00, 0x01, 0xF0, 0x00, 0x00,
    0x00, 0x03, 0xF8, 0x00, 0x00,
    0x00, 0x03, 0xF8, 0x00, 0x00,
    0x00, 0x07, 0xBC, 0x00, 0x00,
    0x00, 0x07, 0xBC, 0x00, 0x00,
    0x00, 0x0F, 0x1C, 0x00, 0x00,
    0x00, 0x0F, 0x1E, 0x00, 0x00,
    0x00, 0x0E, 0x0E, 0x00, 0x00,
    0x00, 0x1E, 0x0F, 0x00, 0x00,
    0x00, 0x1C, 0x07, 0x00, 0x00,
    0x00, 0x3C, 0x07, 0x80, 0x00,
    0x00, 0x38, 0x07, 0x80, 0x00,
    0x00, 0x78, 0x03, 0xC0, 0x00,
    0x00, 0x78, 0x03, 0xC0, 0x00,
    0x00, 0xF0, 0x01, 0xE0, 0x00,
    0x00, 0xF0, 0x01, 0xE0, 0x00,
    0x00, 0xE0, 0x00, 0xE0, 0x00,
    0x01, 0xE0, 0x00, 0xF0, 0x00,
    0x01, 0xC0, 0x00, 0x70, 0x00,
    0x03, 0xC0, 0x00, 0x78, 0x00,
    0x03, 0x80, 0x00, 0x78, 0x00,
    0x07, 0x80, 0x00, 0x3C, 0x00,
    0x00, 0x00, 0x00, 0x00, 0x00,
    0x00, 0x00, 0x00, 0x00, 0x00,
    0x00, 0x00, 0x00, 0x00, 0x00,
    0x00, 0x00, 0x00, 0x00, 0x00,
    0x00, 0x00, 0x00, 0x00, 0x00,
    0x00, 0x00, 0x00, 0x00, 0x00,
    0x00, 0x00, 0x00, 0x00, 0x00,
    0x00, 0x00, 0x00, 0x00, 0x00,
    0x00, 0x00, 0x00, 0x00, 0x00,
    0x00, 0x00, 0x00, 0x00, 0x00,
    0x00, 0x00, 0x00, 0x00, 0x00,
    0x00, 0x00, 0x00, 0x00, 0x00,
    0x00, 0x00, 0x00, 0x00, 0x00,
    EFI_HII_GIBT_GLYPH_DEFAULT,
    0x00, 0x00, 0x00, 0x00, 0x00,          // Character: '_' (0x005F)
    0x00, 0x00, 0x00, 0x00, 0x00,
    0x00, 0x00, 0x00, 0x00, 0x00,
    0x00, 0x00, 0x00, 0x00, 0x00,
    0x00, 0x00, 0x00, 0x00, 0x00,
    0x00, 0x00, 0x00, 0x00, 0x00,
    0x00, 0x00, 0x00, 0x00, 0x00,
    0x00, 0x00, 0x00, 0x00, 0x00,
    0x00, 0x00, 0x00, 0x00, 0x00,
    0x00, 0x00, 0x00, 0x00, 0x00,
    0x00, 0x00, 0x00, 0x00, 0x00,
    0x00, 0x00, 0x00, 0x00, 0x00,
    0x00, 0x00, 0x00, 0x00, 0x00,
    0x00, 0x00, 0x00, 0x00, 0x00,
    0x00, 0x00, 0x00, 0x00, 0x00,
    0x00, 0x00, 0x00, 0x00, 0x00,
    0x00, 0x00, 0x00, 0x00, 0x00,
    0x00, 0x00, 0x00, 0x00, 0x00,
    0x00, 0x00, 0x00, 0x00, 0x00,
    0x00, 0x00, 0x00, 0x00, 0x00,
    0x00, 0x00, 0x00, 0x00, 0x00,
    0x00, 0x00, 0x00, 0x00, 0x00,
    0x00, 0x00, 0x00, 0x00, 0x00,
    0x00, 0x00, 0x00, 0x00, 0x00,
    0x00, 0x00, 0x00, 0x00, 0x00,
    0x00, 0x00, 0x00, 0x00, 0x00,
    0x00, 0x00, 0x00, 0x00, 0x00,
    0x00, 0x00, 0x00, 0x00, 0x00,
    0x00, 0x00, 0x00, 0x00, 0x00,
    0x00, 0x00, 0x00, 0x00, 0x00,
    0x00, 0x00, 0x00, 0x00, 0x00,
    0x00, 0x00, 0x00, 0x00, 0x00,
    0x00, 0x00, 0x00, 0x00, 0x00,
    0x00, 0x00, 0x00, 0x00, 0x00,
    0x00, 0x00, 0x00, 0x00, 0x00,
    0x00, 0x00, 0x00, 0x00, 0x00,
    0x00, 0x00, 0x00, 0x00, 0x00,
    0x00, 0x00, 0x00, 0x00, 0x00,
    0x1F, 0xFF, 0xFF, 0xFF, 0x00,
    0x1F, 0xFF, 0xFF, 0xFF, 0x00,
    0x1F, 0xFF, 0xFF, 0xFF, 0x00,
    0x00, 0x00, 0x00, 0x00, 0x00,
    0x00, 0x00, 0x00, 0x00, 0x00,
    0x00, 0x00, 0x00, 0x00, 0x00,
    EFI_HII_GIBT_GLYPH_DEFAULT,
    0x00, 0x0F, 0xC0, 0x00, 0x00,          // Character: '`' (0x0060)
    0x00, 0x03, 0xE0, 0x00, 0x00,
    0x00, 0x01, 0xF0, 0x00, 0x00,
    0x00, 0x00, 0x78, 0x00, 0x00,
    0x00, 0x00, 0x3C, 0x00, 0x00,
    0x00, 0x00, 0x00, 0x00, 0x00,
    0x00, 0x00, 0x00, 0x00, 0x00,
    0x00, 0x00, 0x00, 0x00, 0x00,
    0x00, 0x00, 0x00, 0x00, 0x00,
    0x00, 0x00, 0x00, 0x00, 0x00,
    0x00, 0x00, 0x00, 0x00, 0x00,
    0x00, 0x00, 0x00, 0x00, 0x00,
    0x00, 0x00, 0x00, 0x00, 0x00,
    0x00, 0x00, 0x00, 0x00, 0x00,
    0x00, 0x00, 0x00, 0x00, 0x00,
    0x00, 0x00, 0x00, 0x00, 0x00,
    0x00, 0x00, 0x00, 0x00, 0x00,
    0x00, 0x00, 0x00, 0x00, 0x00,
    0x00, 0x00, 0x00, 0x00, 0x00,
    0x00, 0x00, 0x00, 0x00, 0x00,
    0x00, 0x00, 0x00, 0x00, 0x00,
    0x00, 0x00, 0x00, 0x00, 0x00,
    0x00, 0x00, 0x00, 0x00, 0x00,
    0x00, 0x00, 0x00, 0x00, 0x00,
    0x00, 0x00, 0x00, 0x00, 0x00,
    0x00, 0x00, 0x00, 0x00, 0x00,
    0x00, 0x00, 0x00, 0x00, 0x00,
    0x00, 0x00, 0x00, 0x00, 0x00,
    0x00, 0x00, 0x00, 0x00, 0x00,
    0x00, 0x00, 0x00, 0x00, 0x00,
    0x00, 0x00, 0x00, 0x00, 0x00,
    0x00, 0x00, 0x00, 0x00, 0x00,
    0x00, 0x00, 0x00, 0x00, 0x00,
    0x00, 0x00, 0x00, 0x00, 0x00,
    0x00, 0x00, 0x00, 0x00, 0x00,
    0x00, 0x00, 0x00, 0x00, 0x00,
    0x00, 0x00, 0x00, 0x00, 0x00,
    0x00, 0x00, 0x00, 0x00, 0x00,
    0x00, 0x00, 0x00, 0x00, 0x00,
    0x00, 0x00, 0x00, 0x00, 0x00,
    0x00, 0x00, 0x00, 0x00, 0x00,
    0x00, 0x00, 0x00, 0x00, 0x00,
    0x00, 0x00, 0x00, 0x00, 0x00,
    0x00, 0x00, 0x00, 0x00, 0x00,
    EFI_HII_GIBT_GLYPH_DEFAULT,
    0x00, 0x00, 0x00, 0x00, 0x00,          // Character: 'a' (0x0061)
    0x00, 0x00, 0x00, 0x00, 0x00,
    0x00, 0x00, 0x00, 0x00, 0x00,
    0x00, 0x00, 0x00, 0x00, 0x00,
    0x00, 0x00, 0x00, 0x00, 0x00,
    0x00, 0x00, 0x00, 0x00, 0x00,
    0x00, 0x00, 0x00, 0x00, 0x00,
    0x00, 0x00, 0x00, 0x00, 0x00,
    0x00, 0x00, 0x00, 0x00, 0x00,
    0x00, 0x00, 0x00, 0x00, 0x00,
    0x00, 0x00, 0x00, 0x00, 0x00,
    0x00, 0x00, 0x00, 0x00, 0x00,
    0x00, 0x00, 0x00, 0x00, 0x00,
    0x00, 0x0F, 0xFC, 0x00, 0x00,
    0x00, 0xFF, 0xFF, 0x00, 0x00,
    0x00, 0xFF, 0xFF, 0x80, 0x00,
    0x00, 0xF8, 0x0F, 0x80, 0x00,
    0x00, 0xC0, 0x07, 0xC0, 0x00,
    0x00, 0x00, 0x07, 0xC0, 0x00,
    0x00, 0x00, 0x03, 0xC0, 0x00,
    0x00, 0x00, 0x03, 0xC0, 0x00,
    0x00, 0x00, 0x03, 0xC0, 0x00,
    0x00, 0x00, 0x03, 0xC0, 0x00,
    0x00, 0x03, 0xFF, 0xC0, 0x00,
    0x00, 0x1F, 0xFF, 0xC0, 0x00,
    0x00, 0x3F, 0xFF, 0xC0, 0x00,
    0x00, 0xFE, 0x03, 0xC0, 0x00,
    0x01, 0xF8, 0x03, 0xC0, 0x00,
    0x01, 0xF0, 0x03, 0xC0, 0x00,
    0x03, 0xE0, 0x03, 0xC0, 0x00,
    0x03, 0xE0, 0x03, 0xC0, 0x00,
    0x03, 0xE0, 0x03, 0xC0, 0x00,
    0x03, 0xE0, 0x03, 0xC0, 0x00,
    0x03, 0xE0, 0x07, 0xC0, 0x00,
    0x01, 0xF0, 0x0F, 0xE0, 0x00,
    0x01, 0xF8, 0x3F, 0xE0, 0x00,
    0x00, 0xFF, 0xF9, 0xFC, 0x00,
    0x00, 0x7F, 0xE0, 0xFC, 0x00,
    0x00, 0x1F, 0x80, 0x7C, 0x00,
    0x00, 0x00, 0x00, 0x00, 0x00,
    0x00, 0x00, 0x00, 0x00, 0x00,
    0x00, 0x00, 0x00, 0x00, 0x00,
    0x00, 0x00, 0x00, 0x00, 0x00,
    0x00, 0x00, 0x00, 0x00, 0x00,
    EFI_HII_GIBT_GLYPH_DEFAULT,
    0x00, 0x00, 0x00, 0x00, 0x00,          // Character: 'b' (0x0062)
    0x01, 0xF0, 0x00, 0x00, 0x00,
    0x01, 0xF0, 0x00, 0x00, 0x00,
    0x01, 0xF0, 0x00, 0x00, 0x00,
    0x01, 0xF0, 0x00, 0x00, 0x00,
    0x01, 0xF0, 0x00, 0x00, 0x00,
    0x01, 0xF0, 0x00, 0x00, 0x00,
    0x01, 0xF0, 0x00, 0x00, 0x00,
    0x01, 0xF0, 0x00, 0x00, 0x00,
    0x01, 0xF0, 0x00, 0x00, 0x00,
    0x01, 0xF0, 0x00, 0x00, 0x00,
    0x01, 0xF0, 0x00, 0x00, 0x00,
    0x01, 0xF0, 0x00, 0x00, 0x00,
    0x01, 0xF0, 0x7E, 0x00, 0x00,
    0x01, 0xF1, 0xFF, 0x80, 0x00,
    0x01, 0xF3, 0xFF, 0xC0, 0x00,
    0x01, 0xF7, 0x87, 0xE0, 0x00,
    0x01, 0xFE, 0x01, 0xF0, 0x00,
    0x01, 0xFC, 0x01, 0xF0, 0x00,
    0x01, 0xF8, 0x00, 0xF8, 0x00,
    0x01, 0xF0, 0x00, 0xF8, 0x00,
    0x01, 0xF0, 0x00, 0xF8, 0x00,
    0x01, 0xF0, 0x00, 0xF8, 0x00,
    0x01, 0xF0, 0x00, 0x78, 0x00,
    0x01, 0xF0, 0x00, 0x78, 0x00,
    0x01, 0xF0, 0x00, 0x78, 0x00,
    0x01, 0xF0, 0x00, 0x78, 0x00,
    0x01, 0xF0, 0x00, 0x78, 0x00,
    0x01, 0xF0, 0x00, 0xF8, 0x00,
    0x01, 0xF0, 0x00, 0xF8, 0x00,
    0x01, 0xF0, 0x00, 0xF8, 0x00,
    0x01, 0xF0, 0x00, 0xF0, 0x00,
    0x01, 0xF0, 0x01, 0xF0, 0x00,
    0x01, 0xF8, 0x01, 0xE0, 0x00,
    0x01, 0xFC, 0x03, 0xE0, 0x00,
    0x01, 0xFF, 0x0F, 0xC0, 0x00,
    0x01, 0xE7, 0xFF, 0x80, 0x00,
    0x01, 0xE3, 0xFF, 0x00, 0x00,
    0x00, 0x00, 0xFC, 0x00, 0x00,
    0x00, 0x00, 0x00, 0x00, 0x00,
    0x00, 0x00, 0x00, 0x00, 0x00,
    0x00, 0x00, 0x00, 0x00, 0x00,
    0x00, 0x00, 0x00, 0x00, 0x00,
    0x00, 0x00, 0x00, 0x00, 0x00,
    EFI_HII_GIBT_GLYPH_DEFAULT,
    0x00, 0x00, 0x00, 0x00, 0x00,          // Character: 'c' (0x0063)
    0x00, 0x00, 0x00, 0x00, 0x00,
    0x00, 0x00, 0x00, 0x00, 0x00,
    0x00, 0x00, 0x00, 0x00, 0x00,
    0x00, 0x00, 0x00, 0x00, 0x00,
    0x00, 0x00, 0x00, 0x00, 0x00,
    0x00, 0x00, 0x00, 0x00, 0x00,
    0x00, 0x00, 0x00, 0x00, 0x00,
    0x00, 0x00, 0x00, 0x00, 0x00,
    0x00, 0x00, 0x00, 0x00, 0x00,
    0x00, 0x00, 0x00, 0x00, 0x00,
    0x00, 0x00, 0x00, 0x00, 0x00,
    0x00, 0x00, 0x00, 0x00, 0x00,
    0x00, 0x00, 0xFF, 0xC0, 0x00,
    0x00, 0x07, 0xFF, 0xF0, 0x00,
    0x00, 0x0F, 0xFF, 0xF0, 0x00,
    0x00, 0x3F, 0x80, 0x70, 0x00,
    0x00, 0x3E, 0x00, 0x00, 0x00,
    0x00, 0x7C, 0x00, 0x00, 0x00,
    0x00, 0xF8, 0x00, 0x00, 0x00,
    0x00, 0xF8, 0x00, 0x00, 0x00,
    0x01, 0xF0, 0x00, 0x00, 0x00,
    0x01, 0xF0, 0x00, 0x00, 0x00,
    0x01, 0xF0, 0x00, 0x00, 0x00,
    0x01, 0xF0, 0x00, 0x00, 0x00,
    0x01, 0xF0, 0x00, 0x00, 0x00,
    0x01, 0xF0, 0x00, 0x00, 0x00,
    0x01, 0xF0, 0x00, 0x00, 0x00,
    0x01, 0xF0, 0x00, 0x00, 0x00,
    0x01, 0xF0, 0x00, 0x00, 0x00,
    0x01, 0xF0, 0x00, 0x00, 0x00,
    0x00, 0xF8, 0x00, 0x00, 0x00,
    0x00, 0xFC, 0x00, 0x00, 0x00,
    0x00, 0x7C, 0x00, 0x00, 0x00,
    0x00, 0x7F, 0x00, 0x00, 0x00,
    0x00, 0x3F, 0xC0, 0x78, 0x00,
    0x00, 0x0F, 0xFF, 0xF8, 0x00,
    0x00, 0x07, 0xFF, 0xF8, 0x00,
    0x00, 0x00, 0xFF, 0xC0, 0x00,
    0x00, 0x00, 0x00, 0x00, 0x00,
    0x00, 0x00, 0x00, 0x00, 0x00,
    0x00, 0x00, 0x00, 0x00, 0x00,
    0x00, 0x00, 0x00, 0x00, 0x00,
    0x00, 0x00, 0x00, 0x00, 0x00,
    EFI_HII_GIBT_GLYPH_DEFAULT,
    0x00, 0x00, 0x00, 0x00, 0x00,          // Character: 'd' (0x0064)
    0x00, 0x00, 0x00, 0xF0, 0x00,
    0x00, 0x00, 0x00, 0xF0, 0x00,
    0x00, 0x00, 0x00, 0xF0, 0x00,
    0x00, 0x00, 0x00, 0xF0, 0x00,
    0x00, 0x00, 0x00, 0xF0, 0x00,
    0x00, 0x00, 0x00, 0xF0, 0x00,
    0x00, 0x00, 0x00, 0xF0, 0x00,
    0x00, 0x00, 0x00, 0xF0, 0x00,
    0x00, 0x00, 0x00, 0xF0, 0x00,
    0x00, 0x00, 0x00, 0xF0, 0x00,
    0x00, 0x00, 0x00, 0xF0, 0x00,
    0x00, 0x00, 0x00, 0xF0, 0x00,
    0x00, 0x03, 0xF0, 0xF0, 0x00,
    0x00, 0x0F, 0xFC, 0xF0, 0x00,
    0x00, 0x3F, 0xFE, 0xF0, 0x00,
    0x00, 0x7E, 0x0F, 0xF0, 0x00,
    0x00, 0x7C, 0x03, 0xF0, 0x00,
    0x00, 0xF8, 0x01, 0xF0, 0x00,
    0x01, 0xF0, 0x00, 0xF0, 0x00,
    0x01, 0xF0, 0x00, 0xF0, 0x00,
    0x01, 0xE0, 0x00, 0xF0, 0x00,
    0x01, 0xE0, 0x00, 0xF0, 0x00,
    0x03, 0xE0, 0x00, 0xF0, 0x00,
    0x03, 0xE0, 0x00, 0xF0, 0x00,
    0x03, 0xE0, 0x00, 0xF0, 0x00,
    0x03, 0xE0, 0x00, 0xF0, 0x00,
    0x03, 0xE0, 0x00, 0xF0, 0x00,
    0x03, 0xE0, 0x00, 0xF0, 0x00,
    0x03, 0xE0, 0x00, 0xF0, 0x00,
    0x03, 0xE0, 0x01, 0xF0, 0x00,
    0x01, 0xE0, 0x01, 0xF0, 0x00,
    0x01, 0xF0, 0x03, 0xF0, 0x00,
    0x01, 0xF0, 0x07, 0xF0, 0x00,
    0x00, 0xF8, 0x0E, 0xF0, 0x00,
    0x00, 0xFC, 0x1C, 0xF0, 0x00,
    0x00, 0x7F, 0xF8, 0xF0, 0x00,
    0x00, 0x3F, 0xF0, 0xF0, 0x00,
    0x00, 0x0F, 0xC0, 0x00, 0x00,
    0x00, 0x00, 0x00, 0x00, 0x00,
    0x00, 0x00, 0x00, 0x00, 0x00,
    0x00, 0x00, 0x00, 0x00, 0x00,
    0x00, 0x00, 0x00, 0x00, 0x00,
    0x00, 0x00, 0x00, 0x00, 0x00,
    EFI_HII_GIBT_GLYPH_DEFAULT,
    0x00, 0x00, 0x00, 0x00, 0x00,          // Character: 'e' (0x0065)
    0x00, 0x00, 0x00, 0x00, 0x00,
    0x00, 0x00, 0x00, 0x00, 0x00,
    0x00, 0x00, 0x00, 0x00, 0x00,
    0x00, 0x00, 0x00, 0x00, 0x00,
    0x00, 0x00, 0x00, 0x00, 0x00,
    0x00, 0x00, 0x00, 0x00, 0x00,
    0x00, 0x00, 0x00, 0x00, 0x00,
    0x00, 0x00, 0x00, 0x00, 0x00,
    0x00, 0x00, 0x00, 0x00, 0x00,
    0x00, 0x00, 0x00, 0x00, 0x00,
    0x00, 0x00, 0x00, 0x00, 0x00,
    0x00, 0x00, 0x00, 0x00, 0x00,
    0x00, 0x01, 0xFC, 0x00, 0x00,
    0x00, 0x07, 0xFF, 0x00, 0x00,
    0x00, 0x1F, 0xFF, 0xC0, 0x00,
    0x00, 0x3E, 0x07, 0xC0, 0x00,
    0x00, 0x7C, 0x03, 0xE0, 0x00,
    0x00, 0xF8, 0x01, 0xF0, 0x00,
    0x00, 0xF0, 0x01, 0xF0, 0x00,
    0x01, 0xF0, 0x00, 0xF0, 0x00,
    0x01, 0xF0, 0x00, 0xF0, 0x00,
    0x01, 0xF0, 0x00, 0xF0, 0x00,
    0x01, 0xE0, 0x00, 0xF8, 0x00,
    0x03, 0xFF, 0xFF, 0xF8, 0x00,
    0x03, 0xFF, 0xFF, 0xF8, 0x00,
    0x03, 0xFF, 0xFF, 0xF8, 0x00,
    0x03, 0xE0, 0x00, 0x00, 0x00,
    0x01, 0xE0, 0x00, 0x00, 0x00,
    0x01, 0xF0, 0x00, 0x00, 0x00,
    0x01, 0xF0, 0x00, 0x00, 0x00,
    0x01, 0xF0, 0x00, 0x00, 0x00,
    0x00, 0xF8, 0x00, 0x00, 0x00,
    0x00, 0xFC, 0x00, 0x00, 0x00,
    0x00, 0x7E, 0x00, 0x08, 0x00,
    0x00, 0x3F, 0x80, 0x78, 0x00,
    0x00, 0x1F, 0xFF, 0xF8, 0x00,
    0x00, 0x07, 0xFF, 0xF8, 0x00,
    0x00, 0x01, 0xFF, 0x80, 0x00,
    0x00, 0x00, 0x00, 0x00, 0x00,
    0x00, 0x00, 0x00, 0x00, 0x00,
    0x00, 0x00, 0x00, 0x00, 0x00,
    0x00, 0x00, 0x00, 0x00, 0x00,
    0x00, 0x00, 0x00, 0x00, 0x00,
    EFI_HII_GIBT_GLYPH_DEFAULT,
    0x00, 0x00, 0x0F, 0xFC, 0x00,          // Character: 'f' (0x0066)
    0x00, 0x00, 0x7F, 0xFE, 0x00,
    0x00, 0x00, 0xFF, 0xFE, 0x00,
    0x00, 0x01, 0xF8, 0x06, 0x00,
    0x00, 0x01, 0xE0, 0x00, 0x00,
    0x00, 0x03, 0xE0, 0x00, 0x00,
    0x00, 0x03, 0xC0, 0x00, 0x00,
    0x00, 0x03, 0xC0, 0x00, 0x00,
    0x00, 0x03, 0xC0, 0x00, 0x00,
    0x00, 0x03, 0xC0, 0x00, 0x00,
    0x00, 0x03, 0xC0, 0x00, 0x00,
    0x00, 0x03, 0xC0, 0x00, 0x00,
    0x00, 0x03, 0xC0, 0x00, 0x00,
    0x01, 0xFF, 0xFF, 0xFC, 0x00,
    0x01, 0xFF, 0xFF, 0xFC, 0x00,
    0x01, 0xFF, 0xFF, 0xFC, 0x00,
    0x00, 0x03, 0xC0, 0x00, 0x00,
    0x00, 0x03, 0xC0, 0x00, 0x00,
    0x00, 0x03, 0xC0, 0x00, 0x00,
    0x00, 0x03, 0xC0, 0x00, 0x00,
    0x00, 0x03, 0xC0, 0x00, 0x00,
    0x00, 0x03, 0xC0, 0x00, 0x00,
    0x00, 0x03, 0xC0, 0x00, 0x00,
    0x00, 0x03, 0xC0, 0x00, 0x00,
    0x00, 0x03, 0xC0, 0x00, 0x00,
    0x00, 0x03, 0xC0, 0x00, 0x00,
    0x00, 0x03, 0xC0, 0x00, 0x00,
    0x00, 0x03, 0xC0, 0x00, 0x00,
    0x00, 0x03, 0xC0, 0x00, 0x00,
    0x00, 0x03, 0xC0, 0x00, 0x00,
    0x00, 0x03, 0xC0, 0x00, 0x00,
    0x00, 0x03, 0xC0, 0x00, 0x00,
    0x00, 0x03, 0xC0, 0x00, 0x00,
    0x00, 0x03, 0xC0, 0x00, 0x00,
    0x00, 0x03, 0xC0, 0x00, 0x00,
    0x00, 0x03, 0xC0, 0x00, 0x00,
    0x00, 0x03, 0xC0, 0x00, 0x00,
    0x00, 0x03, 0xC0, 0x00, 0x00,
    0x00, 0x00, 0x00, 0x00, 0x00,
    0x00, 0x00, 0x00, 0x00, 0x00,
    0x00, 0x00, 0x00, 0x00, 0x00,
    0x00, 0x00, 0x00, 0x00, 0x00,
    0x00, 0x00, 0x00, 0x00, 0x00,
    0x00, 0x00, 0x00, 0x00, 0x00,
    EFI_HII_GIBT_GLYPH_DEFAULT,
    0x00, 0x00, 0x00, 0x00, 0x00,          // Character: 'g' (0x0067)
    0x00, 0x00, 0x00, 0x00, 0x00,
    0x00, 0x00, 0x00, 0x00, 0x00,
    0x00, 0x00, 0x00, 0x00, 0x00,
    0x00, 0x00, 0x00, 0x00, 0x00,
    0x00, 0x00, 0x00, 0x00, 0x00,
    0x00, 0x00, 0x00, 0x00, 0x00,
    0x00, 0x00, 0x00, 0x00, 0x00,
    0x00, 0x00, 0x00, 0x00, 0x00,
    0x00, 0x00, 0x00, 0x00, 0x00,
    0x00, 0x00, 0x00, 0x00, 0x00,
    0x00, 0x00, 0x00, 0x00, 0x00,
    0x00, 0x00, 0x00, 0x00, 0x00,
    0x00, 0x07, 0xF0, 0xF0, 0x00,
    0x00, 0x1F, 0xFC, 0xF0, 0x00,
    0x00, 0x3F, 0xFF, 0xF0, 0x00,
    0x00, 0x7E, 0x0F, 0xF0, 0x00,
    0x00, 0xF8, 0x03, 0xF0, 0x00,
    0x00, 0xF8, 0x01, 0xF0, 0x00,
    0x01, 0xF0, 0x00, 0xF0, 0x00,
    0x01, 0xF0, 0x00, 0xF0, 0x00,
    0x01, 0xE0, 0x00, 0xF0, 0x00,
    0x03, 0xE0, 0x00, 0xF0, 0x00,
    0x03, 0xE0, 0x00, 0xF0, 0x00,
    0x03, 0xE0, 0x00, 0xF0, 0x00,
    0x03, 0xE0, 0x00, 0xF0, 0x00,
    0x03, 0xE0, 0x00, 0xF0, 0x00,
    0x03, 0xE0, 0x00, 0xF0, 0x00,
    0x03, 0xE0, 0x00, 0xF0, 0x00,
    0x03, 0xE0, 0x00, 0xF0, 0x00,
    0x03, 0xE0, 0x01, 0xF0, 0x00,
    0x01, 0xF0, 0x01, 0xF0, 0x00,
    0x01, 0xF0, 0x03, 0xF0, 0x00,
    0x00, 0xF8, 0x07, 0xF0, 0x00,
    0x00, 0xFC, 0x1E, 0xF0, 0x00,
    0x00, 0x7F, 0xFC, 0xF0, 0x00,
    0x00, 0x3F, 0xF0, 0xF0, 0x00,
    0x00, 0x0F, 0xC0, 0xF0, 0x00,
    0x00, 0x00, 0x00, 0xF0, 0x00,
    0x00, 0x00, 0x00, 0xF0, 0x00,
    0x00, 0x00, 0x01, 0xF0, 0x00,
    0x00, 0x00, 0x01, 0xE0, 0x00,
    0x00, 0x00, 0x03, 0xE0, 0x00,
    0x00, 0x00, 0x07, 0xC0, 0x00,
    EFI_HII_GIBT_GLYPH_DEFAULT,
    0x00, 0x00, 0x00, 0x00, 0x00,          // Character: 'h' (0x0068)
    0x01, 0xF0, 0x00, 0x00, 0x00,
    0x01, 0xF0, 0x00, 0x00, 0x00,
    0x01, 0xF0, 0x00, 0x00, 0x00,
    0x01, 0xF0, 0x00, 0x00, 0x00,
    0x01, 0xF0, 0x00, 0x00, 0x00,
    0x01, 0xF0, 0x00, 0x00, 0x00,
    0x01, 0xF0, 0x00, 0x00, 0x00,
    0x01, 0xF0, 0x00, 0x00, 0x00,
    0x01, 0xF0, 0x00, 0x00, 0x00,
    0x01, 0xF0, 0x00, 0x00, 0x00,
    0x01, 0xF0, 0x00, 0x00, 0x00,
    0x01, 0xF0, 0x00, 0x00, 0x00,
    0x01, 0xF0, 0x3F, 0x00, 0x00,
    0x01, 0xF0, 0xFF, 0x80, 0x00,
    0x01, 0xF3, 0xFF, 0xC0, 0x00,
    0x01, 0xF7, 0x83, 0xE0, 0x00,
    0x01, 0xFF, 0x01, 0xE0, 0x00,
    0x01, 0xFE, 0x01, 0xF0, 0x00,
    0x01, 0xFC, 0x01, 0xF0, 0x00,
    0x01, 0xF8, 0x01, 0xF0, 0x00,
    0x01, 0xF0, 0x01, 0xF0, 0x00,
    0x01, 0xF0, 0x01, 0xF0, 0x00,
    0x01, 0xF0, 0x01, 0xF0, 0x00,
    0x01, 0xF0, 0x01, 0xF0, 0x00,
    0x01, 0xF0, 0x01, 0xF0, 0x00,
    0x01, 0xF0, 0x01, 0xF0, 0x00,
    0x01, 0xF0, 0x01, 0xF0, 0x00,
    0x01, 0xF0, 0x01, 0xF0, 0x00,
    0x01, 0xF0, 0x01, 0xF0, 0x00,
    0x01, 0xF0, 0x01, 0xF0, 0x00,
    0x01, 0xF0, 0x01, 0xF0, 0x00,
    0x01, 0xF0, 0x01, 0xF0, 0x00,
    0x01, 0xF0, 0x01, 0xF0, 0x00,
    0x01, 0xF0, 0x01, 0xF0, 0x00,
    0x01, 0xF0, 0x01, 0xF0, 0x00,
    0x01, 0xF0, 0x01, 0xF0, 0x00,
    0x01, 0xF0, 0x01, 0xF0, 0x00,
    0x00, 0x00, 0x00, 0x00, 0x00,
    0x00, 0x00, 0x00, 0x00, 0x00,
    0x00, 0x00, 0x00, 0x00, 0x00,
    0x00, 0x00, 0x00, 0x00, 0x00,
    0x00, 0x00, 0x00, 0x00, 0x00,
    0x00, 0x00, 0x00, 0x00, 0x00,
    EFI_HII_GIBT_GLYPH_DEFAULT,
    0x00, 0x00, 0x00, 0x00, 0x00,          // Character: 'i' (0x0069)
    0x00, 0x00, 0xFC, 0x00, 0x00,
    0x00, 0x00, 0xFC, 0x00, 0x00,
    0x00, 0x00, 0xFC, 0x00, 0x00,
    0x00, 0x00, 0xFC, 0x00, 0x00,
    0x00, 0x00, 0xFC, 0x00, 0x00,
    0x00, 0x00, 0xFC, 0x00, 0x00,
    0x00, 0x00, 0x00, 0x00, 0x00,
    0x00, 0x00, 0x00, 0x00, 0x00,
    0x00, 0x00, 0x00, 0x00, 0x00,
    0x00, 0x00, 0x00, 0x00, 0x00,
    0x00, 0x00, 0x00, 0x00, 0x00,
    0x00, 0x00, 0x00, 0x00, 0x00,
    0x01, 0xFF, 0xF8, 0x00, 0x00,
    0x01, 0xFF, 0xF8, 0x00, 0x00,
    0x01, 0xFF, 0xF8, 0x00, 0x00,
    0x00, 0x00, 0xF8, 0x00, 0x00,
    0x00, 0x00, 0xF8, 0x00, 0x00,
    0x00, 0x00, 0xF8, 0x00, 0x00,
    0x00, 0x00, 0xF8, 0x00, 0x00,
    0x00, 0x00, 0xF8, 0x00, 0x00,
    0x00, 0x00, 0xF8, 0x00, 0x00,
    0x00, 0x00, 0xF8, 0x00, 0x00,
    0x00, 0x00, 0xF8, 0x00, 0x00,
    0x00, 0x00, 0xF8, 0x00, 0x00,
    0x00, 0x00, 0xF8, 0x00, 0x00,
    0x00, 0x00, 0xF8, 0x00, 0x00,
    0x00, 0x00, 0xF8, 0x00, 0x00,
    0x00, 0x00, 0xF8, 0x00, 0x00,
    0x00, 0x00, 0xF8, 0x00, 0x00,
    0x00, 0x00, 0xF8, 0x00, 0x00,
    0x00, 0x00, 0xF8, 0x00, 0x00,
    0x00, 0x00, 0xF8, 0x00, 0x00,
    0x00, 0x00, 0xF8, 0x00, 0x00,
    0x00, 0x00, 0xF8, 0x00, 0x00,
    0x00, 0x00, 0xF8, 0x00, 0x00,
    0x00, 0x00, 0xF8, 0x00, 0x00,
    0x00, 0x00, 0xF8, 0x00, 0x00,
    0x00, 0x00, 0x00, 0x00, 0x00,
    0x00, 0x00, 0x00, 0x00, 0x00,
    0x00, 0x00, 0x00, 0x00, 0x00,
    0x00, 0x00, 0x00, 0x00, 0x00,
    0x00, 0x00, 0x00, 0x00, 0x00,
    0x00, 0x00, 0x00, 0x00, 0x00,
    EFI_HII_GIBT_GLYPH_DEFAULT,
    0x00, 0x00, 0x00, 0x00, 0x00,          // Character: 'j' (0x006A)
    0x00, 0x00, 0x3F, 0x00, 0x00,
    0x00, 0x00, 0x3F, 0x00, 0x00,
    0x00, 0x00, 0x3F, 0x00, 0x00,
    0x00, 0x00, 0x3F, 0x00, 0x00,
    0x00, 0x00, 0x3F, 0x00, 0x00,
    0x00, 0x00, 0x3F, 0x00, 0x00,
    0x00, 0x00, 0x00, 0x00, 0x00,
    0x00, 0x00, 0x00, 0x00, 0x00,
    0x00, 0x00, 0x00, 0x00, 0x00,
    0x00, 0x00, 0x00, 0x00, 0x00,
    0x00, 0x00, 0x00, 0x00, 0x00,
    0x00, 0x00, 0x00, 0x00, 0x00,
    0x00, 0xFF, 0xFE, 0x00, 0x00,
    0x00, 0xFF, 0xFE, 0x00, 0x00,
    0x00, 0xFF, 0xFE, 0x00, 0x00,
    0x00, 0x00, 0x1E, 0x00, 0x00,
    0x00, 0x00, 0x1E, 0x00, 0x00,
    0x00, 0x00, 0x1E, 0x00, 0x00,
    0x00, 0x00, 0x1E, 0x00, 0x00,
    0x00, 0x00, 0x1E, 0x00, 0x00,
    0x00, 0x00, 0x1E, 0x00, 0x00,
    0x00, 0x00, 0x1E, 0x00, 0x00,
    0x00, 0x00, 0x1E, 0x00, 0x00,
    0x00, 0x00, 0x1E, 0x00, 0x00,
    0x00, 0x00, 0x1E, 0x00, 0x00,
    0x00, 0x00, 0x1E, 0x00, 0x00,
    0x00, 0x00, 0x1E, 0x00, 0x00,
    0x00, 0x00, 0x1E, 0x00, 0x00,
    0x00, 0x00, 0x1E, 0x00, 0x00,
    0x00, 0x00, 0x1E, 0x00, 0x00,
    0x00, 0x00, 0x1E, 0x00, 0x00,
    0x00, 0x00, 0x1E, 0x00, 0x00,
    0x00, 0x00, 0x1E, 0x00, 0x00,
    0x00, 0x00, 0x1E, 0x00, 0x00,
    0x00, 0x00, 0x1E, 0x00, 0x00,
    0x00, 0x00, 0x1E, 0x00, 0x00,
    0x00, 0x00, 0x1E, 0x00, 0x00,
    0x00, 0x00, 0x1E, 0x00, 0x00,
    0x00, 0x00, 0x1E, 0x00, 0x00,
    0x00, 0x00, 0x1E, 0x00, 0x00,
    0x00, 0x00, 0x1E, 0x00, 0x00,
    0x00, 0x00, 0x3E, 0x00, 0x00,
    0x00, 0x00, 0x3C, 0x00, 0x00,
    EFI_HII_GIBT_GLYPH_DEFAULT,
    0x00, 0x00, 0x00, 0x00, 0x00,          // Character: 'k' (0x006B)
    0x00, 0xF8, 0x00, 0x00, 0x00,
    0x00, 0xF8, 0x00, 0x00, 0x00,
    0x00, 0xF8, 0x00, 0x00, 0x00,
    0x00, 0xF8, 0x00, 0x00, 0x00,
    0x00, 0xF8, 0x00, 0x00, 0x00,
    0x00, 0xF8, 0x00, 0x00, 0x00,
    0x00, 0xF8, 0x00, 0x00, 0x00,
    0x00, 0xF8, 0x00, 0x00, 0x00,
    0x00, 0xF8, 0x00, 0x00, 0x00,
    0x00, 0xF8, 0x00, 0x00, 0x00,
    0x00, 0xF8, 0x00, 0x00, 0x00,
    0x00, 0xF8, 0x00, 0x00, 0x00,
    0x00, 0xF8, 0x00, 0xF8, 0x00,
    0x00, 0xF8, 0x01, 0xE0, 0x00,
    0x00, 0xF8, 0x03, 0xC0, 0x00,
    0x00, 0xF8, 0x07, 0x80, 0x00,
    0x00, 0xF8, 0x0F, 0x00, 0x00,
    0x00, 0xF8, 0x1E, 0x00, 0x00,
    0x00, 0xF8, 0x3C, 0x00, 0x00,
    0x00, 0xF8, 0x7C, 0x00, 0x00,
    0x00, 0xF8, 0xF8, 0x00, 0x00,
    0x00, 0xF9, 0xF0, 0x00, 0x00,
    0x00, 0xFB, 0xE0, 0x00, 0x00,
    0x00, 0xFF, 0xC0, 0x00, 0x00,
    0x00, 0xFF, 0xE0, 0x00, 0x00,
    0x00, 0xFB, 0xF0, 0x00, 0x00,
    0x00, 0xF9, 0xF8, 0x00, 0x00,
    0x00, 0xF8, 0xFC, 0x00, 0x00,
    0x00, 0xF8, 0x7E, 0x00, 0x00,
    0x00, 0xF8, 0x3F, 0x00, 0x00,
    0x00, 0xF8, 0x1F, 0x80, 0x00,
    0x00, 0xF8, 0x0F, 0xC0, 0x00,
    0x00, 0xF8, 0x07, 0xE0, 0x00,
    0x00, 0xF8, 0x03, 0xF0, 0x00,
    0x00, 0xF8, 0x03, 0xF8, 0x00,
    0x00, 0xF8, 0x01, 0xF8, 0x00,
    0x00, 0xF8, 0x00, 0xFE, 0x00,
    0x00, 0x00, 0x00, 0x00, 0x00,
    0x00, 0x00, 0x00, 0x00, 0x00,
    0x00, 0x00, 0x00, 0x00, 0x00,
    0x00, 0x00, 0x00, 0x00, 0x00,
    0x00, 0x00, 0x00, 0x00, 0x00,
    0x00, 0x00, 0x00, 0x00, 0x00,
    EFI_HII_GIBT_GLYPH_DEFAULT,
    0x00, 0x00, 0x00, 0x00, 0x00,          // Character: 'l' (0x006C)
    0x01, 0xFF, 0xF8, 0x00, 0x00,
    0x01, 0xFF, 0xF8, 0x00, 0x00,
    0x01, 0xFF, 0xF8, 0x00, 0x00,
    0x00, 0x00, 0x78, 0x00, 0x00,
    0x00, 0x00, 0x78, 0x00, 0x00,
    0x00, 0x00, 0x78, 0x00, 0x00,
    0x00, 0x00, 0x78, 0x00, 0x00,
    0x00, 0x00, 0x78, 0x00, 0x00,
    0x00, 0x00, 0x78, 0x00, 0x00,
    0x00, 0x00, 0x78, 0x00, 0x00,
    0x00, 0x00, 0x78, 0x00, 0x00,
    0x00, 0x00, 0x78, 0x00, 0x00,
    0x00, 0x00, 0x78, 0x00, 0x00,
    0x00, 0x00, 0x78, 0x00, 0x00,
    0x00, 0x00, 0x78, 0x00, 0x00,
    0x00, 0x00, 0x78, 0x00, 0x00,
    0x00, 0x00, 0x78, 0x00, 0x00,
    0x00, 0x00, 0x78, 0x00, 0x00,
    0x00, 0x00, 0x78, 0x00, 0x00,
    0x00, 0x00, 0x78, 0x00, 0x00,
    0x00, 0x00, 0x78, 0x00, 0x00,
    0x00, 0x00, 0x78, 0x00, 0x00,
    0x00, 0x00, 0x78, 0x00, 0x00,
    0x00, 0x00, 0x78, 0x00, 0x00,
    0x00, 0x00, 0x78, 0x00, 0x00,
    0x00, 0x00, 0x78, 0x00, 0x00,
    0x00, 0x00, 0x78, 0x00, 0x00,
    0x00, 0x00, 0x78, 0x00, 0x00,
    0x00, 0x00, 0x78, 0x00, 0x00,
    0x00, 0x00, 0x78, 0x00, 0x00,
    0x00, 0x00, 0x78, 0x00, 0x00,
    0x00, 0x00, 0x78, 0x00, 0x00,
    0x00, 0x00, 0x78, 0x00, 0x00,
    0x00, 0x00, 0x78, 0x00, 0x00,
    0x00, 0x00, 0x78, 0x00, 0x00,
    0x00, 0x00, 0x78, 0x00, 0x00,
    0x00, 0x00, 0x78, 0x00, 0x00,
    0x00, 0x00, 0x00, 0x00, 0x00,
    0x00, 0x00, 0x00, 0x00, 0x00,
    0x00, 0x00, 0x00, 0x00, 0x00,
    0x00, 0x00, 0x00, 0x00, 0x00,
    0x00, 0x00, 0x00, 0x00, 0x00,
    0x00, 0x00, 0x00, 0x00, 0x00,
    EFI_HII_GIBT_GLYPH_DEFAULT,
    0x00, 0x00, 0x00, 0x00, 0x00,          // Character: 'm' (0x006D)
    0x00, 0x00, 0x00, 0x00, 0x00,
    0x00, 0x00, 0x00, 0x00, 0x00,
    0x00, 0x00, 0x00, 0x00, 0x00,
    0x00, 0x00, 0x00, 0x00, 0x00,
    0x00, 0x00, 0x00, 0x00, 0x00,
    0x00, 0x00, 0x00, 0x00, 0x00,
    0x00, 0x00, 0x00, 0x00, 0x00,
    0x00, 0x00, 0x00, 0x00, 0x00,
    0x00, 0x00, 0x00, 0x00, 0x00,
    0x00, 0x00, 0x00, 0x00, 0x00,
    0x00, 0x00, 0x00, 0x00, 0x00,
    0x00, 0x00, 0x00, 0x00, 0x00,
    0x07, 0x87, 0x81, 0xE0, 0x00,
    0x07, 0x8F, 0xC3, 0xF8, 0x00,
    0x07, 0x9F, 0xC7, 0xF8, 0x00,
    0x07, 0xBF, 0xE7, 0xF8, 0x00,
    0x00, 0x00, 0x00, 0x00, 0x00,
    0x00, 0x00, 0x00, 0x00, 0x00,
    0x00, 0x00, 0x00, 0x00, 0x00,
    0x00, 0x00, 0x00, 0x00, 0x00,
    0x3F, 0xFF, 0xFF, 0xFF, 0xF0,
    0x3F, 0xFF, 0xFF, 0xFF, 0xF0,
    0x3F, 0xFF, 0xFF, 0xFF, 0xF0,
    0x3F, 0xFF, 0xFF, 0xFF, 0xF0,
    0x3F, 0xFF, 0xFF, 0xFF, 0xF0,
    0x3F, 0xFF, 0xFF, 0xFF, 0xF0,
    0x3F, 0xFF, 0xFF, 0xFF, 0xF0,
    0x3F, 0xFF, 0xFF, 0xFF, 0xF0,
    0x3F, 0xFF, 0xFF, 0xFF, 0xF0,
    0x3F, 0xFF, 0xFF, 0xFF, 0xF0,
    0x3F, 0xFF, 0xFF, 0xFF, 0xF0,
    0x3F, 0xFF, 0xFF, 0xFF, 0xF0,
    0x3F, 0xFF, 0xFF, 0xFF, 0xF0,
    0x3F, 0xFF, 0xFF, 0xFF, 0xF0,
    0x00, 0x00, 0x00, 0x00, 0x00,
    0x00, 0x00, 0x00, 0x00, 0x00,
    0x00, 0x00, 0x00, 0x00, 0x00,
    0x00, 0x00, 0x00, 0x00, 0x00,
    0xFF, 0xFF, 0xFF, 0xFF, 0xF0,
    0xFF, 0xFF, 0xFF, 0xFF, 0xF0,
    0xFF, 0xFF, 0xFF, 0xFF, 0xF0,
    0xFF, 0xFF, 0xFF, 0xFF, 0xF0,
    0xFF, 0xFF, 0xFF, 0xFF, 0xF0,
    EFI_HII_GIBT_GLYPH_DEFAULT,
    0x00, 0x00, 0x00, 0x00, 0x00,          // Character: 'n' (0x006E)
    0x00, 0x00, 0x00, 0x00, 0x00,
    0x00, 0x00, 0x00, 0x00, 0x00,
    0x00, 0x00, 0x00, 0x00, 0x00,
    0x00, 0x00, 0x00, 0x00, 0x00,
    0x00, 0x00, 0x00, 0x00, 0x00,
    0x00, 0x00, 0x00, 0x00, 0x00,
    0x00, 0x00, 0x00, 0x00, 0x00,
    0x00, 0x00, 0x00, 0x00, 0x00,
    0x00, 0x00, 0x00, 0x00, 0x00,
    0x00, 0x00, 0x00, 0x00, 0x00,
    0x00, 0x00, 0x00, 0x00, 0x00,
    0x00, 0x00, 0x00, 0x00, 0x00,
    0x01, 0xF0, 0x3F, 0x00, 0x00,
    0x01, 0xF0, 0xFF, 0x80, 0x00,
    0x01, 0xF3, 0xFF, 0xC0, 0x00,
    0x01, 0xF7, 0x83, 0xE0, 0x00,
    0x00, 0x00, 0x00, 0x00, 0x00,
    0x00, 0x00, 0x00, 0x00, 0x00,
    0x00, 0x00, 0x00, 0x00, 0x00,
    0x00, 0x00, 0x00, 0x00, 0x00,
    0xFF, 0xFF, 0xFE, 0x00, 0x00,
    0xFF, 0xFF, 0xFE, 0x00, 0x00,
    0xFF, 0xFF, 0xFE, 0x00, 0x00,
    0xFF, 0xFF, 0xFE, 0x00, 0x00,
    0xFF, 0xFF, 0xFE, 0x00, 0x00,
    0xFF, 0xFF, 0xFE, 0x00, 0x00,
    0xFF, 0xFF, 0xFE, 0x00, 0x00,
    0xFF, 0xFF, 0xFE, 0x00, 0x00,
    0xFF, 0xFF, 0xFE, 0x00, 0x00,
    0xFF, 0xFF, 0xFE, 0x00, 0x00,
    0xFF, 0xFF, 0xFE, 0x00, 0x00,
    0xFF, 0xFF, 0xFE, 0x00, 0x00,
    0xFF, 0xFF, 0xFE, 0x00, 0x00,
    0xFF, 0xFF, 0xFE, 0x00, 0x00,
    0x00, 0x00, 0x00, 0x00, 0x00,
    0x00, 0x00, 0x00, 0x00, 0x00,
    0x00, 0x00, 0x00, 0x00, 0x00,
    0x00, 0x00, 0x00, 0x00, 0x00,
    0xFF, 0xFF, 0xFF, 0xFF, 0xF0,
    0xFF, 0xFF, 0xFF, 0xFF, 0xF0,
    0xFF, 0xFF, 0xFF, 0xFF, 0xF0,
    0xFF, 0xFF, 0xFF, 0xFF, 0xF0,
    0xFF, 0xFF, 0xFF, 0xFF, 0xF0,
    EFI_HII_GIBT_GLYPH_DEFAULT,
    0x00, 0x00, 0x00, 0x00, 0x00,          // Character: 'o' (0x006F)
    0x00, 0x00, 0x00, 0x00, 0x00,
    0x00, 0x00, 0x00, 0x00, 0x00,
    0x00, 0x00, 0x00, 0x00, 0x00,
    0x00, 0x00, 0x00, 0x00, 0x00,
    0x00, 0x00, 0x00, 0x00, 0x00,
    0x00, 0x00, 0x00, 0x00, 0x00,
    0x00, 0x00, 0x00, 0x00, 0x00,
    0x00, 0x00, 0x00, 0x00, 0x00,
    0x00, 0x00, 0x00, 0x00, 0x00,
    0x00, 0x00, 0x00, 0x00, 0x00,
    0x00, 0x00, 0x00, 0x00, 0x00,
    0x00, 0x00, 0x00, 0x00, 0x00,
    0x00, 0x03, 0xF8, 0x00, 0x00,
    0x00, 0x1F, 0xFF, 0x00, 0x00,
    0x00, 0x3F, 0xFF, 0x80, 0x00,
    0x00, 0x7E, 0x0F, 0xC0, 0x00,
    0x00, 0x00, 0x00, 0x00, 0x00,
    0x00, 0x00, 0x00, 0x00, 0x00,
    0x00, 0x00, 0x00, 0x00, 0x00,
    0x00, 0x00, 0x00, 0x00, 0x00,
    0x00, 0x00, 0x00, 0x00, 0x00,
    0x00, 0x00, 0x00, 0x00, 0x00,
    0x00, 0x00, 0x00, 0x00, 0x00,
    0x00, 0x00, 0x00, 0x00, 0x00,
    0x00, 0x00, 0x00, 0x00, 0x00,
    0x00, 0x00, 0x00, 0x00, 0x00,
    0x00, 0x00, 0x00, 0x00, 0x00,
    0x00, 0x00, 0x00, 0x00, 0x00,
    0x00, 0x00, 0x00, 0x00, 0x00,
    0x00, 0x00, 0x00, 0x00, 0x00,
    0x00, 0x00, 0x00, 0x00, 0x00,
    0x00, 0x00, 0x00, 0x00, 0x00,
    0x00, 0x00, 0x00, 0x00, 0x00,
    0x00, 0x00, 0x00, 0x00, 0x00,
    0x00, 0x00, 0x00, 0x00, 0x00,
    0x00, 0x00, 0x00, 0x00, 0x00,
    0x00, 0x00, 0x00, 0x00, 0x00,
    0x00, 0x00, 0x00, 0x00, 0x00,
    0xFF, 0xFF, 0xFF, 0xFF, 0xF0,
    0xFF, 0xFF, 0xFF, 0xFF, 0xF0,
    0xFF, 0xFF, 0xFF, 0xFF, 0xF0,
    0xFF, 0xFF, 0xFF, 0xFF, 0xF0,
    0xFF, 0xFF, 0xFF, 0xFF, 0xF0,
    EFI_HII_GIBT_GLYPH_DEFAULT,
    0x00, 0x00, 0x00, 0x00, 0x00,          // Character: 'p' (0x0070)
    0x00, 0x00, 0x00, 0x00, 0x00,
    0x00, 0x00, 0x00, 0x00, 0x00,
    0x00, 0x00, 0x00, 0x00, 0x00,
    0x00, 0x00, 0x00, 0x00, 0x00,
    0x00, 0x00, 0x00, 0x00, 0x00,
    0x00, 0x00, 0x00, 0x00, 0x00,
    0x00, 0x00, 0x00, 0x00, 0x00,
    0x00, 0x00, 0x00, 0x00, 0x00,
    0x00, 0x00, 0x00, 0x00, 0x00,
    0x00, 0x00, 0x00, 0x00, 0x00,
    0x00, 0x00, 0x00, 0x00, 0x00,
    0x00, 0x00, 0x00, 0x00, 0x00,
    0x01, 0xF0, 0x7E, 0x00, 0x00,
    0x01, 0xF1, 0xFF, 0x80, 0x00,
    0x01, 0xF3, 0xFF, 0xC0, 0x00,
    0x01, 0xF7, 0x83, 0xE0, 0x00,
    0x00, 0x00, 0x00, 0x00, 0x00,
    0x00, 0x00, 0x00, 0x00, 0x00,
    0x00, 0x00, 0x00, 0x00, 0x00,
    0x00, 0x00, 0x00, 0x00, 0x00,
    0x00, 0x00, 0x00, 0x00, 0x00,
    0x00, 0x00, 0x00, 0x00, 0x00,
    0x00, 0x00, 0x00, 0x00, 0x00,
    0x00, 0x00, 0x00, 0x00, 0x00,
    0x00, 0x00, 0x00, 0x00, 0x00,
    0x00, 0x00, 0x00, 0x00, 0x00,
    0x00, 0x00, 0x00, 0x00, 0x00,
    0x00, 0x00, 0x00, 0x00, 0x00,
    0x00, 0x00, 0x00, 0x00, 0x00,
    0x00, 0x00, 0x00, 0x00, 0x00,
    0x00, 0x00, 0x00, 0x00, 0x00,
    0x00, 0x00, 0x00, 0x00, 0x00,
    0x00, 0x00, 0x00, 0x00, 0x00,
    0x00, 0x00, 0x00, 0x00, 0x00,
    0x00, 0x00, 0x00, 0x00, 0x00,
    0x00, 0x00, 0x00, 0x00, 0x00,
    0x00, 0x00, 0x00, 0x00, 0x00,
    0x00, 0x00, 0x00, 0x00, 0x00,
    0xFF, 0xFF, 0xFF, 0xFF, 0xF0,
    0xFF, 0xFF, 0xFF, 0xFF, 0xF0,
    0xFF, 0xFF, 0xFF, 0xFF, 0xF0,
    0xFF, 0xFF, 0xFF, 0xFF, 0xF0,
    0xFF, 0xFF, 0xFF, 0xFF, 0xF0,
    EFI_HII_GIBT_GLYPH_DEFAULT,
    0x00, 0x00, 0x00, 0x00, 0x00,          // Character: 'q' (0x0071)
    0x00, 0x00, 0x00, 0x00, 0x00,
    0x00, 0x00, 0x00, 0x00, 0x00,
    0x00, 0x00, 0x00, 0x00, 0x00,
    0x00, 0x00, 0x00, 0x00, 0x00,
    0x00, 0x00, 0x00, 0x00, 0x00,
    0x00, 0x00, 0x00, 0x00, 0x00,
    0x00, 0x00, 0x00, 0x00, 0x00,
    0x00, 0x00, 0x00, 0x00, 0x00,
    0x00, 0x00, 0x00, 0x00, 0x00,
    0x00, 0x00, 0x00, 0x00, 0x00,
    0x00, 0x00, 0x00, 0x00, 0x00,
    0x00, 0x00, 0x00, 0x00, 0x00,
    0x00, 0x07, 0xE0, 0xF0, 0x00,
    0x00, 0x1F, 0xFC, 0xF0, 0x00,
    0x00, 0x3F, 0xFE, 0xF0, 0x00,
    0x00, 0x7E, 0x1F, 0xF0, 0x00,
    0x00, 0x00, 0x00, 0x00, 0x00,
    0x00, 0x00, 0x00, 0x00, 0x00,
    0x00, 0x00, 0x00, 0x00, 0x00,
    0x00, 0x00, 0x00, 0x00, 0x00,
    0x00, 0x00, 0x00, 0x00, 0x00,
    0x00, 0x00, 0x00, 0x00, 0x00,
    0x00, 0x00, 0x00, 0x00, 0x00,
    0x00, 0x00, 0x00, 0x00, 0x00,
    0x00, 0x00, 0x00, 0x00, 0x00,
    0x00, 0x00, 0x00, 0x00, 0x00,
    0x00, 0x00, 0x00, 0x00, 0x00,
    0x00, 0x00, 0x00, 0x00, 0x00,
    0x00, 0x00, 0x00, 0x00, 0x00,
    0x00, 0x00, 0x00, 0x00, 0x00,
    0x00, 0x00, 0x00, 0x00, 0x00,
    0x00, 0x00, 0x00, 0x00, 0x00,
    0x00, 0x00, 0x00, 0x00, 0x00,
    0x00, 0x00, 0x00, 0x00, 0x00,
    0x00, 0x00, 0x00, 0x00, 0x00,
    0x00, 0x00, 0x00, 0x00, 0x00,
    0x00, 0x00, 0x00, 0x00, 0x00,
    0x00, 0x00, 0x00, 0x00, 0x00,
    0xFF, 0xFF, 0xFF, 0xFF, 0xF0,
    0xFF, 0xFF, 0xFF, 0xFF, 0xF0,
    0xFF, 0xFF, 0xFF, 0xFF, 0xF0,
    0xFF, 0xFF, 0xFF, 0xFF, 0xF0,
    0xFF, 0xFF, 0xFF, 0xFF, 0xF0,
    EFI_HII_GIBT_GLYPH_DEFAULT,
    0x00, 0xFF, 0xFF, 0x80, 0x00,          // Character: 'r' (0x0072)
    0x00, 0xFF, 0xFE, 0x00, 0x00,
    0x00, 0x1F, 0xF8, 0x00, 0x00,
    0x00, 0x00, 0x00, 0x00, 0x00,
    0x00, 0x00, 0x00, 0x00, 0x00,
    0x00, 0x00, 0x00, 0x00, 0x00,
    0x00, 0x00, 0x00, 0x00, 0x00,
    0x00, 0x00, 0x00, 0x00, 0x00,
    0x00, 0x00, 0x00, 0x00, 0x00,
    0x00, 0x00, 0x00, 0x00, 0x00,
    0x00, 0x00, 0x00, 0x00, 0x00,
    0x00, 0x00, 0x00, 0x00, 0x00,
    0x00, 0x00, 0x00, 0x00, 0x00,
    0x00, 0x3E, 0x07, 0xF8, 0x00,
    0x00, 0x3E, 0x1F, 0xF8, 0x00,
    0x00, 0x3E, 0x7F, 0xF8, 0x00,
    0x00, 0x3E, 0xF8, 0x38, 0x00,
    0x00, 0x00, 0x00, 0x00, 0x00,
    0x00, 0x00, 0x00, 0x00, 0x00,
    0x00, 0x00, 0x00, 0x00, 0x00,
    0x00, 0x00, 0x00, 0x00, 0x00,
    0x00, 0x00, 0x00, 0x00, 0x00,
    0x00, 0x00, 0x00, 0x00, 0x00,
    0x00, 0x00, 0x00, 0x00, 0x00,
    0x00, 0x00, 0x00, 0x00, 0x00,
    0x00, 0x00, 0x00, 0x00, 0x00,
    0x00, 0x00, 0x00, 0x00, 0x00,
    0x00, 0x00, 0x00, 0x00, 0x00,
    0x00, 0x00, 0x00, 0x00, 0x00,
    0x00, 0x00, 0x00, 0x00, 0x00,
    0x00, 0x00, 0x00, 0x00, 0x00,
    0x00, 0x00, 0x00, 0x00, 0x00,
    0x00, 0x00, 0x00, 0x00, 0x00,
    0x00, 0x00, 0x00, 0x00, 0x00,
    0x00, 0x00, 0x00, 0x00, 0x00,
    0x00, 0x00, 0x00, 0x00, 0x00,
    0x00, 0x00, 0x00, 0x00, 0x00,
    0x00, 0x00, 0x00, 0x00, 0x00,
    0x00, 0x00, 0x00, 0x00, 0x00,
    0xFF, 0xFF, 0xFF, 0xFF, 0xF0,
    0xFF, 0xFF, 0xFF, 0xFF, 0xF0,
    0xFF, 0xFF, 0xFF, 0xFF, 0xF0,
    0xFF, 0xFF, 0xFF, 0xFF, 0xF0,
    0xFF, 0xFF, 0xFF, 0xFF, 0xF0,
    EFI_HII_GIBT_GLYPH_DEFAULT,
    0x00, 0x00, 0x00, 0x00, 0x00,          // Character: 's' (0x0073)
    0x00, 0x00, 0x00, 0x00, 0x00,
    0x00, 0x00, 0x00, 0x00, 0x00,
    0x00, 0x00, 0x00, 0x00, 0x00,
    0x00, 0x00, 0x00, 0x00, 0x00,
    0x00, 0x00, 0x00, 0x00, 0x00,
    0x00, 0x00, 0x00, 0x00, 0x00,
    0x00, 0x00, 0x00, 0x00, 0x00,
    0x00, 0x00, 0x00, 0x00, 0x00,
    0x00, 0x00, 0x00, 0x00, 0x00,
    0x00, 0x00, 0x00, 0x00, 0x00,
    0x00, 0x00, 0x00, 0x00, 0x00,
    0x00, 0x00, 0x00, 0x00, 0x00,
    0x00, 0x03, 0xFF, 0x00, 0x00,
    0x00, 0x1F, 0xFF, 0xC0, 0x00,
    0x00, 0x3F, 0xFF, 0xC0, 0x00,
    0x00, 0x7E, 0x01, 0xC0, 0x00,
    0x00, 0x00, 0x00, 0x00, 0x00,
    0x00, 0x00, 0x00, 0x00, 0x00,
    0x00, 0x00, 0x00, 0x00, 0x00,
    0x00, 0x00, 0x00, 0x00, 0x00,
    0x00, 0x00, 0x00, 0x00, 0x00,
    0x00, 0x00, 0x00, 0x00, 0x00,
    0x00, 0x00, 0x00, 0x00, 0x00,
    0x00, 0x00, 0x00, 0x00, 0x00,
    0x00, 0x00, 0x00, 0x00, 0x00,
    0x00, 0x00, 0x00, 0x00, 0x00,
    0x00, 0x00, 0x00, 0x00, 0x00,
    0x00, 0x00, 0x00, 0x00, 0x00,
    0x00, 0x00, 0x00, 0x00, 0x00,
    0x00, 0x00, 0x00, 0x00, 0x00,
    0x00, 0x00, 0x00, 0x00, 0x00,
    0x00, 0x00, 0x00, 0x00, 0x00,
    0x00, 0x00, 0x00, 0x00, 0x00,
    0x00, 0x00, 0x00, 0x00, 0x00,
    0x00, 0x00, 0x00, 0x00, 0x00,
    0x00, 0x00, 0x00, 0x00, 0x00,
    0x00, 0x00, 0x00, 0x00, 0x00,
    0x00, 0x00, 0x00, 0x00, 0x00,
    0xFF, 0xFF, 0xFF, 0xFF, 0xF0,
    0xFF, 0xFF, 0xFF, 0xFF, 0xF0,
    0xFF, 0xFF, 0xFF, 0xFF, 0xF0,
    0xFF, 0xFF, 0xFF, 0xFF, 0xF0,
    0xFF, 0xFF, 0xFF, 0xFF, 0xF0,
    EFI_HII_GIBT_GLYPH_DEFAULT,
    0x00, 0x00, 0x00, 0x00, 0x00,          // Character: 't' (0x0074)
    0x00, 0x00, 0x00, 0x00, 0x00,
    0x00, 0x00, 0x00, 0x00, 0x00,
    0x00, 0x00, 0x00, 0x00, 0x00,
    0x00, 0x00, 0x00, 0x00, 0x00,
    0x00, 0x00, 0x00, 0x00, 0x00,
    0x00, 0x00, 0x00, 0x00, 0x00,
    0x00, 0x00, 0x00, 0x00, 0x00,
    0x00, 0x07, 0x80, 0x00, 0x00,
    0x00, 0x07, 0x80, 0x00, 0x00,
    0x00, 0x07, 0x80, 0x00, 0x00,
    0x00, 0x07, 0x80, 0x00, 0x00,
    0x00, 0x07, 0x80, 0x00, 0x00,
    0x03, 0xFF, 0xFF, 0xF0, 0x00,
    0x03, 0xFF, 0xFF, 0xF0, 0x00,
    0x03, 0xFF, 0xFF, 0xF0, 0x00,
    0x00, 0x07, 0x80, 0x00, 0x00,
    0x00, 0x00, 0x00, 0x00, 0x00,
    0x00, 0x00, 0x00, 0x00, 0x00,
    0x00, 0x00, 0x00, 0x00, 0x00,
    0x00, 0x00, 0x00, 0x00, 0x00,
    0x00, 0x00, 0x00, 0x00, 0x00,
    0x00, 0x00, 0x00, 0x00, 0x00,
    0x00, 0x00, 0x00, 0x00, 0x00,
    0x00, 0x00, 0x00, 0x00, 0x00,
    0x00, 0x00, 0x00, 0x00, 0x00,
    0x00, 0x00, 0x00, 0x00, 0x00,
    0x00, 0x00, 0x00, 0x00, 0x00,
    0x00, 0x00, 0x00, 0x00, 0x00,
    0x00, 0x00, 0x00, 0x00, 0x00,
    0x00, 0x00, 0x00, 0x00, 0x00,
    0x00, 0x00, 0x00, 0x00, 0x00,
    0x00, 0x00, 0x00, 0x00, 0x00,
    0x00, 0x00, 0x00, 0x00, 0x00,
    0x00, 0x00, 0x00, 0x00, 0x00,
    0x00, 0x00, 0x00, 0x00, 0x00,
    0x00, 0x00, 0x00, 0x00, 0x00,
    0x00, 0x00, 0x00, 0x00, 0x00,
    0x00, 0x00, 0x00, 0x00, 0x00,
    0xFF, 0xFF, 0xFF, 0xFF, 0xF0,
    0xFF, 0xFF, 0xFF, 0xFF, 0xF0,
    0xFF, 0xFF, 0xFF, 0xFF, 0xF0,
    0xFF, 0xFF, 0xFF, 0xFF, 0xF0,
    0xFF, 0xFF, 0xFF, 0xFF, 0xF0,
    EFI_HII_GIBT_GLYPH_DEFAULT,
    0x01, 0xFF, 0xF8, 0x00, 0x00,          // Character: 'u' (0x0075)
    0x01, 0xFF, 0xF0, 0x00, 0x00,
    0x00, 0x7F, 0x80, 0x00, 0x00,
    0x00, 0x00, 0x00, 0x00, 0x00,
    0x00, 0x00, 0x00, 0x00, 0x00,
    0x00, 0x00, 0x00, 0x00, 0x00,
    0x00, 0x00, 0x00, 0x00, 0x00,
    0x00, 0x00, 0x00, 0x00, 0x00,
    0x00, 0x00, 0x00, 0x00, 0x00,
    0x00, 0x00, 0x00, 0x00, 0x00,
    0x00, 0x00, 0x00, 0x00, 0x00,
    0x00, 0x00, 0x00, 0x00, 0x00,
    0x00, 0x00, 0x00, 0x00, 0x00,
    0x01, 0xF0, 0x01, 0xF0, 0x00,
    0x01, 0xF0, 0x01, 0xF0, 0x00,
    0x01, 0xF0, 0x01, 0xF0, 0x00,
    0x01, 0xF0, 0x01, 0xF0, 0x00,
    0x00, 0x00, 0x00, 0x00, 0x00,
    0x00, 0x00, 0x00, 0x00, 0x00,
    0x00, 0x00, 0x00, 0x00, 0x00,
    0x00, 0x00, 0x00, 0x00, 0x00,
    0x00, 0x00, 0x00, 0x00, 0x00,
    0x00, 0x00, 0x00, 0x00, 0x00,
    0x00, 0x00, 0x00, 0x00, 0x00,
    0x00, 0x00, 0x00, 0x00, 0x00,
    0x00, 0x00, 0x00, 0x00, 0x00,
    0x00, 0x00, 0x00, 0x00, 0x00,
    0x00, 0x00, 0x00, 0x00, 0x00,
    0x00, 0x00, 0x00, 0x00, 0x00,
    0x00, 0x00, 0x00, 0x00, 0x00,
    0x00, 0x00, 0x00, 0x00, 0x00,
    0x00, 0x00, 0x00, 0x00, 0x00,
    0x00, 0x00, 0x00, 0x00, 0x00,
    0x00, 0x00, 0x00, 0x00, 0x00,
    0x00, 0x00, 0x00, 0x00, 0x00,
    0x00, 0x00, 0x00, 0x00, 0x00,
    0x00, 0x00, 0x00, 0x00, 0x00,
    0x00, 0x00, 0x00, 0x00, 0x00,
    0x00, 0x00, 0x00, 0x00, 0x00,
    0xFF, 0xFF, 0xFF, 0xFF, 0xF0,
    0xFF, 0xFF, 0xFF, 0xFF, 0xF0,
    0xFF, 0xFF, 0xFF, 0xFF, 0xF0,
    0xFF, 0xFF, 0xFF, 0xFF, 0xF0,
    0xFF, 0xFF, 0xFF, 0xFF, 0xF0,
    EFI_HII_GIBT_GLYPH_DEFAULT,
    0x00, 0x00, 0x00, 0x00, 0x00,          // Character: 'v' (0x0076)
    0x00, 0x00, 0x00, 0x00, 0x00,
    0x00, 0x00, 0x00, 0x00, 0x00,
    0x00, 0x00, 0x00, 0x00, 0x00,
    0x00, 0x00, 0x00, 0x00, 0x00,
    0x00, 0x00, 0x00, 0x00, 0x00,
    0x00, 0x00, 0x00, 0x00, 0x00,
    0x00, 0x00, 0x00, 0x00, 0x00,
    0x00, 0x00, 0x00, 0x00, 0x00,
    0x00, 0x00, 0x00, 0x00, 0x00,
    0x00, 0x00, 0x00, 0x00, 0x00,
    0x00, 0x00, 0x00, 0x00, 0x00,
    0x00, 0x00, 0x00, 0x00, 0x00,
    0x07, 0x80, 0x00, 0x3C, 0x00,
    0x07, 0xC0, 0x00, 0x3C, 0x00,
    0x03, 0xC0, 0x00, 0x78, 0x00,
    0x03, 0xC0, 0x00, 0x78, 0x00,
    0x00, 0x00, 0x00, 0x00, 0x00,
    0x00, 0x00, 0x00, 0x00, 0x00,
    0x00, 0x00, 0x00, 0x00, 0x00,
    0x00, 0x00, 0x00, 0x00, 0x00,
    0x00, 0x00, 0x00, 0x00, 0x00,
    0x00, 0x00, 0x00, 0x00, 0x00,
    0x00, 0x00, 0x00, 0x00, 0x00,
    0x00, 0x00, 0x00, 0x00, 0x00,
    0x00, 0x00, 0x00, 0x00, 0x00,
    0x00, 0x00, 0x00, 0x00, 0x00,
    0x00, 0x00, 0x00, 0x00, 0x00,
    0x00, 0x00, 0x00, 0x00, 0x00,
    0x00, 0x00, 0x00, 0x00, 0x00,
    0x00, 0x00, 0x00, 0x00, 0x00,
    0x00, 0x00, 0x00, 0x00, 0x00,
    0x00, 0x00, 0x00, 0x00, 0x00,
    0x00, 0x00, 0x00, 0x00, 0x00,
    0x00, 0x00, 0x00, 0x00, 0x00,
    0x00, 0x00, 0x00, 0x00, 0x00,
    0x00, 0x00, 0x00, 0x00, 0x00,
    0x00, 0x00, 0x00, 0x00, 0x00,
    0x00, 0x00, 0x00, 0x00, 0x00,
    0xFF, 0xFF, 0xFF, 0xFF, 0xF0,
    0xFF, 0xFF, 0xFF, 0xFF, 0xC0,
    0xFF, 0xFF, 0xFF, 0xFF, 0x00,
    0xFF, 0xFF, 0xFF, 0xFF, 0xF0,
    0xFF, 0xFF, 0xFF, 0xFF, 0xF0,
    EFI_HII_GIBT_GLYPH_DEFAULT,
    0x00, 0x00, 0x00, 0x00, 0x00,          // Character: 'w' (0x0077)
    0x00, 0x00, 0x00, 0x00, 0x00,
    0x00, 0x00, 0x00, 0x00, 0x00,
    0x00, 0x00, 0x00, 0x00, 0x00,
    0x00, 0x00, 0x00, 0x00, 0x00,
    0x00, 0x00, 0x00, 0x00, 0x00,
    0x00, 0x00, 0x00, 0x00, 0x00,
    0x00, 0x00, 0x00, 0x00, 0x00,
    0x00, 0x00, 0x00, 0x00, 0x00,
    0x00, 0x00, 0x00, 0x00, 0x00,
    0x00, 0x00, 0x00, 0x00, 0x00,
    0x00, 0x00, 0x00, 0x00, 0x00,
    0x00, 0x00, 0x00, 0x00, 0x00,
    0x1F, 0x00, 0x00, 0x0F, 0x00,
    0x0F, 0x00, 0x00, 0x0E, 0x00,
    0x0F, 0x00, 0xF0, 0x0E, 0x00,
    0x0F, 0x01, 0xF0, 0x0E, 0x00,
    0x00, 0x00, 0x00, 0x00, 0x00,
    0x00, 0x00, 0x00, 0x00, 0x00,
    0x00, 0x00, 0x00, 0x00, 0x00,
    0x00, 0x00, 0x00, 0x00, 0x00,
    0x00, 0x00, 0x00, 0x00, 0x00,
    0x00, 0x00, 0x00, 0x00, 0x00,
    0x00, 0x00, 0x00, 0x00, 0x00,
    0x00, 0x00, 0x00, 0x00, 0x00,
    0x00, 0x00, 0x00, 0x00, 0x00,
    0x00, 0x00, 0x00, 0x00, 0x00,
    0x00, 0x00, 0x00, 0x00, 0x00,
    0x00, 0x00, 0x00, 0x00, 0x00,
    0x00, 0x00, 0x00, 0x00, 0x00,
    0x00, 0x00, 0x00, 0x00, 0x00,
    0x00, 0x00, 0x00, 0x00, 0x00,
    0x00, 0x00, 0x00, 0x00, 0x00,
    0x00, 0x00, 0x00, 0x00, 0x00,
    0x00, 0x00, 0x00, 0x00, 0x00,
    0x00, 0x00, 0x00, 0x00, 0x00,
    0x00, 0x00, 0x00, 0x00, 0x00,
    0x00, 0x00, 0x00, 0x00, 0x00,
    0x00, 0x00, 0x00, 0x00, 0x00,
    0xFF, 0xFF, 0xFF, 0xFF, 0xF0,
    0xFF, 0xF3, 0xFC, 0xFC, 0xE0,
    0x7F, 0xE1, 0xF0, 0x30, 0x30,
    0xFF, 0xFF, 0xFF, 0xFF, 0xF0,
    0xFF, 0xFF, 0xFF, 0xFF, 0xF0,
    EFI_HII_GIBT_GLYPH_DEFAULT,
    0xFF, 0xFF, 0xFF, 0xFF, 0xF0,          // Character: 'x' (0x0078)
    0xFF, 0xFF, 0xFF, 0xFF, 0xF0,
    0xFF, 0xFF, 0xFF, 0xFF, 0xF0,
    0xFF, 0xFF, 0xFF, 0xFF, 0xF0,
    0xFF, 0xFF, 0xFF, 0xFF, 0xF0,
    0xFF, 0xFF, 0xFF, 0xFF, 0xF0,
    0xFF, 0xFF, 0xFF, 0xFF, 0xF0,
    0xFF, 0xFF, 0xFF, 0xFF, 0xF0,
    0xFF, 0xFF, 0xFF, 0xFF, 0xF0,
    0xFF, 0xFF, 0xFF, 0xFF, 0xF0,
    0xFF, 0xFF, 0xFF, 0xFF, 0xF0,
    0xFF, 0xFF, 0xFF, 0xFF, 0xF0,
    0xFF, 0xFF, 0xFF, 0xFF, 0xF0,
    0xFF, 0xFF, 0xFF, 0xFF, 0xF0,
    0xFF, 0xFF, 0xFF, 0xFF, 0xF0,
    0xFF, 0xFF, 0xFF, 0xFF, 0xF0,
    0xFF, 0xFF, 0xFF, 0xFF, 0xF0,
    0xFF, 0xFF, 0xFF, 0xFF, 0xF0,
    0xFF, 0xFF, 0xFF, 0xFF, 0xF0,
    0xFF, 0xFF, 0xFF, 0xFF, 0xF0,
    0xFF, 0xFF, 0xFF, 0xFF, 0xF0,
    0xFF, 0xFF, 0xFF, 0xFF, 0xF0,
    0xFF, 0xFF, 0xFF, 0xFF, 0xF0,
    0xFF, 0xFF, 0xFF, 0xFF, 0xF0,
    0xFF, 0xFF, 0xFF, 0xFF, 0xF0,
    0xFF, 0xFF, 0xFF, 0xFF, 0xF0,
    0xFF, 0xFF, 0xFF, 0xFF, 0xF0,
    0xFF, 0xFF, 0xFF, 0xFF, 0xF0,
    0xFF, 0xFF, 0xFF, 0xFF, 0xF0,
    0xFF, 0xFF, 0xFF, 0xFF, 0xF0,
    0xFF, 0xFF, 0xFF, 0xFF, 0xF0,
    0xFF, 0xFF, 0xFF, 0xFF, 0xF0,
    0xFF, 0xFF, 0xFF, 0xFF, 0xF0,
    0xFF, 0xFF, 0xFF, 0xFF, 0xF0,
    0xFF, 0xFF, 0xFF, 0xFF, 0xF0,
    0xFF, 0xFF, 0xFF, 0xFF, 0xF0,
    0xFF, 0xFF, 0xFF, 0xFF, 0xF0,
    0xFF, 0xFF, 0xFF, 0xFF, 0xF0,
    0xFF, 0xFF, 0xFF, 0xFF, 0xF0,
    0xFF, 0xFF, 0xFF, 0xFF, 0xF0,
    0xFF, 0xFF, 0xFF, 0xFF, 0xF0,
    0xFF, 0xFF, 0xFF, 0xFF, 0xF0,
    0xFF, 0xFF, 0xFF, 0xFF, 0xF0,
    0xFF, 0xFF, 0xFF, 0xFF, 0xF0,
    EFI_HII_GIBT_GLYPH_DEFAULT,
    0xFF, 0xFF, 0xFF, 0xFF, 0xF0,          // Character: 'y' (0x0079)
    0xFF, 0xFF, 0xFF, 0xFF, 0xF0,
    0xFF, 0xFF, 0xFF, 0xFF, 0xF0,
    0xFF, 0xFF, 0xFF, 0xFF, 0xF0,
    0xFF, 0xFF, 0xFF, 0xFF, 0xF0,
    0xFF, 0xFF, 0xFF, 0xFF, 0xF0,
    0xFF, 0xFF, 0xFF, 0xFF, 0xF0,
    0xFF, 0xFF, 0xFF, 0xFF, 0xF0,
    0xFF, 0xFF, 0xFF, 0xFF, 0xF0,
    0xFF, 0xFF, 0xFF, 0xFF, 0xF0,
    0xFF, 0xFF, 0xFF, 0xFF, 0xF0,
    0xFF, 0xFF, 0xFF, 0xFF, 0xF0,
    0xFF, 0xFF, 0xFF, 0xFF, 0xF0,
    0xFF, 0xFF, 0xFF, 0xFF, 0xF0,
    0xFF, 0xFF, 0xFF, 0xFF, 0xF0,
    0xFF, 0xFF, 0xFF, 0xFF, 0xF0,
    0xFF, 0xFF, 0xFF, 0xFF, 0xF0,
    0xFF, 0xFF, 0xFF, 0xFF, 0xF0,
    0xFF, 0xFF, 0xFF, 0xFF, 0xF0,
    0xFF, 0xFF, 0xFF, 0xFF, 0xF0,
    0xFF, 0xFF, 0xFF, 0xFF, 0xF0,
    0xFF, 0xFF, 0xFF, 0xFF, 0xF0,
    0xFF, 0xFF, 0xFF, 0xFF, 0xF0,
    0xFF, 0xFF, 0xFF, 0xFF, 0xF0,
    0xFF, 0xFF, 0xFF, 0xFF, 0xF0,
    0xFF, 0xFF, 0xFF, 0xFF, 0xF0,
    0xFF, 0xFF, 0xFF, 0xFF, 0xF0,
    0xFF, 0xFF, 0xFF, 0xFF, 0xF0,
    0xFF, 0xFF, 0xFF, 0xFF, 0xF0,
    0xFF, 0xFF, 0xFF, 0xFF, 0xF0,
    0xFF, 0xFF, 0xFF, 0xFF, 0xF0,
    0xFF, 0xFF, 0xFF, 0xFF, 0xF0,
    0xFF, 0xFF, 0xFF, 0xFF, 0xF0,
    0xFF, 0xFF, 0xFF, 0xFF, 0xF0,
    0xFF, 0xFF, 0xFF, 0xFF, 0xF0,
    0xFF, 0xFF, 0xFF, 0xFF, 0xF0,
    0xFF, 0xFF, 0xFF, 0xFF, 0xF0,
    0xFF, 0xFF, 0xFF, 0xFF, 0xF0,
    0xFF, 0xFF, 0xFF, 0xFF, 0xF0,
    0xFF, 0xFF, 0xFF, 0xFF, 0xF0,
    0xFF, 0xFF, 0xFF, 0xFF, 0xF0,
    0xFF, 0xFF, 0xFF, 0xFF, 0xF0,
    0xFF, 0xFF, 0xFF, 0xFF, 0xF0,
    0xFF, 0xFF, 0xFF, 0xFF, 0xF0,
    EFI_HII_GIBT_GLYPH_DEFAULT,
    0xFF, 0xFF, 0xFF, 0xFF, 0xF0,          // Character: 'z' (0x007A)
    0xFF, 0xFF, 0xFF, 0xFF, 0xF0,
    0xFF, 0xFF, 0xFF, 0xFF, 0xF0,
    0xFF, 0xFF, 0xFF, 0xFF, 0xF0,
    0xFF, 0xFF, 0xFF, 0xFF, 0xF0,
    0xFF, 0xFF, 0xFF, 0xFF, 0xF0,
    0xFF, 0xFF, 0xFF, 0xFF, 0xF0,
    0xFF, 0xFF, 0xFF, 0xFF, 0xF0,
    0xFF, 0xFF, 0xFF, 0xFF, 0xF0,
    0xFF, 0xFF, 0xFF, 0xFF, 0xF0,
    0xFF, 0xFF, 0xFF, 0xFF, 0xF0,
    0xFF, 0xFF, 0xFF, 0xFF, 0xF0,
    0xFF, 0xFF, 0xFF, 0xFF, 0xF0,
    0xFF, 0xFF, 0xFF, 0xFF, 0xF0,
    0xFF, 0xFF, 0xFF, 0xFF, 0xF0,
    0xFF, 0xFF, 0xFF, 0xFF, 0xF0,
    0xFF, 0xFF, 0xFF, 0xFF, 0xF0,
    0xFF, 0xFF, 0xFF, 0xFF, 0xF0,
    0xFF, 0xFF, 0xFF, 0xFF, 0xF0,
    0xFF, 0xFF, 0xFF, 0xFF, 0xF0,
    0xFF, 0xFF, 0xFF, 0xFF, 0xF0,
    0xFF, 0xFF, 0xFF, 0xFF, 0xF0,
    0xFF, 0xFF, 0xFF, 0xFF, 0xF0,
    0xFF, 0xFF, 0xFF, 0xFF, 0xF0,
    0xFF, 0xFF, 0xFF, 0xFF, 0xF0,
    0xFF, 0xFF, 0xFF, 0xFF, 0xF0,
    0xFF, 0xFF, 0xFF, 0xFF, 0xF0,
    0xFF, 0xFF, 0xFF, 0xFF, 0xF0,
    0xFF, 0xFF, 0xFF, 0xFF, 0xF0,
    0xFF, 0xFF, 0xFF, 0xFF, 0xF0,
    0xFF, 0xFF, 0xFF, 0xFF, 0xF0,
    0xFF, 0xFF, 0xFF, 0xFF, 0xF0,
    0xFF, 0xFF, 0xFF, 0xFF, 0xF0,
    0xFF, 0xFF, 0xFF, 0xFF, 0xF0,
    0xFF, 0xFF, 0xFF, 0xFF, 0xF0,
    0xFF, 0xFF, 0xFF, 0xFF, 0xF0,
    0xFF, 0xFF, 0xFF, 0xFF, 0xF0,
    0xFF, 0xFF, 0xFF, 0xFF, 0xF0,
    0xFF, 0xFF, 0xFF, 0xFF, 0xF0,
    0xFF, 0xFF, 0xFF, 0xFF, 0xF0,
    0xFF, 0xFF, 0xFF, 0xFF, 0xF0,
    0xFF, 0xFF, 0xFF, 0xFF, 0xF0,
    0xFF, 0xFF, 0xFF, 0xFF, 0xF0,
    0xFF, 0xFF, 0xFF, 0xFF, 0xF0,
    EFI_HII_GIBT_GLYPH_DEFAULT,
    0xFF, 0xFF, 0xFF, 0xFF, 0xF0,          // Character: '{' (0x007B)
    0xFF, 0xFF, 0xFF, 0xFF, 0xF0,
    0xFF, 0xFF, 0xFF, 0xFF, 0xF0,
    0xFF, 0xFF, 0xFF, 0xFF, 0xF0,
    0xFF, 0xFF, 0xFF, 0xFF, 0xF0,
    0xFF, 0xFF, 0xFF, 0xFF, 0xF0,
    0xFF, 0xFF, 0xFF, 0xFF, 0xF0,
    0xFF, 0xFF, 0xFF, 0xFF, 0xF0,
    0xFF, 0xFF, 0xFF, 0xFF, 0xF0,
    0xFF, 0xFF, 0xFF, 0xFF, 0xF0,
    0xFF, 0xFF, 0xFF, 0xFF, 0xF0,
    0xFF, 0xFF, 0xFF, 0xFF, 0xF0,
    0xFF, 0xFF, 0xFF, 0xFF, 0xF0,
    0xFF, 0xFF, 0xFF, 0xFF, 0xF0,
    0xFF, 0xFF, 0xFF, 0xFF, 0xF0,
    0xFF, 0xFF, 0xFF, 0xFF, 0xF0,
    0xFF, 0xFF, 0xFF, 0xFF, 0xF0,
    0xFF, 0xFF, 0xFF, 0xFF, 0xF0,
    0xFF, 0xFF, 0xFF, 0xFF, 0xF0,
    0xFF, 0xFF, 0xFF, 0xFF, 0xF0,
    0xFF, 0xFF, 0xFF, 0xFF, 0xF0,
    0xFF, 0xFF, 0xFF, 0xFF, 0xF0,
    0xFF, 0xFF, 0xFF, 0xFF, 0xF0,
    0xFF, 0xFF, 0xFF, 0xFF, 0xF0,
    0xFF, 0xFF, 0xFF, 0xFF, 0xF0,
    0xFF, 0xFF, 0xFF, 0xFF, 0xF0,
    0xFF, 0xFF, 0xFF, 0xFF, 0xF0,
    0xFF, 0xFF, 0xFF, 0xFF, 0xF0,
    0xFF, 0xFF, 0xFF, 0xFF, 0xF0,
    0xFF, 0xFF, 0xFF, 0xFF, 0xF0,
    0xFF, 0xFF, 0xFF, 0xFF, 0xF0,
    0xFF, 0xFF, 0xFF, 0xFF, 0xF0,
    0xFF, 0xFF, 0xFF, 0xFF, 0xF0,
    0xFF, 0xFF, 0xFF, 0xFF, 0xF0,
    0xFF, 0xFF, 0xFF, 0xFF, 0xF0,
    0xFF, 0xFF, 0xFF, 0xFF, 0xF0,
    0xFF, 0xFF, 0xFF, 0xFF, 0xF0,
    0xFF, 0xFF, 0xFF, 0xFF, 0xF0,
    0xFF, 0xFF, 0xFF, 0xFF, 0xF0,
    0xFF, 0xFF, 0xFF, 0xFF, 0xF0,
    0xFF, 0xFF, 0xFF, 0xFF, 0xF0,
    0xFF, 0xFF, 0xFF, 0xFF, 0xF0,
    0xFF, 0xFF, 0xFF, 0xFF, 0xF0,
    0xFF, 0xFF, 0xFF, 0xFF, 0xF0,
    EFI_HII_GIBT_GLYPH_DEFAULT,
    0xFF, 0xFF, 0xFF, 0xFF, 0xF0,          // Character: '|' (0x007C)
    0xFF, 0xFF, 0xFF, 0xFF, 0xF0,
    0xFF, 0xFF, 0xFF, 0xFF, 0xF0,
    0xFF, 0xFF, 0xFF, 0xFF, 0xF0,
    0xFF, 0xFF, 0xFF, 0xFF, 0xF0,
    0xFF, 0xFF, 0xFF, 0xFF, 0xF0,
    0xFF, 0xFF, 0xFF, 0xFF, 0xF0,
    0xFF, 0xFF, 0xFF, 0xFF, 0xF0,
    0xFF, 0xFF, 0xFF, 0xFF, 0xF0,
    0xFF, 0xFF, 0xFF, 0xFF, 0xF0,
    0xFF, 0xFF, 0xFF, 0xFF, 0xF0,
    0xFF, 0xFF, 0xFF, 0xFF, 0xF0,
    0xFF, 0xFF, 0xFF, 0xFF, 0xF0,
    0xFF, 0xFF, 0xFF, 0xFF, 0xF0,
    0xFF, 0xFF, 0xFF, 0xFF, 0xF0,
    0xFF, 0xFF, 0xFF, 0xFF, 0xF0,
    0xFF, 0xFF, 0xFF, 0xFF, 0xF0,
    0xFF, 0xFF, 0xFF, 0xFF, 0xF0,
    0xFF, 0xFF, 0xFF, 0xFF, 0xF0,
    0xFF, 0xFF, 0xFF, 0xFF, 0xF0,
    0xFF, 0xFF, 0xFF, 0xFF, 0xF0,
    0xFF, 0xFF, 0xFF, 0xFF, 0xF0,
    0xFF, 0xFF, 0xFF, 0xFF, 0xF0,
    0xFF, 0xFF, 0xFF, 0xFF, 0xF0,
    0xFF, 0xFF, 0xFF, 0xFF, 0xF0,
    0xFF, 0xFF, 0xFF, 0xFF, 0xF0,
    0xFF, 0xFF, 0xFF, 0xFF, 0xF0,
    0xFF, 0xFF, 0xFF, 0xFF, 0xF0,
    0xFF, 0xFF, 0xFF, 0xFF, 0xF0,
    0xFF, 0xFF, 0xFF, 0xFF, 0xF0,
    0xFF, 0xFF, 0xFF, 0xFF, 0xF0,
    0xFF, 0xFF, 0xFF, 0xFF, 0xF0,
    0xFF, 0xFF, 0xFF, 0xFF, 0xF0,
    0xFF, 0xFF, 0xFF, 0xFF, 0xF0,
    0xFF, 0xFF, 0xFF, 0xFF, 0xF0,
    0xFF, 0xFF, 0xFF, 0xFF, 0xF0,
    0xFF, 0xFF, 0xFF, 0xFF, 0xF0,
    0xFF, 0xFF, 0xFF, 0xFF, 0xF0,
    0xFF, 0xFF, 0xFF, 0xFF, 0xF0,
    0xFF, 0xFF, 0xFF, 0xFF, 0xF0,
    0xFF, 0xFF, 0xFF, 0xFF, 0xF0,
    0xFF, 0xFF, 0xFF, 0xFF, 0xF0,
    0xFF, 0xFF, 0xFF, 0xFF, 0xF0,
    0xFF, 0xFF, 0xFF, 0xFF, 0xF0,
    EFI_HII_GIBT_GLYPH_DEFAULT,
    0xFF, 0xFF, 0xFF, 0xFF, 0xF0,          // Character: '}' (0x007D)
    0xFF, 0xFF, 0xFF, 0xFF, 0xF0,
    0xFF, 0xFF, 0xFF, 0xFF, 0xF0,
    0xFF, 0xFF, 0xFF, 0xFF, 0xF0,
    0xFF, 0xFF, 0xFF, 0xFF, 0xF0,
    0xFF, 0xFF, 0xFF, 0xFF, 0xF0,
    0xFF, 0xFF, 0xFF, 0xFF, 0xF0,
    0xFF, 0xFF, 0xFF, 0xFF, 0xF0,
    0xFF, 0xFF, 0xFF, 0xFF, 0xF0,
    0xFF, 0xFF, 0xFF, 0xFF, 0xF0,
    0xFF, 0xFF, 0xFF, 0xFF, 0xF0,
    0xFF, 0xFF, 0xFF, 0xFF, 0xF0,
    0xFF, 0xFF, 0xFF, 0xFF, 0xF0,
    0xFF, 0xFF, 0xFF, 0xFF, 0xF0,
    0xFF, 0xFF, 0xFF, 0xFF, 0xF0,
    0xFF, 0xFF, 0xFF, 0xFF, 0xF0,
    0xFF, 0xFF, 0xFF, 0xFF, 0xF0,
    0xFF, 0xFF, 0xFF, 0xFF, 0xF0,
    0xFF, 0xFF, 0xFF, 0xFF, 0xF0,
    0xFF, 0xFF, 0xFF, 0xFF, 0xF0,
    0xFF, 0xFF, 0xFF, 0xFF, 0xF0,
    0xFF, 0xFF, 0xFF, 0xFF, 0xF0,
    0xFF, 0xFF, 0xFF, 0xFF, 0xF0,
    0xFF, 0xFF, 0xFF, 0xFF, 0xF0,
    0xFF, 0xFF, 0xFF, 0xFF, 0xF0,
    0xFF, 0xFF, 0xFF, 0xFF, 0xF0,
    0xFF, 0xFF, 0xFF, 0xFF, 0xF0,
    0xFF, 0xFF, 0xFF, 0xFF, 0xF0,
    0xFF, 0xFF, 0xFF, 0xFF, 0xF0,
    0xFF, 0xFF, 0xFF, 0xFF, 0xF0,
    0xFF, 0xFF, 0xFF, 0xFF, 0xF0,
    0xFF, 0xFF, 0xFF, 0xFF, 0xF0,
    0xFF, 0xFF, 0xFF, 0xFF, 0xF0,
    0xFF, 0xFF, 0xFF, 0xFF, 0xF0,
    0xFF, 0xFF, 0xFF, 0xFF, 0xF0,
    0xFF, 0xFF, 0xFF, 0xFF, 0xF0,
    0xFF, 0xFF, 0xFF, 0xFF, 0xF0,
    0xFF, 0xFF, 0xFF, 0xFF, 0xF0,
    0xFF, 0xFF, 0xFF, 0xFF, 0xF0,
    0xFF, 0xFF, 0xFF, 0xFF, 0xF0,
    0xFF, 0xFF, 0xFF, 0xFF, 0xF0,
    0xFF, 0xFF, 0xFF, 0xFF, 0xF0,
    0xFF, 0xFF, 0xFF, 0xFF, 0xF0,
    0xFF, 0xFF, 0xFF, 0xFF, 0xF0,
    EFI_HII_GIBT_GLYPH_DEFAULT,
    0xFF, 0xFF, 0xFF, 0xFF, 0xF0,          // Character: '~' (0x007E)
    0xFF, 0xFF, 0xFF, 0xFF, 0xF0,
    0xFF, 0xFF, 0xFF, 0xFF, 0xF0,
    0xFF, 0xFF, 0xFF, 0xFF, 0xF0,
    0xFF, 0xFF, 0xFF, 0xFF, 0xF0,
    0xFF, 0xFF, 0xFF, 0xFF, 0xF0,
    0xFF, 0xFF, 0xFF, 0xFF, 0xF0,
    0xFF, 0xFF, 0xFF, 0xFF, 0xF0,
    0xFF, 0xFF, 0xFF, 0xFF, 0xF0,
    0xFF, 0xFF, 0xFF, 0xFF, 0xF0,
    0xFF, 0xFF, 0xFF, 0xFF, 0xF0,
    0xFF, 0xFF, 0xFF, 0xFF, 0xF0,
    0xFF, 0xFF, 0xFF, 0xFF, 0xF0,
    0xFF, 0xFF, 0xFF, 0xFF, 0xF0,
    0xFF, 0xFF, 0xFF, 0xFF, 0xF0,
    0xFF, 0xFF, 0xFF, 0xFF, 0xF0,
    0xFF, 0xFF, 0xFF, 0xFF, 0xF0,
    0xFF, 0xFF, 0xFF, 0xFF, 0xF0,
    0xFF, 0xFF, 0xFF, 0xFF, 0xF0,
    0xFF, 0xFF, 0xFF, 0xFF, 0xF0,
    0xFF, 0xFF, 0xFF, 0xFF, 0xF0,
    0xFF, 0xFF, 0xFF, 0xFF, 0xF0,
    0xFF, 0xFF, 0xFF, 0xFF, 0xF0,
    0xFF, 0xFF, 0xFF, 0xFF, 0xF0,
    0xFF, 0xFF, 0xFF, 0xFF, 0xF0,
    0xFF, 0xFF, 0xFF, 0xFF, 0xF0,
    0xFF, 0xFF, 0xFF, 0xFF, 0xF0,
    0xFF, 0xFF, 0xFF, 0xFF, 0xF0,
    0xFF, 0xFF, 0xFF, 0xFF, 0xF0,
    0xFF, 0xFF, 0xFF, 0xFF, 0xF0,
    0xFF, 0xFF, 0xFF, 0xFF, 0xF0,
    0xFF, 0xFF, 0xFF, 0xFF, 0xF0,
    0xFF, 0xFF, 0xFF, 0xFF, 0xF0,
    0xFF, 0xFF, 0xFF, 0xFF, 0xF0,
    0xFF, 0xFF, 0xFF, 0xFF, 0xF0,
    0xFF, 0xFF, 0xFF, 0xFF, 0xF0,
    0xFF, 0xFF, 0xFF, 0xFF, 0xF0,
    0xFF, 0xFF, 0xFF, 0xFF, 0xF0,
    0xFF, 0xFF, 0xFF, 0xFF, 0xF0,
    0xFF, 0xFF, 0xFF, 0xFF, 0xF0,
    0xFF, 0xFF, 0xFF, 0xFF, 0xF0,
    0xFF, 0xFF, 0xFF, 0xFF, 0xF0,
    0xFF, 0xFF, 0xFF, 0xFF, 0xF0,
    0xFF, 0xFF, 0xFF, 0xFF, 0xF0,
    EFI_HII_GIBT_SKIP2,                    // Skip 8099 Unicode characters.
    0xA3,
    0x1F,
    EFI_HII_GIBT_GLYPH_DEFAULT,
    0xFF, 0xFF, 0xFF, 0xFF, 0xF0,          // Character: '•' (0x2022)
    0xFF, 0xFF, 0xFF, 0xFF, 0xF0,
    0xFF, 0xFF, 0xFF, 0xFF, 0xF0,
    0xFF, 0xFF, 0xFF, 0xFF, 0xF0,
    0xFF, 0xFF, 0xFF, 0xFF, 0xF0,
    0xFF, 0xFF, 0xFF, 0xFF, 0xF0,
    0xFF, 0xFF, 0xFF, 0xFF, 0xF0,
    0xFF, 0xFF, 0xFF, 0xFF, 0xF0,
    0xFF, 0xFF, 0xFF, 0xFF, 0xF0,
    0xFF, 0xFF, 0xFF, 0xFF, 0xF0,
    0xFF, 0xFF, 0xFF, 0xFF, 0xF0,
    0xFF, 0xFF, 0xFF, 0xFF, 0xF0,
    0xFF, 0xFF, 0xFF, 0xFF, 0xF0,
    0xFF, 0xFF, 0xFF, 0xFF, 0xF0,
    0xFF, 0xFF, 0xFF, 0xFF, 0xF0,
    0xFF, 0xFF, 0xFF, 0xFF, 0xF0,
    0xFF, 0xFF, 0xFF, 0xFF, 0xF0,
    0xFF, 0xFF, 0xFF, 0xFF, 0xF0,
    0xFF, 0xFF, 0xFF, 0xFF, 0xF0,
    0xFF, 0xFF, 0xFF, 0xFF, 0xF0,
    0xFF, 0xFF, 0xFF, 0xFF, 0xF0,
    0xFF, 0xFF, 0xFF, 0xFF, 0xF0,
    0xFF, 0xFF, 0xFF, 0xFF, 0xF0,
    0xFF, 0xFF, 0xFF, 0xFF, 0xF0,
    0xFF, 0xFF, 0xFF, 0xFF, 0xF0,
    0xFF, 0xFF, 0xFF, 0xFF, 0xF0,
    0xFF, 0xFF, 0xFF, 0xFF, 0xF0,
    0xFF, 0xFF, 0xFF, 0xFF, 0xF0,
    0xFF, 0xFF, 0xFF, 0xFF, 0xF0,
    0xFF, 0xFF, 0xFF, 0xFF, 0xF0,
    0xFF, 0xFF, 0xFF, 0xFF, 0xF0,
    0xFF, 0xFF, 0xFF, 0xFF, 0xF0,
    0xFF, 0xFF, 0xFF, 0xFF, 0xF0,
    0xFF, 0xFF, 0xFF, 0xFF, 0xF0,
    0xFF, 0xFF, 0xFF, 0xFF, 0xF0,
    0xFF, 0xFF, 0xFF, 0xFF, 0xF0,
    0xFF, 0xFF, 0xFF, 0xFF, 0xF0,
    0xFF, 0xFF, 0xFF, 0xFF, 0xF0,
    0xFF, 0xFF, 0xFF, 0xFF, 0xF0,
    0xFF, 0xFF, 0xFF, 0xFF, 0xF0,
    0xFF, 0xFF, 0xFF, 0xFF, 0xF0,
    0xFF, 0xFF, 0xFF, 0xFF, 0xF0,
    0xFF, 0xFF, 0xFF, 0xFF, 0xF0,
    0xFF, 0xFF, 0xFF, 0xFF, 0xF0,
    EFI_HII_GIBT_SKIP2,                    // Skip 49380 Unicode characters.
    0xE4,
    0xC0,
    EFI_HII_GIBT_GLYPH_DEFAULT,
    0xFF, 0xFF, 0xFF, 0xFF, 0xF0,          // Character: '?' (0xE107)
    0xFF, 0xFF, 0xFF, 0xFF, 0xF0,
    0xFF, 0xFF, 0xFF, 0xFF, 0xF0,
    0xFF, 0xFF, 0xFF, 0xFF, 0xF0,
    0xFF, 0xFF, 0xFF, 0xFF, 0xF0,
    0xFF, 0xFF, 0xFF, 0xFF, 0xF0,
    0xFF, 0xFF, 0xFF, 0xFF, 0xF0,
    0xFF, 0xFF, 0xFF, 0xFF, 0xF0,
    0xFF, 0xFF, 0xFF, 0xFF, 0xF0,
    0xFF, 0xFF, 0xFF, 0xFF, 0xF0,
    0xFF, 0xFF, 0xFF, 0xFF, 0xF0,
    0xFF, 0xFF, 0xFF, 0xFF, 0xF0,
    0xF9, 0xCF, 0xFF, 0xFC, 0x30,
    0xF8, 0x8F, 0xFB, 0xF9, 0x90,
    0xF8, 0x0E, 0x39, 0xF9, 0x90,
    0xF8, 0x0E, 0x3C, 0xF9, 0xF0,
    0xF9, 0x4F, 0xFE, 0x7C, 0x70,
    0xF9, 0xCF, 0xFF, 0x3F, 0x30,
    0xF9, 0xCE, 0x3F, 0x99, 0x90,
    0xF9, 0xCE, 0x3F, 0xC9, 0x90,
    0xF9, 0xCF, 0xFF, 0xEC, 0x30,
    0xFF, 0xFF, 0xFF, 0xFF, 0xF0,
    0xFF, 0xFF, 0xFF, 0xFF, 0xF0,
    0xFF, 0xFF, 0xFF, 0xFF, 0xF0,
    0xFF, 0xFF, 0xFF, 0xFF, 0xF0,
    0xFF, 0xFF, 0xFF, 0xFF, 0xF0,
    0xFF, 0xFF, 0xFF, 0xFF, 0xF0,
    0xFF, 0xFF, 0xFF, 0xFF, 0xF0,
    0xFF, 0xFF, 0xFF, 0xFF, 0xF0,
    0xFF, 0xFF, 0xFF, 0xFF, 0xF0,
    0xFF, 0xFF, 0xFF, 0xFF, 0xF0,
    0xFF, 0xFF, 0xFF, 0xFF, 0xF0,
    0xFF, 0xFF, 0xFF, 0xFF, 0xF0,
    0xFF, 0xFF, 0xFF, 0xFF, 0xF0,
    0xFF, 0xFF, 0xFF, 0xFF, 0xF0,
    0xFF, 0xFF, 0xFF, 0xFF, 0xF0,
    0xF9, 0xCF, 0xFF, 0xFC, 0x30,
    0xF8, 0x8F, 0xFB, 0xF9, 0x90,
    0xF8, 0x0E, 0x39, 0xF9, 0x90,
    0xF8, 0x0E, 0x3C, 0xF9, 0xF0,
    0xF9, 0x4F, 0xFE, 0x7C, 0x70,
    0xF9, 0xCF, 0xFF, 0x3F, 0x30,
    0xF9, 0xCE, 0x3F, 0x99, 0x90,
    0xF9, 0xCE, 0x3F, 0xC9, 0x90,
    EFI_HII_GIBT_END            // Glyph list terminator.
};

